runId,condition,test,category,detail,report,reportSha256,responseSha256
i04-matrix-replication__generation_s__boundaries__r1,generation_s__boundaries,rejectsNegativeScore,input_rejection_policy,AssertionError: Invalid record was accepted by storeRun.,.local/iterations/i04-matrix-replication/runs/i04-matrix-replication__generation_s__boundaries__r1/submission-1/evaluation/report.json,58921da938042cb068ac0991a557a8c0ffd865d42cc8cacb8c35a34bae6db04b,ec18e2d444cf786ff8972ce6291c59074aa29f594437f218a2cc10a23f85ff10
i04-matrix-replication__generation_s__boundaries__r1,generation_s__boundaries,rejectsNegativeTime,input_rejection_policy,AssertionError: Invalid record was accepted by storeRun.,.local/iterations/i04-matrix-replication/runs/i04-matrix-replication__generation_s__boundaries__r1/submission-1/evaluation/report.json,58921da938042cb068ac0991a557a8c0ffd865d42cc8cacb8c35a34bae6db04b,ec18e2d444cf786ff8972ce6291c59074aa29f594437f218a2cc10a23f85ff10
i04-matrix-replication__generation_s__boundaries__r1,generation_s__boundaries,rejectsNullName,input_rejection_policy,AssertionError: Invalid record was accepted by storeRun.,.local/iterations/i04-matrix-replication/runs/i04-matrix-replication__generation_s__boundaries__r1/submission-1/evaluation/report.json,58921da938042cb068ac0991a557a8c0ffd865d42cc8cacb8c35a34bae6db04b,ec18e2d444cf786ff8972ce6291c59074aa29f594437f218a2cc10a23f85ff10
i04-matrix-replication__generation_s__boundaries__r1,generation_s__boundaries,rejectsBlankName,input_rejection_policy,AssertionError: Invalid record was accepted by storeRun.,.local/iterations/i04-matrix-replication/runs/i04-matrix-replication__generation_s__boundaries__r1/submission-1/evaluation/report.json,58921da938042cb068ac0991a557a8c0ffd865d42cc8cacb8c35a34bae6db04b,ec18e2d444cf786ff8972ce6291c59074aa29f594437f218a2cc10a23f85ff10
i04-matrix-replication__generation_s__boundaries__r1,generation_s__boundaries,rejectsExcessiveName,input_rejection_policy,AssertionError: Invalid record was accepted by storeRun.,.local/iterations/i04-matrix-replication/runs/i04-matrix-replication__generation_s__boundaries__r1/submission-1/evaluation/report.json,58921da938042cb068ac0991a557a8c0ffd865d42cc8cacb8c35a34bae6db04b,ec18e2d444cf786ff8972ce6291c59074aa29f594437f218a2cc10a23f85ff10
i04-matrix-replication__generation_s__boundaries__r1,generation_s__boundaries,oversizedPhysicalLine,observed_heap_exhaustion,OutOfMemoryError: Java heap space,.local/iterations/i04-matrix-replication/runs/i04-matrix-replication__generation_s__boundaries__r1/submission-1/evaluation/report.json,58921da938042cb068ac0991a557a8c0ffd865d42cc8cacb8c35a34bae6db04b,ec18e2d444cf786ff8972ce6291c59074aa29f594437f218a2cc10a23f85ff10
i04-matrix-replication__generation_sfb__requirements__r1,generation_sfb__requirements,rejectsNegativeScore,input_rejection_policy,AssertionError: Invalid record was accepted by storeRun.,.local/iterations/i04-matrix-replication/runs/i04-matrix-replication__generation_sfb__requirements__r1/submission-3/evaluation/report.json,8678695fbd36aedc05fde7a784c91b0e4ef1032d3a43eabe53f68ff2da3295fa,0a36efb84d79f3db2ef86cbb773732f959e17ebe2e2a58df411ae64fdfa0b2cc
i04-matrix-replication__reuse_b__overview__r1,reuse_b__overview,rejectsNegativeScore,input_rejection_policy,AssertionError: Invalid record was accepted by storeRun.,.local/iterations/i04-matrix-replication/runs/i04-matrix-replication__reuse_b__overview__r1/submission-3/evaluation/report.json,8e369fdce900a2e74a1cb74ce9494407bc0255d4ea44c90ab5fe7db7d5fc654b,fd61b77309b555450827070955136b8439f20c8be769ac6cdc502a8e00e4cc95
i04-matrix-replication__reuse_b__overview__r1,reuse_b__overview,rejectsNegativeTime,input_rejection_policy,AssertionError: Invalid record was accepted by storeRun.,.local/iterations/i04-matrix-replication/runs/i04-matrix-replication__reuse_b__overview__r1/submission-3/evaluation/report.json,8e369fdce900a2e74a1cb74ce9494407bc0255d4ea44c90ab5fe7db7d5fc654b,fd61b77309b555450827070955136b8439f20c8be769ac6cdc502a8e00e4cc95
i04-matrix-replication__reuse_b__overview__r1,reuse_b__overview,rejectsNullName,input_rejection_policy,AssertionError: Invalid record was accepted by storeRun.,.local/iterations/i04-matrix-replication/runs/i04-matrix-replication__reuse_b__overview__r1/submission-3/evaluation/report.json,8e369fdce900a2e74a1cb74ce9494407bc0255d4ea44c90ab5fe7db7d5fc654b,fd61b77309b555450827070955136b8439f20c8be769ac6cdc502a8e00e4cc95
i04-matrix-replication__reuse_b__overview__r1,reuse_b__overview,rejectsBlankName,input_rejection_policy,AssertionError: Invalid record was accepted by storeRun.,.local/iterations/i04-matrix-replication/runs/i04-matrix-replication__reuse_b__overview__r1/submission-3/evaluation/report.json,8e369fdce900a2e74a1cb74ce9494407bc0255d4ea44c90ab5fe7db7d5fc654b,fd61b77309b555450827070955136b8439f20c8be769ac6cdc502a8e00e4cc95
i04-matrix-replication__reuse_b__overview__r1,reuse_b__overview,rejectsExcessiveName,input_rejection_policy,AssertionError: Invalid record was accepted by storeRun.,.local/iterations/i04-matrix-replication/runs/i04-matrix-replication__reuse_b__overview__r1/submission-3/evaluation/report.json,8e369fdce900a2e74a1cb74ce9494407bc0255d4ea44c90ab5fe7db7d5fc654b,fd61b77309b555450827070955136b8439f20c8be769ac6cdc502a8e00e4cc95
i04-matrix-replication__reuse_b__overview__r1,reuse_b__overview,boundsRetainedEntries,retention_threshold,AssertionError: More than 100 entries retained.,.local/iterations/i04-matrix-replication/runs/i04-matrix-replication__reuse_b__overview__r1/submission-3/evaluation/report.json,8e369fdce900a2e74a1cb74ce9494407bc0255d4ea44c90ab5fe7db7d5fc654b,fd61b77309b555450827070955136b8439f20c8be769ac6cdc502a8e00e4cc95
i04-matrix-replication__reuse_b__overview__r1,reuse_b__overview,oversizedPhysicalLine,observed_heap_exhaustion,OutOfMemoryError: Java heap space,.local/iterations/i04-matrix-replication/runs/i04-matrix-replication__reuse_b__overview__r1/submission-3/evaluation/report.json,8e369fdce900a2e74a1cb74ce9494407bc0255d4ea44c90ab5fe7db7d5fc654b,fd61b77309b555450827070955136b8439f20c8be769ac6cdc502a8e00e4cc95
i04-matrix-replication__reuse_sb__overview__r1,reuse_sb__overview,rejectsNegativeScore,input_rejection_policy,AssertionError: Invalid record was accepted by storeRun.,.local/iterations/i04-matrix-replication/runs/i04-matrix-replication__reuse_sb__overview__r1/submission-1/evaluation/report.json,aa16403f410ccac39eb417de873d38cb900bf63b3ca3d86e352218a853df5172,8031961f76e5e7840d81b98174bfe5692375694b9f06a5976cd7e0c7afeb57a5
i04-matrix-replication__reuse_sb__overview__r1,reuse_sb__overview,rejectsNegativeTime,input_rejection_policy,AssertionError: Invalid record was accepted by storeRun.,.local/iterations/i04-matrix-replication/runs/i04-matrix-replication__reuse_sb__overview__r1/submission-1/evaluation/report.json,aa16403f410ccac39eb417de873d38cb900bf63b3ca3d86e352218a853df5172,8031961f76e5e7840d81b98174bfe5692375694b9f06a5976cd7e0c7afeb57a5
i04-matrix-replication__reuse_sb__overview__r1,reuse_sb__overview,rejectsNullName,input_rejection_policy,AssertionError: Invalid record was accepted by storeRun.,.local/iterations/i04-matrix-replication/runs/i04-matrix-replication__reuse_sb__overview__r1/submission-1/evaluation/report.json,aa16403f410ccac39eb417de873d38cb900bf63b3ca3d86e352218a853df5172,8031961f76e5e7840d81b98174bfe5692375694b9f06a5976cd7e0c7afeb57a5
i04-matrix-replication__reuse_sb__overview__r1,reuse_sb__overview,rejectsBlankName,input_rejection_policy,AssertionError: Invalid record was accepted by storeRun.,.local/iterations/i04-matrix-replication/runs/i04-matrix-replication__reuse_sb__overview__r1/submission-1/evaluation/report.json,aa16403f410ccac39eb417de873d38cb900bf63b3ca3d86e352218a853df5172,8031961f76e5e7840d81b98174bfe5692375694b9f06a5976cd7e0c7afeb57a5
i04-matrix-replication__reuse_sb__overview__r1,reuse_sb__overview,rejectsExcessiveName,input_rejection_policy,AssertionError: Invalid record was accepted by storeRun.,.local/iterations/i04-matrix-replication/runs/i04-matrix-replication__reuse_sb__overview__r1/submission-1/evaluation/report.json,aa16403f410ccac39eb417de873d38cb900bf63b3ca3d86e352218a853df5172,8031961f76e5e7840d81b98174bfe5692375694b9f06a5976cd7e0c7afeb57a5
i04-matrix-replication__reuse_sb__overview__r1,reuse_sb__overview,boundsRetainedEntries,retention_threshold,AssertionError: More than 100 entries retained.,.local/iterations/i04-matrix-replication/runs/i04-matrix-replication__reuse_sb__overview__r1/submission-1/evaluation/report.json,aa16403f410ccac39eb417de873d38cb900bf63b3ca3d86e352218a853df5172,8031961f76e5e7840d81b98174bfe5692375694b9f06a5976cd7e0c7afeb57a5
i04-matrix-replication__reuse_b__boundaries__r1,reuse_b__boundaries,rejectsBlankName,input_rejection_policy,AssertionError: Invalid record was accepted by storeRun.,.local/iterations/i04-matrix-replication/runs/i04-matrix-replication__reuse_b__boundaries__r1/submission-3/evaluation/report.json,b3f8f8094ef7169b7f4fb4b36a2564c34ab469040289a9cfd4056b98c82a215d,84af5735f828d0057e6babeb3468e0043a9941f32d904a744956aa512fac5ceb
i04-matrix-replication__reuse_b__boundaries__r1,reuse_b__boundaries,rejectsExcessiveName,input_rejection_policy,AssertionError: Invalid record was accepted by storeRun.,.local/iterations/i04-matrix-replication/runs/i04-matrix-replication__reuse_b__boundaries__r1/submission-3/evaluation/report.json,b3f8f8094ef7169b7f4fb4b36a2564c34ab469040289a9cfd4056b98c82a215d,84af5735f828d0057e6babeb3468e0043a9941f32d904a744956aa512fac5ceb
i04-matrix-replication__reuse_sb__none__r1,reuse_sb__none,rejectsNegativeScore,input_rejection_policy,AssertionError: Invalid record was accepted by storeRun.,.local/iterations/i04-matrix-replication/runs/i04-matrix-replication__reuse_sb__none__r1/submission-2/evaluation/report.json,30d2ae45dce6793c868742990fc62c2022fbd704abe65f52965b4ce7708d28f7,76a6513e19117064f23a2eab63c085c3b1cc970a4bdc8805d9d9b762550a9401
i04-matrix-replication__reuse_sb__none__r1,reuse_sb__none,rejectsNegativeTime,input_rejection_policy,AssertionError: Invalid record was accepted by storeRun.,.local/iterations/i04-matrix-replication/runs/i04-matrix-replication__reuse_sb__none__r1/submission-2/evaluation/report.json,30d2ae45dce6793c868742990fc62c2022fbd704abe65f52965b4ce7708d28f7,76a6513e19117064f23a2eab63c085c3b1cc970a4bdc8805d9d9b762550a9401
i04-matrix-replication__reuse_sb__none__r1,reuse_sb__none,rejectsNullName,input_rejection_policy,AssertionError: Invalid record was accepted by storeRun.,.local/iterations/i04-matrix-replication/runs/i04-matrix-replication__reuse_sb__none__r1/submission-2/evaluation/report.json,30d2ae45dce6793c868742990fc62c2022fbd704abe65f52965b4ce7708d28f7,76a6513e19117064f23a2eab63c085c3b1cc970a4bdc8805d9d9b762550a9401
i04-matrix-replication__reuse_sb__none__r1,reuse_sb__none,rejectsBlankName,input_rejection_policy,AssertionError: Invalid record was accepted by storeRun.,.local/iterations/i04-matrix-replication/runs/i04-matrix-replication__reuse_sb__none__r1/submission-2/evaluation/report.json,30d2ae45dce6793c868742990fc62c2022fbd704abe65f52965b4ce7708d28f7,76a6513e19117064f23a2eab63c085c3b1cc970a4bdc8805d9d9b762550a9401
i04-matrix-replication__reuse_sb__none__r1,reuse_sb__none,rejectsExcessiveName,input_rejection_policy,AssertionError: Invalid record was accepted by storeRun.,.local/iterations/i04-matrix-replication/runs/i04-matrix-replication__reuse_sb__none__r1/submission-2/evaluation/report.json,30d2ae45dce6793c868742990fc62c2022fbd704abe65f52965b4ce7708d28f7,76a6513e19117064f23a2eab63c085c3b1cc970a4bdc8805d9d9b762550a9401
i04-matrix-replication__reuse_sb__none__r1,reuse_sb__none,oversizedPhysicalLine,observed_heap_exhaustion,OutOfMemoryError: Java heap space,.local/iterations/i04-matrix-replication/runs/i04-matrix-replication__reuse_sb__none__r1/submission-2/evaluation/report.json,30d2ae45dce6793c868742990fc62c2022fbd704abe65f52965b4ce7708d28f7,76a6513e19117064f23a2eab63c085c3b1cc970a4bdc8805d9d9b762550a9401
i04-matrix-replication__reuse_sb__none__r1,reuse_sb__none,largePersistedRecordSet,observed_heap_exhaustion,OutOfMemoryError: Java heap space,.local/iterations/i04-matrix-replication/runs/i04-matrix-replication__reuse_sb__none__r1/submission-2/evaluation/report.json,30d2ae45dce6793c868742990fc62c2022fbd704abe65f52965b4ce7708d28f7,76a6513e19117064f23a2eab63c085c3b1cc970a4bdc8805d9d9b762550a9401
i04-matrix-replication__generation_s__overview__r1,generation_s__overview,rejectsNegativeScore,input_rejection_policy,AssertionError: Invalid record was accepted by storeRun.,.local/iterations/i04-matrix-replication/runs/i04-matrix-replication__generation_s__overview__r1/submission-1/evaluation/report.json,7e692fcd14c202739e441a7c7bff6ea29eb49ae09dc3f32f20949490f9b4a61d,0ddb28c8822ba72d2a2b491b1a03c9d28c30727c96b6af5beff219ed8538e785
i04-matrix-replication__generation_s__overview__r1,generation_s__overview,rejectsNegativeTime,input_rejection_policy,AssertionError: Invalid record was accepted by storeRun.,.local/iterations/i04-matrix-replication/runs/i04-matrix-replication__generation_s__overview__r1/submission-1/evaluation/report.json,7e692fcd14c202739e441a7c7bff6ea29eb49ae09dc3f32f20949490f9b4a61d,0ddb28c8822ba72d2a2b491b1a03c9d28c30727c96b6af5beff219ed8538e785
i04-matrix-replication__generation_s__overview__r1,generation_s__overview,rejectsNullName,input_rejection_policy,AssertionError: Invalid record was accepted by storeRun.,.local/iterations/i04-matrix-replication/runs/i04-matrix-replication__generation_s__overview__r1/submission-1/evaluation/report.json,7e692fcd14c202739e441a7c7bff6ea29eb49ae09dc3f32f20949490f9b4a61d,0ddb28c8822ba72d2a2b491b1a03c9d28c30727c96b6af5beff219ed8538e785
i04-matrix-replication__generation_s__overview__r1,generation_s__overview,rejectsBlankName,input_rejection_policy,AssertionError: Invalid record was accepted by storeRun.,.local/iterations/i04-matrix-replication/runs/i04-matrix-replication__generation_s__overview__r1/submission-1/evaluation/report.json,7e692fcd14c202739e441a7c7bff6ea29eb49ae09dc3f32f20949490f9b4a61d,0ddb28c8822ba72d2a2b491b1a03c9d28c30727c96b6af5beff219ed8538e785
i04-matrix-replication__generation_s__overview__r1,generation_s__overview,rejectsExcessiveName,input_rejection_policy,AssertionError: Invalid record was accepted by storeRun.,.local/iterations/i04-matrix-replication/runs/i04-matrix-replication__generation_s__overview__r1/submission-1/evaluation/report.json,7e692fcd14c202739e441a7c7bff6ea29eb49ae09dc3f32f20949490f9b4a61d,0ddb28c8822ba72d2a2b491b1a03c9d28c30727c96b6af5beff219ed8538e785
i04-matrix-replication__generation_s__overview__r1,generation_s__overview,boundsRetainedEntries,retention_threshold,AssertionError: More than 100 entries retained.,.local/iterations/i04-matrix-replication/runs/i04-matrix-replication__generation_s__overview__r1/submission-1/evaluation/report.json,7e692fcd14c202739e441a7c7bff6ea29eb49ae09dc3f32f20949490f9b4a61d,0ddb28c8822ba72d2a2b491b1a03c9d28c30727c96b6af5beff219ed8538e785
i04-matrix-replication__generation_s__overview__r1,generation_s__overview,oversizedPhysicalLine,observed_heap_exhaustion,OutOfMemoryError: Java heap space,.local/iterations/i04-matrix-replication/runs/i04-matrix-replication__generation_s__overview__r1/submission-1/evaluation/report.json,7e692fcd14c202739e441a7c7bff6ea29eb49ae09dc3f32f20949490f9b4a61d,0ddb28c8822ba72d2a2b491b1a03c9d28c30727c96b6af5beff219ed8538e785
i04-matrix-replication__reuse_b__none__r1,reuse_b__none,rejectsNegativeScore,input_rejection_policy,AssertionError: Invalid record was accepted by storeRun.,.local/iterations/i04-matrix-replication/runs/i04-matrix-replication__reuse_b__none__r1/submission-2/evaluation/report.json,6b01445befa6d532d0c32c9ce4b020b9a550cadbb02188cceb98880446812831,96a986a3e96e58409cf6d0266bbb0a656707e0fa1115ba59c4c6f651862d1ced
i04-matrix-replication__reuse_b__none__r1,reuse_b__none,rejectsNegativeTime,input_rejection_policy,AssertionError: Invalid record was accepted by storeRun.,.local/iterations/i04-matrix-replication/runs/i04-matrix-replication__reuse_b__none__r1/submission-2/evaluation/report.json,6b01445befa6d532d0c32c9ce4b020b9a550cadbb02188cceb98880446812831,96a986a3e96e58409cf6d0266bbb0a656707e0fa1115ba59c4c6f651862d1ced
i04-matrix-replication__reuse_b__none__r1,reuse_b__none,rejectsNullName,input_rejection_policy,AssertionError: Invalid record was accepted by storeRun.,.local/iterations/i04-matrix-replication/runs/i04-matrix-replication__reuse_b__none__r1/submission-2/evaluation/report.json,6b01445befa6d532d0c32c9ce4b020b9a550cadbb02188cceb98880446812831,96a986a3e96e58409cf6d0266bbb0a656707e0fa1115ba59c4c6f651862d1ced
i04-matrix-replication__reuse_b__none__r1,reuse_b__none,rejectsBlankName,input_rejection_policy,AssertionError: Invalid record was accepted by storeRun.,.local/iterations/i04-matrix-replication/runs/i04-matrix-replication__reuse_b__none__r1/submission-2/evaluation/report.json,6b01445befa6d532d0c32c9ce4b020b9a550cadbb02188cceb98880446812831,96a986a3e96e58409cf6d0266bbb0a656707e0fa1115ba59c4c6f651862d1ced
i04-matrix-replication__reuse_b__none__r1,reuse_b__none,rejectsExcessiveName,input_rejection_policy,AssertionError: Invalid record was accepted by storeRun.,.local/iterations/i04-matrix-replication/runs/i04-matrix-replication__reuse_b__none__r1/submission-2/evaluation/report.json,6b01445befa6d532d0c32c9ce4b020b9a550cadbb02188cceb98880446812831,96a986a3e96e58409cf6d0266bbb0a656707e0fa1115ba59c4c6f651862d1ced
i04-matrix-replication__reuse_b__none__r1,reuse_b__none,boundsRetainedEntries,retention_threshold,AssertionError: More than 100 entries retained.,.local/iterations/i04-matrix-replication/runs/i04-matrix-replication__reuse_b__none__r1/submission-2/evaluation/report.json,6b01445befa6d532d0c32c9ce4b020b9a550cadbb02188cceb98880446812831,96a986a3e96e58409cf6d0266bbb0a656707e0fa1115ba59c4c6f651862d1ced
i04-matrix-replication__reuse_b__none__r1,reuse_b__none,oversizedPhysicalLine,observed_heap_exhaustion,OutOfMemoryError: Java heap space,.local/iterations/i04-matrix-replication/runs/i04-matrix-replication__reuse_b__none__r1/submission-2/evaluation/report.json,6b01445befa6d532d0c32c9ce4b020b9a550cadbb02188cceb98880446812831,96a986a3e96e58409cf6d0266bbb0a656707e0fa1115ba59c4c6f651862d1ced
i04-matrix-replication__reuse_sb__boundaries__r1,reuse_sb__boundaries,rejectsNegativeScore,input_rejection_policy,AssertionError: Invalid record was accepted by storeRun.,.local/iterations/i04-matrix-replication/runs/i04-matrix-replication__reuse_sb__boundaries__r1/submission-2/evaluation/report.json,044930373bcd966910ac89e2b4b0d1f9ea368072db5d528d0400715000701f36,5164e084f2cb4de1ae8e9749d82e27e4b45791a41c938aa903c8ce2dff897991
i04-matrix-replication__reuse_sb__boundaries__r1,reuse_sb__boundaries,rejectsNegativeTime,input_rejection_policy,AssertionError: Invalid record was accepted by storeRun.,.local/iterations/i04-matrix-replication/runs/i04-matrix-replication__reuse_sb__boundaries__r1/submission-2/evaluation/report.json,044930373bcd966910ac89e2b4b0d1f9ea368072db5d528d0400715000701f36,5164e084f2cb4de1ae8e9749d82e27e4b45791a41c938aa903c8ce2dff897991
i04-matrix-replication__reuse_sb__boundaries__r1,reuse_sb__boundaries,rejectsNullName,input_rejection_policy,AssertionError: Invalid record was accepted by storeRun.,.local/iterations/i04-matrix-replication/runs/i04-matrix-replication__reuse_sb__boundaries__r1/submission-2/evaluation/report.json,044930373bcd966910ac89e2b4b0d1f9ea368072db5d528d0400715000701f36,5164e084f2cb4de1ae8e9749d82e27e4b45791a41c938aa903c8ce2dff897991
i04-matrix-replication__reuse_sb__boundaries__r1,reuse_sb__boundaries,rejectsBlankName,input_rejection_policy,AssertionError: Invalid record was accepted by storeRun.,.local/iterations/i04-matrix-replication/runs/i04-matrix-replication__reuse_sb__boundaries__r1/submission-2/evaluation/report.json,044930373bcd966910ac89e2b4b0d1f9ea368072db5d528d0400715000701f36,5164e084f2cb4de1ae8e9749d82e27e4b45791a41c938aa903c8ce2dff897991
i04-matrix-replication__reuse_sb__boundaries__r1,reuse_sb__boundaries,rejectsExcessiveName,input_rejection_policy,AssertionError: Invalid record was accepted by storeRun.,.local/iterations/i04-matrix-replication/runs/i04-matrix-replication__reuse_sb__boundaries__r1/submission-2/evaluation/report.json,044930373bcd966910ac89e2b4b0d1f9ea368072db5d528d0400715000701f36,5164e084f2cb4de1ae8e9749d82e27e4b45791a41c938aa903c8ce2dff897991
i04-matrix-replication__generation_sfb__none__r1,generation_sfb__none,rejectsNegativeScore,input_rejection_policy,AssertionError: Invalid record was accepted by storeRun.,.local/iterations/i04-matrix-replication/runs/i04-matrix-replication__generation_sfb__none__r1/submission-1/evaluation/report.json,5a3acdee0cab141a698775d57884c1fabd2a17c02577a4c1ff48d5cac90691d2,c9f556f518ecbdd411173af21d8563920c1fc5e407e7f8f45702484e69a02780
i04-matrix-replication__generation_sfb__none__r1,generation_sfb__none,rejectsNegativeTime,input_rejection_policy,AssertionError: Invalid record was accepted by storeRun.,.local/iterations/i04-matrix-replication/runs/i04-matrix-replication__generation_sfb__none__r1/submission-1/evaluation/report.json,5a3acdee0cab141a698775d57884c1fabd2a17c02577a4c1ff48d5cac90691d2,c9f556f518ecbdd411173af21d8563920c1fc5e407e7f8f45702484e69a02780
i04-matrix-replication__generation_sfb__none__r1,generation_sfb__none,rejectsExcessiveName,input_rejection_policy,AssertionError: Invalid record was accepted by storeRun.,.local/iterations/i04-matrix-replication/runs/i04-matrix-replication__generation_sfb__none__r1/submission-1/evaluation/report.json,5a3acdee0cab141a698775d57884c1fabd2a17c02577a4c1ff48d5cac90691d2,c9f556f518ecbdd411173af21d8563920c1fc5e407e7f8f45702484e69a02780
i04-matrix-replication__generation_sfb__none__r1,generation_sfb__none,boundsRetainedEntries,retention_threshold,AssertionError: More than 100 entries retained.,.local/iterations/i04-matrix-replication/runs/i04-matrix-replication__generation_sfb__none__r1/submission-1/evaluation/report.json,5a3acdee0cab141a698775d57884c1fabd2a17c02577a4c1ff48d5cac90691d2,c9f556f518ecbdd411173af21d8563920c1fc5e407e7f8f45702484e69a02780
i04-matrix-replication__generation_sfb__none__r1,generation_sfb__none,oversizedPhysicalLine,observed_heap_exhaustion,OutOfMemoryError: Java heap space,.local/iterations/i04-matrix-replication/runs/i04-matrix-replication__generation_sfb__none__r1/submission-1/evaluation/report.json,5a3acdee0cab141a698775d57884c1fabd2a17c02577a4c1ff48d5cac90691d2,c9f556f518ecbdd411173af21d8563920c1fc5e407e7f8f45702484e69a02780
i04-matrix-replication__generation_sfb__none__r1,generation_sfb__none,largePersistedRecordSet,observed_heap_exhaustion,OutOfMemoryError: Java heap space,.local/iterations/i04-matrix-replication/runs/i04-matrix-replication__generation_sfb__none__r1/submission-1/evaluation/report.json,5a3acdee0cab141a698775d57884c1fabd2a17c02577a4c1ff48d5cac90691d2,c9f556f518ecbdd411173af21d8563920c1fc5e407e7f8f45702484e69a02780
i04-matrix-replication__generation_sfb__boundaries__r1,generation_sfb__boundaries,rejectsNegativeScore,input_rejection_policy,AssertionError: Invalid record was accepted by storeRun.,.local/iterations/i04-matrix-replication/runs/i04-matrix-replication__generation_sfb__boundaries__r1/submission-2/evaluation/report.json,df1b09f22c38aabdc4aa908a2d677ffeaec1f78adaf14cafe990e7c9d8b09282,967899c33fc5b592d84ca1349a3e1123bcdb627ac7265d66146f5c0365abcc1a
i04-matrix-replication__generation_sfb__boundaries__r1,generation_sfb__boundaries,rejectsNegativeTime,input_rejection_policy,AssertionError: Invalid record was accepted by storeRun.,.local/iterations/i04-matrix-replication/runs/i04-matrix-replication__generation_sfb__boundaries__r1/submission-2/evaluation/report.json,df1b09f22c38aabdc4aa908a2d677ffeaec1f78adaf14cafe990e7c9d8b09282,967899c33fc5b592d84ca1349a3e1123bcdb627ac7265d66146f5c0365abcc1a
i04-matrix-replication__generation_sfb__boundaries__r1,generation_sfb__boundaries,rejectsNullName,input_rejection_policy,AssertionError: Invalid record was accepted by storeRun.,.local/iterations/i04-matrix-replication/runs/i04-matrix-replication__generation_sfb__boundaries__r1/submission-2/evaluation/report.json,df1b09f22c38aabdc4aa908a2d677ffeaec1f78adaf14cafe990e7c9d8b09282,967899c33fc5b592d84ca1349a3e1123bcdb627ac7265d66146f5c0365abcc1a
i04-matrix-replication__generation_sfb__boundaries__r1,generation_sfb__boundaries,rejectsBlankName,input_rejection_policy,AssertionError: Invalid record was accepted by storeRun.,.local/iterations/i04-matrix-replication/runs/i04-matrix-replication__generation_sfb__boundaries__r1/submission-2/evaluation/report.json,df1b09f22c38aabdc4aa908a2d677ffeaec1f78adaf14cafe990e7c9d8b09282,967899c33fc5b592d84ca1349a3e1123bcdb627ac7265d66146f5c0365abcc1a
i04-matrix-replication__generation_sfb__boundaries__r1,generation_sfb__boundaries,rejectsExcessiveName,input_rejection_policy,AssertionError: Invalid record was accepted by storeRun.,.local/iterations/i04-matrix-replication/runs/i04-matrix-replication__generation_sfb__boundaries__r1/submission-2/evaluation/report.json,df1b09f22c38aabdc4aa908a2d677ffeaec1f78adaf14cafe990e7c9d8b09282,967899c33fc5b592d84ca1349a3e1123bcdb627ac7265d66146f5c0365abcc1a
i04-matrix-replication__generation_sfb__boundaries__r1,generation_sfb__boundaries,oversizedPhysicalLine,observed_heap_exhaustion,OutOfMemoryError: Java heap space,.local/iterations/i04-matrix-replication/runs/i04-matrix-replication__generation_sfb__boundaries__r1/submission-2/evaluation/report.json,df1b09f22c38aabdc4aa908a2d677ffeaec1f78adaf14cafe990e7c9d8b09282,967899c33fc5b592d84ca1349a3e1123bcdb627ac7265d66146f5c0365abcc1a
i04-matrix-replication__generation_sfb__overview__r1,generation_sfb__overview,rejectsNegativeScore,input_rejection_policy,AssertionError: Invalid record was accepted by storeRun.,.local/iterations/i04-matrix-replication/runs/i04-matrix-replication__generation_sfb__overview__r1/submission-3/evaluation/report.json,1ef6bf94943d3ea1d059408ffbae35921aef3284bf75722161ba8cca8658a6b1,e896755b3ea236563f04f9cf303aec30083283e711f819dd1d2535b5eed9c6a1
i04-matrix-replication__generation_sfb__overview__r1,generation_sfb__overview,rejectsNegativeTime,input_rejection_policy,AssertionError: Invalid record was accepted by storeRun.,.local/iterations/i04-matrix-replication/runs/i04-matrix-replication__generation_sfb__overview__r1/submission-3/evaluation/report.json,1ef6bf94943d3ea1d059408ffbae35921aef3284bf75722161ba8cca8658a6b1,e896755b3ea236563f04f9cf303aec30083283e711f819dd1d2535b5eed9c6a1
i04-matrix-replication__generation_sfb__overview__r1,generation_sfb__overview,rejectsNullName,input_rejection_policy,AssertionError: Invalid record was accepted by storeRun.,.local/iterations/i04-matrix-replication/runs/i04-matrix-replication__generation_sfb__overview__r1/submission-3/evaluation/report.json,1ef6bf94943d3ea1d059408ffbae35921aef3284bf75722161ba8cca8658a6b1,e896755b3ea236563f04f9cf303aec30083283e711f819dd1d2535b5eed9c6a1
i04-matrix-replication__generation_sfb__overview__r1,generation_sfb__overview,rejectsBlankName,input_rejection_policy,AssertionError: Invalid record was accepted by storeRun.,.local/iterations/i04-matrix-replication/runs/i04-matrix-replication__generation_sfb__overview__r1/submission-3/evaluation/report.json,1ef6bf94943d3ea1d059408ffbae35921aef3284bf75722161ba8cca8658a6b1,e896755b3ea236563f04f9cf303aec30083283e711f819dd1d2535b5eed9c6a1
i04-matrix-replication__generation_sfb__overview__r1,generation_sfb__overview,rejectsExcessiveName,input_rejection_policy,AssertionError: Invalid record was accepted by storeRun.,.local/iterations/i04-matrix-replication/runs/i04-matrix-replication__generation_sfb__overview__r1/submission-3/evaluation/report.json,1ef6bf94943d3ea1d059408ffbae35921aef3284bf75722161ba8cca8658a6b1,e896755b3ea236563f04f9cf303aec30083283e711f819dd1d2535b5eed9c6a1
i04-matrix-replication__generation_sfb__overview__r1,generation_sfb__overview,boundsRetainedEntries,retention_threshold,AssertionError: More than 100 entries retained.,.local/iterations/i04-matrix-replication/runs/i04-matrix-replication__generation_sfb__overview__r1/submission-3/evaluation/report.json,1ef6bf94943d3ea1d059408ffbae35921aef3284bf75722161ba8cca8658a6b1,e896755b3ea236563f04f9cf303aec30083283e711f819dd1d2535b5eed9c6a1
i04-matrix-replication__generation_sfb__overview__r1,generation_sfb__overview,oversizedPhysicalLine,observed_heap_exhaustion,OutOfMemoryError: Java heap space,.local/iterations/i04-matrix-replication/runs/i04-matrix-replication__generation_sfb__overview__r1/submission-3/evaluation/report.json,1ef6bf94943d3ea1d059408ffbae35921aef3284bf75722161ba8cca8658a6b1,e896755b3ea236563f04f9cf303aec30083283e711f819dd1d2535b5eed9c6a1
i04-matrix-replication__generation_s__none__r1,generation_s__none,rejectsNegativeScore,input_rejection_policy,AssertionError: Invalid record was accepted by storeRun.,.local/iterations/i04-matrix-replication/runs/i04-matrix-replication__generation_s__none__r1/submission-1/evaluation/report.json,a29685a9ba44e05cce35cd2608fd3fb8696bd6869fe35f89d206f7b7adbe1be0,b4ee3b6498293356b5bfd5e7a69008802998fb698244653c7cbb6887814c8a15
i04-matrix-replication__generation_s__none__r1,generation_s__none,rejectsNegativeTime,input_rejection_policy,AssertionError: Invalid record was accepted by storeRun.,.local/iterations/i04-matrix-replication/runs/i04-matrix-replication__generation_s__none__r1/submission-1/evaluation/report.json,a29685a9ba44e05cce35cd2608fd3fb8696bd6869fe35f89d206f7b7adbe1be0,b4ee3b6498293356b5bfd5e7a69008802998fb698244653c7cbb6887814c8a15
i04-matrix-replication__generation_s__none__r1,generation_s__none,rejectsNullName,input_rejection_policy,AssertionError: Invalid record was accepted by storeRun.,.local/iterations/i04-matrix-replication/runs/i04-matrix-replication__generation_s__none__r1/submission-1/evaluation/report.json,a29685a9ba44e05cce35cd2608fd3fb8696bd6869fe35f89d206f7b7adbe1be0,b4ee3b6498293356b5bfd5e7a69008802998fb698244653c7cbb6887814c8a15
i04-matrix-replication__generation_s__none__r1,generation_s__none,rejectsBlankName,input_rejection_policy,AssertionError: Invalid record was accepted by storeRun.,.local/iterations/i04-matrix-replication/runs/i04-matrix-replication__generation_s__none__r1/submission-1/evaluation/report.json,a29685a9ba44e05cce35cd2608fd3fb8696bd6869fe35f89d206f7b7adbe1be0,b4ee3b6498293356b5bfd5e7a69008802998fb698244653c7cbb6887814c8a15
i04-matrix-replication__generation_s__none__r1,generation_s__none,rejectsExcessiveName,input_rejection_policy,AssertionError: Invalid record was accepted by storeRun.,.local/iterations/i04-matrix-replication/runs/i04-matrix-replication__generation_s__none__r1/submission-1/evaluation/report.json,a29685a9ba44e05cce35cd2608fd3fb8696bd6869fe35f89d206f7b7adbe1be0,b4ee3b6498293356b5bfd5e7a69008802998fb698244653c7cbb6887814c8a15
i04-matrix-replication__generation_s__none__r1,generation_s__none,boundsRetainedEntries,retention_threshold,AssertionError: More than 100 entries retained.,.local/iterations/i04-matrix-replication/runs/i04-matrix-replication__generation_s__none__r1/submission-1/evaluation/report.json,a29685a9ba44e05cce35cd2608fd3fb8696bd6869fe35f89d206f7b7adbe1be0,b4ee3b6498293356b5bfd5e7a69008802998fb698244653c7cbb6887814c8a15
i04-matrix-replication__generation_s__none__r1,generation_s__none,oversizedPhysicalLine,observed_heap_exhaustion,OutOfMemoryError: Java heap space,.local/iterations/i04-matrix-replication/runs/i04-matrix-replication__generation_s__none__r1/submission-1/evaluation/report.json,a29685a9ba44e05cce35cd2608fd3fb8696bd6869fe35f89d206f7b7adbe1be0,b4ee3b6498293356b5bfd5e7a69008802998fb698244653c7cbb6887814c8a15
i04-matrix-replication__generation_s__none__r1,generation_s__none,largePersistedRecordSet,observed_heap_exhaustion,OutOfMemoryError: Java heap space,.local/iterations/i04-matrix-replication/runs/i04-matrix-replication__generation_s__none__r1/submission-1/evaluation/report.json,a29685a9ba44e05cce35cd2608fd3fb8696bd6869fe35f89d206f7b7adbe1be0,b4ee3b6498293356b5bfd5e7a69008802998fb698244653c7cbb6887814c8a15
i04-matrix-replication__generation_s__requirements__r1,generation_s__requirements,rejectsNegativeScore,input_rejection_policy,AssertionError: Invalid record was accepted by storeRun.,.local/iterations/i04-matrix-replication/runs/i04-matrix-replication__generation_s__requirements__r1/submission-3/evaluation/report.json,e3dab75d946d7568c444a9fe45e684dc814cda1d33bd7a2f438fff92da182e30,ac3b0980421ac2e59189eb7a1fb8dcb5a0e575a16214b0b0771863afb575c7e5
i04-matrix-replication__reuse_sb__none__r2,reuse_sb__none,rejectsNegativeScore,input_rejection_policy,AssertionError: Invalid record was accepted by storeRun.,.local/iterations/i04-matrix-replication/runs/i04-matrix-replication__reuse_sb__none__r2/submission-1/evaluation/report.json,f9497d907790bf2446a3e68f8ec7092d1a6d2f7f268642e964598e8c35a3c384,4ce9fa0aacd4d6224b23315f63f0326439c4a190cab9b5cba39b68bfec12c1e6
i04-matrix-replication__reuse_sb__none__r2,reuse_sb__none,rejectsNegativeTime,input_rejection_policy,AssertionError: Invalid record was accepted by storeRun.,.local/iterations/i04-matrix-replication/runs/i04-matrix-replication__reuse_sb__none__r2/submission-1/evaluation/report.json,f9497d907790bf2446a3e68f8ec7092d1a6d2f7f268642e964598e8c35a3c384,4ce9fa0aacd4d6224b23315f63f0326439c4a190cab9b5cba39b68bfec12c1e6
i04-matrix-replication__reuse_sb__none__r2,reuse_sb__none,rejectsNullName,input_rejection_policy,AssertionError: Invalid record was accepted by storeRun.,.local/iterations/i04-matrix-replication/runs/i04-matrix-replication__reuse_sb__none__r2/submission-1/evaluation/report.json,f9497d907790bf2446a3e68f8ec7092d1a6d2f7f268642e964598e8c35a3c384,4ce9fa0aacd4d6224b23315f63f0326439c4a190cab9b5cba39b68bfec12c1e6
i04-matrix-replication__reuse_sb__none__r2,reuse_sb__none,rejectsBlankName,input_rejection_policy,AssertionError: Invalid record was accepted by storeRun.,.local/iterations/i04-matrix-replication/runs/i04-matrix-replication__reuse_sb__none__r2/submission-1/evaluation/report.json,f9497d907790bf2446a3e68f8ec7092d1a6d2f7f268642e964598e8c35a3c384,4ce9fa0aacd4d6224b23315f63f0326439c4a190cab9b5cba39b68bfec12c1e6
i04-matrix-replication__reuse_sb__none__r2,reuse_sb__none,rejectsExcessiveName,input_rejection_policy,AssertionError: Invalid record was accepted by storeRun.,.local/iterations/i04-matrix-replication/runs/i04-matrix-replication__reuse_sb__none__r2/submission-1/evaluation/report.json,f9497d907790bf2446a3e68f8ec7092d1a6d2f7f268642e964598e8c35a3c384,4ce9fa0aacd4d6224b23315f63f0326439c4a190cab9b5cba39b68bfec12c1e6
i04-matrix-replication__reuse_sb__none__r2,reuse_sb__none,oversizedPhysicalLine,observed_heap_exhaustion,OutOfMemoryError: Java heap space,.local/iterations/i04-matrix-replication/runs/i04-matrix-replication__reuse_sb__none__r2/submission-1/evaluation/report.json,f9497d907790bf2446a3e68f8ec7092d1a6d2f7f268642e964598e8c35a3c384,4ce9fa0aacd4d6224b23315f63f0326439c4a190cab9b5cba39b68bfec12c1e6
i04-matrix-replication__generation_s__boundaries__r2,generation_s__boundaries,rejectsNegativeScore,input_rejection_policy,AssertionError: Invalid record was accepted by storeRun.,.local/iterations/i04-matrix-replication/runs/i04-matrix-replication__generation_s__boundaries__r2/submission-1/evaluation/report.json,b9e84f2cfbc70f40006b330f58997a38a8dd95d739c341ec75ae485475ed73fe,e049413b05a7a3d92f70b6dc7c433decb060d874292d4d0a7dfda0159fe4dbc3
i04-matrix-replication__generation_s__boundaries__r2,generation_s__boundaries,rejectsNegativeTime,input_rejection_policy,AssertionError: Invalid record was accepted by storeRun.,.local/iterations/i04-matrix-replication/runs/i04-matrix-replication__generation_s__boundaries__r2/submission-1/evaluation/report.json,b9e84f2cfbc70f40006b330f58997a38a8dd95d739c341ec75ae485475ed73fe,e049413b05a7a3d92f70b6dc7c433decb060d874292d4d0a7dfda0159fe4dbc3
i04-matrix-replication__generation_s__boundaries__r2,generation_s__boundaries,rejectsExcessiveName,input_rejection_policy,AssertionError: Invalid record was accepted by storeRun.,.local/iterations/i04-matrix-replication/runs/i04-matrix-replication__generation_s__boundaries__r2/submission-1/evaluation/report.json,b9e84f2cfbc70f40006b330f58997a38a8dd95d739c341ec75ae485475ed73fe,e049413b05a7a3d92f70b6dc7c433decb060d874292d4d0a7dfda0159fe4dbc3
i04-matrix-replication__generation_s__boundaries__r2,generation_s__boundaries,oversizedPhysicalLine,observed_heap_exhaustion,OutOfMemoryError: Java heap space,.local/iterations/i04-matrix-replication/runs/i04-matrix-replication__generation_s__boundaries__r2/submission-1/evaluation/report.json,b9e84f2cfbc70f40006b330f58997a38a8dd95d739c341ec75ae485475ed73fe,e049413b05a7a3d92f70b6dc7c433decb060d874292d4d0a7dfda0159fe4dbc3
i04-matrix-replication__generation_s__boundaries__r2,generation_s__boundaries,largePersistedRecordSet,observed_heap_exhaustion,OutOfMemoryError: Java heap space,.local/iterations/i04-matrix-replication/runs/i04-matrix-replication__generation_s__boundaries__r2/submission-1/evaluation/report.json,b9e84f2cfbc70f40006b330f58997a38a8dd95d739c341ec75ae485475ed73fe,e049413b05a7a3d92f70b6dc7c433decb060d874292d4d0a7dfda0159fe4dbc3
i04-matrix-replication__generation_s__requirements__r2,generation_s__requirements,rejectsNegativeScore,input_rejection_policy,AssertionError: Invalid record was accepted by storeRun.,.local/iterations/i04-matrix-replication/runs/i04-matrix-replication__generation_s__requirements__r2/submission-1/evaluation/report.json,f7ac18b4c1ec4c2cae11a83d6c51491916c0ee0f5ef6d0c0fed0b51deeabcb0b,d867c0041321a61e02e597e3cb9ef5874bf6b87b17292e9e9ffd30c77bb107e3
i04-matrix-replication__generation_s__requirements__r2,generation_s__requirements,oversizedPhysicalLine,observed_heap_exhaustion,OutOfMemoryError: Java heap space,.local/iterations/i04-matrix-replication/runs/i04-matrix-replication__generation_s__requirements__r2/submission-1/evaluation/report.json,f7ac18b4c1ec4c2cae11a83d6c51491916c0ee0f5ef6d0c0fed0b51deeabcb0b,d867c0041321a61e02e597e3cb9ef5874bf6b87b17292e9e9ffd30c77bb107e3
i04-matrix-replication__reuse_sb__overview__r2,reuse_sb__overview,rejectsNegativeScore,input_rejection_policy,AssertionError: Invalid record was accepted by storeRun.,.local/iterations/i04-matrix-replication/runs/i04-matrix-replication__reuse_sb__overview__r2/submission-1/evaluation/report.json,e924820a3828810e5d367648a5aa42981a7dea0747df0cbf71d54d3a21cec0a4,57cd046f349b1cc2d1f85c2adcd58f09da614fb31641f9a5cfd10ffdbfd83b27
i04-matrix-replication__reuse_sb__overview__r2,reuse_sb__overview,rejectsNegativeTime,input_rejection_policy,AssertionError: Invalid record was accepted by storeRun.,.local/iterations/i04-matrix-replication/runs/i04-matrix-replication__reuse_sb__overview__r2/submission-1/evaluation/report.json,e924820a3828810e5d367648a5aa42981a7dea0747df0cbf71d54d3a21cec0a4,57cd046f349b1cc2d1f85c2adcd58f09da614fb31641f9a5cfd10ffdbfd83b27
i04-matrix-replication__reuse_sb__overview__r2,reuse_sb__overview,rejectsNullName,input_rejection_policy,AssertionError: Invalid record was accepted by storeRun.,.local/iterations/i04-matrix-replication/runs/i04-matrix-replication__reuse_sb__overview__r2/submission-1/evaluation/report.json,e924820a3828810e5d367648a5aa42981a7dea0747df0cbf71d54d3a21cec0a4,57cd046f349b1cc2d1f85c2adcd58f09da614fb31641f9a5cfd10ffdbfd83b27
i04-matrix-replication__reuse_sb__overview__r2,reuse_sb__overview,rejectsBlankName,input_rejection_policy,AssertionError: Invalid record was accepted by storeRun.,.local/iterations/i04-matrix-replication/runs/i04-matrix-replication__reuse_sb__overview__r2/submission-1/evaluation/report.json,e924820a3828810e5d367648a5aa42981a7dea0747df0cbf71d54d3a21cec0a4,57cd046f349b1cc2d1f85c2adcd58f09da614fb31641f9a5cfd10ffdbfd83b27
i04-matrix-replication__reuse_sb__overview__r2,reuse_sb__overview,rejectsExcessiveName,input_rejection_policy,AssertionError: Invalid record was accepted by storeRun.,.local/iterations/i04-matrix-replication/runs/i04-matrix-replication__reuse_sb__overview__r2/submission-1/evaluation/report.json,e924820a3828810e5d367648a5aa42981a7dea0747df0cbf71d54d3a21cec0a4,57cd046f349b1cc2d1f85c2adcd58f09da614fb31641f9a5cfd10ffdbfd83b27
i04-matrix-replication__reuse_sb__overview__r2,reuse_sb__overview,boundsRetainedEntries,retention_threshold,AssertionError: More than 100 entries retained.,.local/iterations/i04-matrix-replication/runs/i04-matrix-replication__reuse_sb__overview__r2/submission-1/evaluation/report.json,e924820a3828810e5d367648a5aa42981a7dea0747df0cbf71d54d3a21cec0a4,57cd046f349b1cc2d1f85c2adcd58f09da614fb31641f9a5cfd10ffdbfd83b27
i04-matrix-replication__reuse_sb__overview__r2,reuse_sb__overview,oversizedPhysicalLine,observed_heap_exhaustion,OutOfMemoryError: Java heap space,.local/iterations/i04-matrix-replication/runs/i04-matrix-replication__reuse_sb__overview__r2/submission-1/evaluation/report.json,e924820a3828810e5d367648a5aa42981a7dea0747df0cbf71d54d3a21cec0a4,57cd046f349b1cc2d1f85c2adcd58f09da614fb31641f9a5cfd10ffdbfd83b27
i04-matrix-replication__reuse_sb__overview__r2,reuse_sb__overview,largePersistedRecordSet,observed_heap_exhaustion,OutOfMemoryError: Java heap space,.local/iterations/i04-matrix-replication/runs/i04-matrix-replication__reuse_sb__overview__r2/submission-1/evaluation/report.json,e924820a3828810e5d367648a5aa42981a7dea0747df0cbf71d54d3a21cec0a4,57cd046f349b1cc2d1f85c2adcd58f09da614fb31641f9a5cfd10ffdbfd83b27
i04-matrix-replication__generation_sfb__none__r2,generation_sfb__none,rejectsNegativeScore,input_rejection_policy,AssertionError: Invalid record was accepted by storeRun.,.local/iterations/i04-matrix-replication/runs/i04-matrix-replication__generation_sfb__none__r2/submission-1/evaluation/report.json,1c7d282b74f67fd0a1f18be1864b842e59ef1d482fbf2d6ff04ffe4287df2a54,7674d82555c83d199b51ece79b30b954eb336aba6e11f9e9ec05cbce9c558fd5
i04-matrix-replication__generation_sfb__none__r2,generation_sfb__none,rejectsNegativeTime,input_rejection_policy,AssertionError: Invalid record was accepted by storeRun.,.local/iterations/i04-matrix-replication/runs/i04-matrix-replication__generation_sfb__none__r2/submission-1/evaluation/report.json,1c7d282b74f67fd0a1f18be1864b842e59ef1d482fbf2d6ff04ffe4287df2a54,7674d82555c83d199b51ece79b30b954eb336aba6e11f9e9ec05cbce9c558fd5
i04-matrix-replication__generation_sfb__none__r2,generation_sfb__none,rejectsNullName,input_rejection_policy,AssertionError: Invalid record was accepted by storeRun.,.local/iterations/i04-matrix-replication/runs/i04-matrix-replication__generation_sfb__none__r2/submission-1/evaluation/report.json,1c7d282b74f67fd0a1f18be1864b842e59ef1d482fbf2d6ff04ffe4287df2a54,7674d82555c83d199b51ece79b30b954eb336aba6e11f9e9ec05cbce9c558fd5
i04-matrix-replication__generation_sfb__none__r2,generation_sfb__none,rejectsBlankName,input_rejection_policy,AssertionError: Invalid record was accepted by storeRun.,.local/iterations/i04-matrix-replication/runs/i04-matrix-replication__generation_sfb__none__r2/submission-1/evaluation/report.json,1c7d282b74f67fd0a1f18be1864b842e59ef1d482fbf2d6ff04ffe4287df2a54,7674d82555c83d199b51ece79b30b954eb336aba6e11f9e9ec05cbce9c558fd5
i04-matrix-replication__generation_sfb__none__r2,generation_sfb__none,rejectsExcessiveName,input_rejection_policy,AssertionError: Invalid record was accepted by storeRun.,.local/iterations/i04-matrix-replication/runs/i04-matrix-replication__generation_sfb__none__r2/submission-1/evaluation/report.json,1c7d282b74f67fd0a1f18be1864b842e59ef1d482fbf2d6ff04ffe4287df2a54,7674d82555c83d199b51ece79b30b954eb336aba6e11f9e9ec05cbce9c558fd5
i04-matrix-replication__generation_sfb__none__r2,generation_sfb__none,oversizedPhysicalLine,observed_heap_exhaustion,OutOfMemoryError: Java heap space,.local/iterations/i04-matrix-replication/runs/i04-matrix-replication__generation_sfb__none__r2/submission-1/evaluation/report.json,1c7d282b74f67fd0a1f18be1864b842e59ef1d482fbf2d6ff04ffe4287df2a54,7674d82555c83d199b51ece79b30b954eb336aba6e11f9e9ec05cbce9c558fd5
i04-matrix-replication__generation_sfb__none__r2,generation_sfb__none,largePersistedRecordSet,observed_heap_exhaustion,OutOfMemoryError: Java heap space,.local/iterations/i04-matrix-replication/runs/i04-matrix-replication__generation_sfb__none__r2/submission-1/evaluation/report.json,1c7d282b74f67fd0a1f18be1864b842e59ef1d482fbf2d6ff04ffe4287df2a54,7674d82555c83d199b51ece79b30b954eb336aba6e11f9e9ec05cbce9c558fd5
i04-matrix-replication__generation_sfb__requirements__r2,generation_sfb__requirements,rejectsNegativeScore,input_rejection_policy,AssertionError: Invalid record was accepted by storeRun.,.local/iterations/i04-matrix-replication/runs/i04-matrix-replication__generation_sfb__requirements__r2/submission-3/evaluation/report.json,a5ed7a0d23cbd6349d9da0cef9ad986c479b868fb2e4268f537890aa5802deb4,d858e3bbabbfa5eccf7b92864e683b982cb4363df4dba7ccd026237a1a0aa9fe
i04-matrix-replication__generation_sfb__requirements__r2,generation_sfb__requirements,oversizedPhysicalLine,observed_heap_exhaustion,OutOfMemoryError: Java heap space,.local/iterations/i04-matrix-replication/runs/i04-matrix-replication__generation_sfb__requirements__r2/submission-3/evaluation/report.json,a5ed7a0d23cbd6349d9da0cef9ad986c479b868fb2e4268f537890aa5802deb4,d858e3bbabbfa5eccf7b92864e683b982cb4363df4dba7ccd026237a1a0aa9fe
i04-matrix-replication__generation_s__none__r2,generation_s__none,rejectsNegativeScore,input_rejection_policy,AssertionError: Invalid record was accepted by storeRun.,.local/iterations/i04-matrix-replication/runs/i04-matrix-replication__generation_s__none__r2/submission-2/evaluation/report.json,954692e7afa2a3ac7516984c345bf92614eb13ee0d46e8b8e7d5b9290f387c49,d62c524559385002e1bc8176c097d782d7f984abf432d824958e16268cea1409
i04-matrix-replication__generation_s__none__r2,generation_s__none,rejectsNegativeTime,input_rejection_policy,AssertionError: Invalid record was accepted by storeRun.,.local/iterations/i04-matrix-replication/runs/i04-matrix-replication__generation_s__none__r2/submission-2/evaluation/report.json,954692e7afa2a3ac7516984c345bf92614eb13ee0d46e8b8e7d5b9290f387c49,d62c524559385002e1bc8176c097d782d7f984abf432d824958e16268cea1409
i04-matrix-replication__generation_s__none__r2,generation_s__none,rejectsNullName,input_rejection_policy,AssertionError: Invalid record was accepted by storeRun.,.local/iterations/i04-matrix-replication/runs/i04-matrix-replication__generation_s__none__r2/submission-2/evaluation/report.json,954692e7afa2a3ac7516984c345bf92614eb13ee0d46e8b8e7d5b9290f387c49,d62c524559385002e1bc8176c097d782d7f984abf432d824958e16268cea1409
i04-matrix-replication__generation_s__none__r2,generation_s__none,rejectsBlankName,input_rejection_policy,AssertionError: Invalid record was accepted by storeRun.,.local/iterations/i04-matrix-replication/runs/i04-matrix-replication__generation_s__none__r2/submission-2/evaluation/report.json,954692e7afa2a3ac7516984c345bf92614eb13ee0d46e8b8e7d5b9290f387c49,d62c524559385002e1bc8176c097d782d7f984abf432d824958e16268cea1409
i04-matrix-replication__generation_s__none__r2,generation_s__none,rejectsExcessiveName,input_rejection_policy,AssertionError: Invalid record was accepted by storeRun.,.local/iterations/i04-matrix-replication/runs/i04-matrix-replication__generation_s__none__r2/submission-2/evaluation/report.json,954692e7afa2a3ac7516984c345bf92614eb13ee0d46e8b8e7d5b9290f387c49,d62c524559385002e1bc8176c097d782d7f984abf432d824958e16268cea1409
i04-matrix-replication__generation_s__none__r2,generation_s__none,oversizedPhysicalLine,observed_heap_exhaustion,OutOfMemoryError: Java heap space,.local/iterations/i04-matrix-replication/runs/i04-matrix-replication__generation_s__none__r2/submission-2/evaluation/report.json,954692e7afa2a3ac7516984c345bf92614eb13ee0d46e8b8e7d5b9290f387c49,d62c524559385002e1bc8176c097d782d7f984abf432d824958e16268cea1409
i04-matrix-replication__generation_s__none__r2,generation_s__none,largePersistedRecordSet,observed_heap_exhaustion,OutOfMemoryError: Java heap space,.local/iterations/i04-matrix-replication/runs/i04-matrix-replication__generation_s__none__r2/submission-2/evaluation/report.json,954692e7afa2a3ac7516984c345bf92614eb13ee0d46e8b8e7d5b9290f387c49,d62c524559385002e1bc8176c097d782d7f984abf432d824958e16268cea1409
i04-matrix-replication__reuse_b__none__r2,reuse_b__none,rejectsNegativeScore,input_rejection_policy,AssertionError: Invalid record was accepted by storeRun.,.local/iterations/i04-matrix-replication/runs/i04-matrix-replication__reuse_b__none__r2/submission-3/evaluation/report.json,00868fabbb230eac3fce7d21907edc4c189e9d154516c048cfd2146ec617cbbb,5c2bf18297841a71ce806a621ca5b1a022213281ca91d59babac22defd7c79ee
i04-matrix-replication__reuse_b__none__r2,reuse_b__none,rejectsNegativeTime,input_rejection_policy,AssertionError: Invalid record was accepted by storeRun.,.local/iterations/i04-matrix-replication/runs/i04-matrix-replication__reuse_b__none__r2/submission-3/evaluation/report.json,00868fabbb230eac3fce7d21907edc4c189e9d154516c048cfd2146ec617cbbb,5c2bf18297841a71ce806a621ca5b1a022213281ca91d59babac22defd7c79ee
i04-matrix-replication__reuse_b__none__r2,reuse_b__none,rejectsNullName,input_rejection_policy,AssertionError: Invalid record was accepted by storeRun.,.local/iterations/i04-matrix-replication/runs/i04-matrix-replication__reuse_b__none__r2/submission-3/evaluation/report.json,00868fabbb230eac3fce7d21907edc4c189e9d154516c048cfd2146ec617cbbb,5c2bf18297841a71ce806a621ca5b1a022213281ca91d59babac22defd7c79ee
i04-matrix-replication__reuse_b__none__r2,reuse_b__none,rejectsBlankName,input_rejection_policy,AssertionError: Invalid record was accepted by storeRun.,.local/iterations/i04-matrix-replication/runs/i04-matrix-replication__reuse_b__none__r2/submission-3/evaluation/report.json,00868fabbb230eac3fce7d21907edc4c189e9d154516c048cfd2146ec617cbbb,5c2bf18297841a71ce806a621ca5b1a022213281ca91d59babac22defd7c79ee
i04-matrix-replication__reuse_b__none__r2,reuse_b__none,rejectsExcessiveName,input_rejection_policy,AssertionError: Invalid record was accepted by storeRun.,.local/iterations/i04-matrix-replication/runs/i04-matrix-replication__reuse_b__none__r2/submission-3/evaluation/report.json,00868fabbb230eac3fce7d21907edc4c189e9d154516c048cfd2146ec617cbbb,5c2bf18297841a71ce806a621ca5b1a022213281ca91d59babac22defd7c79ee
i04-matrix-replication__reuse_b__none__r2,reuse_b__none,boundsRetainedEntries,retention_threshold,AssertionError: More than 100 entries retained.,.local/iterations/i04-matrix-replication/runs/i04-matrix-replication__reuse_b__none__r2/submission-3/evaluation/report.json,00868fabbb230eac3fce7d21907edc4c189e9d154516c048cfd2146ec617cbbb,5c2bf18297841a71ce806a621ca5b1a022213281ca91d59babac22defd7c79ee
i04-matrix-replication__reuse_b__none__r2,reuse_b__none,oversizedPhysicalLine,observed_heap_exhaustion,OutOfMemoryError: Java heap space,.local/iterations/i04-matrix-replication/runs/i04-matrix-replication__reuse_b__none__r2/submission-3/evaluation/report.json,00868fabbb230eac3fce7d21907edc4c189e9d154516c048cfd2146ec617cbbb,5c2bf18297841a71ce806a621ca5b1a022213281ca91d59babac22defd7c79ee
i04-matrix-replication__reuse_b__none__r2,reuse_b__none,largePersistedRecordSet,observed_heap_exhaustion,OutOfMemoryError: Java heap space,.local/iterations/i04-matrix-replication/runs/i04-matrix-replication__reuse_b__none__r2/submission-3/evaluation/report.json,00868fabbb230eac3fce7d21907edc4c189e9d154516c048cfd2146ec617cbbb,5c2bf18297841a71ce806a621ca5b1a022213281ca91d59babac22defd7c79ee
i04-matrix-replication__generation_sfb__boundaries__r2,generation_sfb__boundaries,rejectsNegativeScore,input_rejection_policy,AssertionError: Invalid record was accepted by storeRun.,.local/iterations/i04-matrix-replication/runs/i04-matrix-replication__generation_sfb__boundaries__r2/submission-1/evaluation/report.json,0c3b5edca8dc11a27e277f1b2b98150ae849f285d349c17589f0309a2df3718c,90809d7643f4ccfd299e2c5e533ceca040d025225c226ecb026a5f3e6b99a9c5
i04-matrix-replication__generation_sfb__boundaries__r2,generation_sfb__boundaries,rejectsNegativeTime,input_rejection_policy,AssertionError: Invalid record was accepted by storeRun.,.local/iterations/i04-matrix-replication/runs/i04-matrix-replication__generation_sfb__boundaries__r2/submission-1/evaluation/report.json,0c3b5edca8dc11a27e277f1b2b98150ae849f285d349c17589f0309a2df3718c,90809d7643f4ccfd299e2c5e533ceca040d025225c226ecb026a5f3e6b99a9c5
i04-matrix-replication__generation_sfb__boundaries__r2,generation_sfb__boundaries,rejectsNullName,input_rejection_policy,AssertionError: Invalid record was accepted by storeRun.,.local/iterations/i04-matrix-replication/runs/i04-matrix-replication__generation_sfb__boundaries__r2/submission-1/evaluation/report.json,0c3b5edca8dc11a27e277f1b2b98150ae849f285d349c17589f0309a2df3718c,90809d7643f4ccfd299e2c5e533ceca040d025225c226ecb026a5f3e6b99a9c5
i04-matrix-replication__generation_sfb__boundaries__r2,generation_sfb__boundaries,rejectsBlankName,input_rejection_policy,AssertionError: Invalid record was accepted by storeRun.,.local/iterations/i04-matrix-replication/runs/i04-matrix-replication__generation_sfb__boundaries__r2/submission-1/evaluation/report.json,0c3b5edca8dc11a27e277f1b2b98150ae849f285d349c17589f0309a2df3718c,90809d7643f4ccfd299e2c5e533ceca040d025225c226ecb026a5f3e6b99a9c5
i04-matrix-replication__generation_sfb__boundaries__r2,generation_sfb__boundaries,rejectsExcessiveName,input_rejection_policy,AssertionError: Invalid record was accepted by storeRun.,.local/iterations/i04-matrix-replication/runs/i04-matrix-replication__generation_sfb__boundaries__r2/submission-1/evaluation/report.json,0c3b5edca8dc11a27e277f1b2b98150ae849f285d349c17589f0309a2df3718c,90809d7643f4ccfd299e2c5e533ceca040d025225c226ecb026a5f3e6b99a9c5
i04-matrix-replication__generation_sfb__boundaries__r2,generation_sfb__boundaries,oversizedPhysicalLine,observed_heap_exhaustion,OutOfMemoryError: Java heap space,.local/iterations/i04-matrix-replication/runs/i04-matrix-replication__generation_sfb__boundaries__r2/submission-1/evaluation/report.json,0c3b5edca8dc11a27e277f1b2b98150ae849f285d349c17589f0309a2df3718c,90809d7643f4ccfd299e2c5e533ceca040d025225c226ecb026a5f3e6b99a9c5
i04-matrix-replication__reuse_b__boundaries__r2,reuse_b__boundaries,rejectsNegativeScore,input_rejection_policy,AssertionError: Invalid record was accepted by storeRun.,.local/iterations/i04-matrix-replication/runs/i04-matrix-replication__reuse_b__boundaries__r2/submission-1/evaluation/report.json,60618c15e0dd43390a9b9b2dcc4adf09e0df89b5736628a38f04d83c867070f5,512517a345c0ed133e3dcf573073a826e9fb833d1574cea04378907229c82ef7
i04-matrix-replication__reuse_b__boundaries__r2,reuse_b__boundaries,rejectsNegativeTime,input_rejection_policy,AssertionError: Invalid record was accepted by storeRun.,.local/iterations/i04-matrix-replication/runs/i04-matrix-replication__reuse_b__boundaries__r2/submission-1/evaluation/report.json,60618c15e0dd43390a9b9b2dcc4adf09e0df89b5736628a38f04d83c867070f5,512517a345c0ed133e3dcf573073a826e9fb833d1574cea04378907229c82ef7
i04-matrix-replication__reuse_b__boundaries__r2,reuse_b__boundaries,rejectsNullName,input_rejection_policy,AssertionError: Invalid record was accepted by storeRun.,.local/iterations/i04-matrix-replication/runs/i04-matrix-replication__reuse_b__boundaries__r2/submission-1/evaluation/report.json,60618c15e0dd43390a9b9b2dcc4adf09e0df89b5736628a38f04d83c867070f5,512517a345c0ed133e3dcf573073a826e9fb833d1574cea04378907229c82ef7
i04-matrix-replication__reuse_b__boundaries__r2,reuse_b__boundaries,rejectsBlankName,input_rejection_policy,AssertionError: Invalid record was accepted by storeRun.,.local/iterations/i04-matrix-replication/runs/i04-matrix-replication__reuse_b__boundaries__r2/submission-1/evaluation/report.json,60618c15e0dd43390a9b9b2dcc4adf09e0df89b5736628a38f04d83c867070f5,512517a345c0ed133e3dcf573073a826e9fb833d1574cea04378907229c82ef7
i04-matrix-replication__reuse_b__boundaries__r2,reuse_b__boundaries,rejectsExcessiveName,input_rejection_policy,AssertionError: Invalid record was accepted by storeRun.,.local/iterations/i04-matrix-replication/runs/i04-matrix-replication__reuse_b__boundaries__r2/submission-1/evaluation/report.json,60618c15e0dd43390a9b9b2dcc4adf09e0df89b5736628a38f04d83c867070f5,512517a345c0ed133e3dcf573073a826e9fb833d1574cea04378907229c82ef7
i04-matrix-replication__reuse_b__overview__r2,reuse_b__overview,rejectsNegativeScore,input_rejection_policy,AssertionError: Invalid record was accepted by storeRun.,.local/iterations/i04-matrix-replication/runs/i04-matrix-replication__reuse_b__overview__r2/submission-3/evaluation/report.json,85ca6790b99ebcae0bba8e72f4908a0668ea72b09e2f8532bee927f979526a7c,becfc6f0c83758851f2d83dd7f17a8e9cb3561ce7c15af96851b222f479d34e6
i04-matrix-replication__reuse_b__overview__r2,reuse_b__overview,rejectsNegativeTime,input_rejection_policy,AssertionError: Invalid record was accepted by storeRun.,.local/iterations/i04-matrix-replication/runs/i04-matrix-replication__reuse_b__overview__r2/submission-3/evaluation/report.json,85ca6790b99ebcae0bba8e72f4908a0668ea72b09e2f8532bee927f979526a7c,becfc6f0c83758851f2d83dd7f17a8e9cb3561ce7c15af96851b222f479d34e6
i04-matrix-replication__reuse_b__overview__r2,reuse_b__overview,rejectsNullName,input_rejection_policy,AssertionError: Invalid record was accepted by storeRun.,.local/iterations/i04-matrix-replication/runs/i04-matrix-replication__reuse_b__overview__r2/submission-3/evaluation/report.json,85ca6790b99ebcae0bba8e72f4908a0668ea72b09e2f8532bee927f979526a7c,becfc6f0c83758851f2d83dd7f17a8e9cb3561ce7c15af96851b222f479d34e6
i04-matrix-replication__reuse_b__overview__r2,reuse_b__overview,rejectsBlankName,input_rejection_policy,AssertionError: Invalid record was accepted by storeRun.,.local/iterations/i04-matrix-replication/runs/i04-matrix-replication__reuse_b__overview__r2/submission-3/evaluation/report.json,85ca6790b99ebcae0bba8e72f4908a0668ea72b09e2f8532bee927f979526a7c,becfc6f0c83758851f2d83dd7f17a8e9cb3561ce7c15af96851b222f479d34e6
i04-matrix-replication__reuse_b__overview__r2,reuse_b__overview,rejectsExcessiveName,input_rejection_policy,AssertionError: Invalid record was accepted by storeRun.,.local/iterations/i04-matrix-replication/runs/i04-matrix-replication__reuse_b__overview__r2/submission-3/evaluation/report.json,85ca6790b99ebcae0bba8e72f4908a0668ea72b09e2f8532bee927f979526a7c,becfc6f0c83758851f2d83dd7f17a8e9cb3561ce7c15af96851b222f479d34e6
i04-matrix-replication__reuse_b__overview__r2,reuse_b__overview,boundsRetainedEntries,retention_threshold,AssertionError: More than 100 entries retained.,.local/iterations/i04-matrix-replication/runs/i04-matrix-replication__reuse_b__overview__r2/submission-3/evaluation/report.json,85ca6790b99ebcae0bba8e72f4908a0668ea72b09e2f8532bee927f979526a7c,becfc6f0c83758851f2d83dd7f17a8e9cb3561ce7c15af96851b222f479d34e6
i04-matrix-replication__reuse_b__overview__r2,reuse_b__overview,oversizedPhysicalLine,observed_heap_exhaustion,OutOfMemoryError: Java heap space,.local/iterations/i04-matrix-replication/runs/i04-matrix-replication__reuse_b__overview__r2/submission-3/evaluation/report.json,85ca6790b99ebcae0bba8e72f4908a0668ea72b09e2f8532bee927f979526a7c,becfc6f0c83758851f2d83dd7f17a8e9cb3561ce7c15af96851b222f479d34e6
i04-matrix-replication__generation_sfb__overview__r2,generation_sfb__overview,rejectsNegativeScore,input_rejection_policy,AssertionError: Invalid record was accepted by storeRun.,.local/iterations/i04-matrix-replication/runs/i04-matrix-replication__generation_sfb__overview__r2/submission-2/evaluation/report.json,d22925f440f8ff6adc11e4efd605f62169028551532a9f7d432c0c66f029b719,eda3c09ed1f7a5311829dbfaba44ba2b0e1444d5a719006b43ee2246e8a909cb
i04-matrix-replication__generation_sfb__overview__r2,generation_sfb__overview,rejectsExcessiveName,input_rejection_policy,AssertionError: Invalid record was accepted by storeRun.,.local/iterations/i04-matrix-replication/runs/i04-matrix-replication__generation_sfb__overview__r2/submission-2/evaluation/report.json,d22925f440f8ff6adc11e4efd605f62169028551532a9f7d432c0c66f029b719,eda3c09ed1f7a5311829dbfaba44ba2b0e1444d5a719006b43ee2246e8a909cb
i04-matrix-replication__generation_sfb__overview__r2,generation_sfb__overview,oversizedPhysicalLine,observed_heap_exhaustion,OutOfMemoryError: Java heap space,.local/iterations/i04-matrix-replication/runs/i04-matrix-replication__generation_sfb__overview__r2/submission-2/evaluation/report.json,d22925f440f8ff6adc11e4efd605f62169028551532a9f7d432c0c66f029b719,eda3c09ed1f7a5311829dbfaba44ba2b0e1444d5a719006b43ee2246e8a909cb
i04-matrix-replication__reuse_sb__requirements__r2,reuse_sb__requirements,oversizedPhysicalLine,observed_heap_exhaustion,OutOfMemoryError: Java heap space,.local/iterations/i04-matrix-replication/runs/i04-matrix-replication__reuse_sb__requirements__r2/submission-1/evaluation/report.json,874f427a0a9a74cf910d619b5355ca6690fffb2cd02b99314c775fc997e74be0,2ff1bf643e85f9802c9a2f5fe5c0b1f90aa02c88d4684ca23b97c1a745d6e160
i04-matrix-replication__reuse_sb__boundaries__r2,reuse_sb__boundaries,rejectsNegativeScore,input_rejection_policy,AssertionError: Invalid record was accepted by storeRun.,.local/iterations/i04-matrix-replication/runs/i04-matrix-replication__reuse_sb__boundaries__r2/submission-2/evaluation/report.json,7c1faf6a9d7d1d6a2b1f428a17533637b87fe5a8aa49f7962dac0dada0328582,08da483dd0f8c1020378d4a3c39a1348a339489e753f6d59f6b436ae18a87e74
i04-matrix-replication__generation_s__overview__r2,generation_s__overview,rejectsNegativeScore,input_rejection_policy,AssertionError: Invalid record was accepted by storeRun.,.local/iterations/i04-matrix-replication/runs/i04-matrix-replication__generation_s__overview__r2/submission-1/evaluation/report.json,beef836accc0d858a63c45b64e22c7cd1f946c6c360d6eb5a671b44bbf146b02,934dc35a9769d633d08875b1f0e8671d1503fe02a80f07c95046296a1256fd88
i04-matrix-replication__generation_s__overview__r2,generation_s__overview,rejectsNegativeTime,input_rejection_policy,AssertionError: Invalid record was accepted by storeRun.,.local/iterations/i04-matrix-replication/runs/i04-matrix-replication__generation_s__overview__r2/submission-1/evaluation/report.json,beef836accc0d858a63c45b64e22c7cd1f946c6c360d6eb5a671b44bbf146b02,934dc35a9769d633d08875b1f0e8671d1503fe02a80f07c95046296a1256fd88
i04-matrix-replication__generation_s__overview__r2,generation_s__overview,rejectsNullName,input_rejection_policy,AssertionError: Invalid record was accepted by storeRun.,.local/iterations/i04-matrix-replication/runs/i04-matrix-replication__generation_s__overview__r2/submission-1/evaluation/report.json,beef836accc0d858a63c45b64e22c7cd1f946c6c360d6eb5a671b44bbf146b02,934dc35a9769d633d08875b1f0e8671d1503fe02a80f07c95046296a1256fd88
i04-matrix-replication__generation_s__overview__r2,generation_s__overview,rejectsBlankName,input_rejection_policy,AssertionError: Invalid record was accepted by storeRun.,.local/iterations/i04-matrix-replication/runs/i04-matrix-replication__generation_s__overview__r2/submission-1/evaluation/report.json,beef836accc0d858a63c45b64e22c7cd1f946c6c360d6eb5a671b44bbf146b02,934dc35a9769d633d08875b1f0e8671d1503fe02a80f07c95046296a1256fd88
i04-matrix-replication__generation_s__overview__r2,generation_s__overview,rejectsExcessiveName,input_rejection_policy,AssertionError: Invalid record was accepted by storeRun.,.local/iterations/i04-matrix-replication/runs/i04-matrix-replication__generation_s__overview__r2/submission-1/evaluation/report.json,beef836accc0d858a63c45b64e22c7cd1f946c6c360d6eb5a671b44bbf146b02,934dc35a9769d633d08875b1f0e8671d1503fe02a80f07c95046296a1256fd88
i04-matrix-replication__generation_s__overview__r2,generation_s__overview,oversizedPhysicalLine,observed_heap_exhaustion,OutOfMemoryError: Java heap space,.local/iterations/i04-matrix-replication/runs/i04-matrix-replication__generation_s__overview__r2/submission-1/evaluation/report.json,beef836accc0d858a63c45b64e22c7cd1f946c6c360d6eb5a671b44bbf146b02,934dc35a9769d633d08875b1f0e8671d1503fe02a80f07c95046296a1256fd88
i04-matrix-replication__generation_sfb__boundaries__r3,generation_sfb__boundaries,rejectsNegativeScore,input_rejection_policy,AssertionError: Invalid record was accepted by storeRun.,.local/iterations/i04-matrix-replication/runs/i04-matrix-replication__generation_sfb__boundaries__r3/submission-2/evaluation/report.json,9fb45fd2205372b2a9f9ce9cf805c5ea8e76b2b1a8b90085ac3d5a376d7dd036,08a6f25d0466f60ae4d0e271fcc73b6b999b11ce739d06e2bbda58b1204b7951
i04-matrix-replication__generation_sfb__boundaries__r3,generation_sfb__boundaries,rejectsNegativeTime,input_rejection_policy,AssertionError: Invalid record was accepted by storeRun.,.local/iterations/i04-matrix-replication/runs/i04-matrix-replication__generation_sfb__boundaries__r3/submission-2/evaluation/report.json,9fb45fd2205372b2a9f9ce9cf805c5ea8e76b2b1a8b90085ac3d5a376d7dd036,08a6f25d0466f60ae4d0e271fcc73b6b999b11ce739d06e2bbda58b1204b7951
i04-matrix-replication__generation_sfb__boundaries__r3,generation_sfb__boundaries,rejectsNullName,input_rejection_policy,AssertionError: Invalid record was accepted by storeRun.,.local/iterations/i04-matrix-replication/runs/i04-matrix-replication__generation_sfb__boundaries__r3/submission-2/evaluation/report.json,9fb45fd2205372b2a9f9ce9cf805c5ea8e76b2b1a8b90085ac3d5a376d7dd036,08a6f25d0466f60ae4d0e271fcc73b6b999b11ce739d06e2bbda58b1204b7951
i04-matrix-replication__generation_sfb__boundaries__r3,generation_sfb__boundaries,rejectsBlankName,input_rejection_policy,AssertionError: Invalid record was accepted by storeRun.,.local/iterations/i04-matrix-replication/runs/i04-matrix-replication__generation_sfb__boundaries__r3/submission-2/evaluation/report.json,9fb45fd2205372b2a9f9ce9cf805c5ea8e76b2b1a8b90085ac3d5a376d7dd036,08a6f25d0466f60ae4d0e271fcc73b6b999b11ce739d06e2bbda58b1204b7951
i04-matrix-replication__generation_sfb__boundaries__r3,generation_sfb__boundaries,rejectsExcessiveName,input_rejection_policy,AssertionError: Invalid record was accepted by storeRun.,.local/iterations/i04-matrix-replication/runs/i04-matrix-replication__generation_sfb__boundaries__r3/submission-2/evaluation/report.json,9fb45fd2205372b2a9f9ce9cf805c5ea8e76b2b1a8b90085ac3d5a376d7dd036,08a6f25d0466f60ae4d0e271fcc73b6b999b11ce739d06e2bbda58b1204b7951
i04-matrix-replication__generation_sfb__boundaries__r3,generation_sfb__boundaries,oversizedPhysicalLine,observed_heap_exhaustion,OutOfMemoryError: Java heap space,.local/iterations/i04-matrix-replication/runs/i04-matrix-replication__generation_sfb__boundaries__r3/submission-2/evaluation/report.json,9fb45fd2205372b2a9f9ce9cf805c5ea8e76b2b1a8b90085ac3d5a376d7dd036,08a6f25d0466f60ae4d0e271fcc73b6b999b11ce739d06e2bbda58b1204b7951
i04-matrix-replication__generation_sfb__none__r3,generation_sfb__none,rejectsNegativeScore,input_rejection_policy,AssertionError: Invalid record was accepted by storeRun.,.local/iterations/i04-matrix-replication/runs/i04-matrix-replication__generation_sfb__none__r3/submission-2/evaluation/report.json,a6813f4227ad2e26b1a6dfa9520eec8588b0e3f895eb0ccc4cd49e8c283dd195,de7f5d9fafa24c38f2a4ddde3d32f9b567e6d768b17b2d7951ce1b1f7861a35f
i04-matrix-replication__generation_sfb__none__r3,generation_sfb__none,rejectsNegativeTime,input_rejection_policy,AssertionError: Invalid record was accepted by storeRun.,.local/iterations/i04-matrix-replication/runs/i04-matrix-replication__generation_sfb__none__r3/submission-2/evaluation/report.json,a6813f4227ad2e26b1a6dfa9520eec8588b0e3f895eb0ccc4cd49e8c283dd195,de7f5d9fafa24c38f2a4ddde3d32f9b567e6d768b17b2d7951ce1b1f7861a35f
i04-matrix-replication__generation_sfb__none__r3,generation_sfb__none,rejectsNullName,input_rejection_policy,AssertionError: Invalid record was accepted by storeRun.,.local/iterations/i04-matrix-replication/runs/i04-matrix-replication__generation_sfb__none__r3/submission-2/evaluation/report.json,a6813f4227ad2e26b1a6dfa9520eec8588b0e3f895eb0ccc4cd49e8c283dd195,de7f5d9fafa24c38f2a4ddde3d32f9b567e6d768b17b2d7951ce1b1f7861a35f
i04-matrix-replication__generation_sfb__none__r3,generation_sfb__none,rejectsBlankName,input_rejection_policy,AssertionError: Invalid record was accepted by storeRun.,.local/iterations/i04-matrix-replication/runs/i04-matrix-replication__generation_sfb__none__r3/submission-2/evaluation/report.json,a6813f4227ad2e26b1a6dfa9520eec8588b0e3f895eb0ccc4cd49e8c283dd195,de7f5d9fafa24c38f2a4ddde3d32f9b567e6d768b17b2d7951ce1b1f7861a35f
i04-matrix-replication__generation_sfb__none__r3,generation_sfb__none,rejectsExcessiveName,input_rejection_policy,AssertionError: Invalid record was accepted by storeRun.,.local/iterations/i04-matrix-replication/runs/i04-matrix-replication__generation_sfb__none__r3/submission-2/evaluation/report.json,a6813f4227ad2e26b1a6dfa9520eec8588b0e3f895eb0ccc4cd49e8c283dd195,de7f5d9fafa24c38f2a4ddde3d32f9b567e6d768b17b2d7951ce1b1f7861a35f
i04-matrix-replication__generation_sfb__none__r3,generation_sfb__none,oversizedPhysicalLine,observed_heap_exhaustion,OutOfMemoryError: Java heap space,.local/iterations/i04-matrix-replication/runs/i04-matrix-replication__generation_sfb__none__r3/submission-2/evaluation/report.json,a6813f4227ad2e26b1a6dfa9520eec8588b0e3f895eb0ccc4cd49e8c283dd195,de7f5d9fafa24c38f2a4ddde3d32f9b567e6d768b17b2d7951ce1b1f7861a35f
i04-matrix-replication__generation_sfb__none__r3,generation_sfb__none,largePersistedRecordSet,observed_heap_exhaustion,OutOfMemoryError: Java heap space,.local/iterations/i04-matrix-replication/runs/i04-matrix-replication__generation_sfb__none__r3/submission-2/evaluation/report.json,a6813f4227ad2e26b1a6dfa9520eec8588b0e3f895eb0ccc4cd49e8c283dd195,de7f5d9fafa24c38f2a4ddde3d32f9b567e6d768b17b2d7951ce1b1f7861a35f
i04-matrix-replication__reuse_b__boundaries__r3,reuse_b__boundaries,rejectsNegativeScore,input_rejection_policy,AssertionError: Invalid record was accepted by storeRun.,.local/iterations/i04-matrix-replication/runs/i04-matrix-replication__reuse_b__boundaries__r3/submission-2/evaluation/report.json,8dcb42d7cdd419208a855becd34bef7bf403f134c762b8a5cc913316f40101ef,e319f51304e64e0e5573ae43a845fd0a8b1423f7ee3b5e902cb9c97e23d2df0d
i04-matrix-replication__reuse_b__boundaries__r3,reuse_b__boundaries,rejectsNegativeTime,input_rejection_policy,AssertionError: Invalid record was accepted by storeRun.,.local/iterations/i04-matrix-replication/runs/i04-matrix-replication__reuse_b__boundaries__r3/submission-2/evaluation/report.json,8dcb42d7cdd419208a855becd34bef7bf403f134c762b8a5cc913316f40101ef,e319f51304e64e0e5573ae43a845fd0a8b1423f7ee3b5e902cb9c97e23d2df0d
i04-matrix-replication__reuse_b__boundaries__r3,reuse_b__boundaries,rejectsNullName,input_rejection_policy,AssertionError: Invalid record was accepted by storeRun.,.local/iterations/i04-matrix-replication/runs/i04-matrix-replication__reuse_b__boundaries__r3/submission-2/evaluation/report.json,8dcb42d7cdd419208a855becd34bef7bf403f134c762b8a5cc913316f40101ef,e319f51304e64e0e5573ae43a845fd0a8b1423f7ee3b5e902cb9c97e23d2df0d
i04-matrix-replication__reuse_b__boundaries__r3,reuse_b__boundaries,rejectsBlankName,input_rejection_policy,AssertionError: Invalid record was accepted by storeRun.,.local/iterations/i04-matrix-replication/runs/i04-matrix-replication__reuse_b__boundaries__r3/submission-2/evaluation/report.json,8dcb42d7cdd419208a855becd34bef7bf403f134c762b8a5cc913316f40101ef,e319f51304e64e0e5573ae43a845fd0a8b1423f7ee3b5e902cb9c97e23d2df0d
i04-matrix-replication__reuse_b__boundaries__r3,reuse_b__boundaries,rejectsExcessiveName,input_rejection_policy,AssertionError: Invalid record was accepted by storeRun.,.local/iterations/i04-matrix-replication/runs/i04-matrix-replication__reuse_b__boundaries__r3/submission-2/evaluation/report.json,8dcb42d7cdd419208a855becd34bef7bf403f134c762b8a5cc913316f40101ef,e319f51304e64e0e5573ae43a845fd0a8b1423f7ee3b5e902cb9c97e23d2df0d
i04-matrix-replication__generation_s__none__r3,generation_s__none,rejectsNegativeScore,input_rejection_policy,AssertionError: Invalid record was accepted by storeRun.,.local/iterations/i04-matrix-replication/runs/i04-matrix-replication__generation_s__none__r3/submission-1/evaluation/report.json,806f3af80a27596dc343217c4b22a07ed48f32e273df541b0f41004e63631137,6602695e508ec7a2b42931a62dfe57b66f004f3b5e69856e6873eaf01f59027c
i04-matrix-replication__generation_s__none__r3,generation_s__none,rejectsNegativeTime,input_rejection_policy,AssertionError: Invalid record was accepted by storeRun.,.local/iterations/i04-matrix-replication/runs/i04-matrix-replication__generation_s__none__r3/submission-1/evaluation/report.json,806f3af80a27596dc343217c4b22a07ed48f32e273df541b0f41004e63631137,6602695e508ec7a2b42931a62dfe57b66f004f3b5e69856e6873eaf01f59027c
i04-matrix-replication__generation_s__none__r3,generation_s__none,rejectsNullName,input_rejection_policy,AssertionError: Invalid record was accepted by storeRun.,.local/iterations/i04-matrix-replication/runs/i04-matrix-replication__generation_s__none__r3/submission-1/evaluation/report.json,806f3af80a27596dc343217c4b22a07ed48f32e273df541b0f41004e63631137,6602695e508ec7a2b42931a62dfe57b66f004f3b5e69856e6873eaf01f59027c
i04-matrix-replication__generation_s__none__r3,generation_s__none,rejectsBlankName,input_rejection_policy,AssertionError: Invalid record was accepted by storeRun.,.local/iterations/i04-matrix-replication/runs/i04-matrix-replication__generation_s__none__r3/submission-1/evaluation/report.json,806f3af80a27596dc343217c4b22a07ed48f32e273df541b0f41004e63631137,6602695e508ec7a2b42931a62dfe57b66f004f3b5e69856e6873eaf01f59027c
i04-matrix-replication__generation_s__none__r3,generation_s__none,rejectsExcessiveName,input_rejection_policy,AssertionError: Invalid record was accepted by storeRun.,.local/iterations/i04-matrix-replication/runs/i04-matrix-replication__generation_s__none__r3/submission-1/evaluation/report.json,806f3af80a27596dc343217c4b22a07ed48f32e273df541b0f41004e63631137,6602695e508ec7a2b42931a62dfe57b66f004f3b5e69856e6873eaf01f59027c
i04-matrix-replication__generation_s__none__r3,generation_s__none,oversizedPhysicalLine,observed_heap_exhaustion,OutOfMemoryError: Java heap space,.local/iterations/i04-matrix-replication/runs/i04-matrix-replication__generation_s__none__r3/submission-1/evaluation/report.json,806f3af80a27596dc343217c4b22a07ed48f32e273df541b0f41004e63631137,6602695e508ec7a2b42931a62dfe57b66f004f3b5e69856e6873eaf01f59027c
i04-matrix-replication__generation_s__none__r3,generation_s__none,largePersistedRecordSet,observed_heap_exhaustion,OutOfMemoryError: Java heap space,.local/iterations/i04-matrix-replication/runs/i04-matrix-replication__generation_s__none__r3/submission-1/evaluation/report.json,806f3af80a27596dc343217c4b22a07ed48f32e273df541b0f41004e63631137,6602695e508ec7a2b42931a62dfe57b66f004f3b5e69856e6873eaf01f59027c
i04-matrix-replication__reuse_sb__boundaries__r3,reuse_sb__boundaries,rejectsNegativeScore,input_rejection_policy,AssertionError: Invalid record was accepted by storeRun.,.local/iterations/i04-matrix-replication/runs/i04-matrix-replication__reuse_sb__boundaries__r3/submission-3/evaluation/report.json,936295376f46dc015504825b536ed9d09977479b60b528b813dbacb40fdea76f,a02517b9295f1b1d7c1f6b1e45e9d944c72cb5a925787edc9ffae862cbeac28a
i04-matrix-replication__reuse_sb__boundaries__r3,reuse_sb__boundaries,rejectsNegativeTime,input_rejection_policy,AssertionError: Invalid record was accepted by storeRun.,.local/iterations/i04-matrix-replication/runs/i04-matrix-replication__reuse_sb__boundaries__r3/submission-3/evaluation/report.json,936295376f46dc015504825b536ed9d09977479b60b528b813dbacb40fdea76f,a02517b9295f1b1d7c1f6b1e45e9d944c72cb5a925787edc9ffae862cbeac28a
i04-matrix-replication__reuse_sb__boundaries__r3,reuse_sb__boundaries,rejectsNullName,input_rejection_policy,AssertionError: Invalid record was accepted by storeRun.,.local/iterations/i04-matrix-replication/runs/i04-matrix-replication__reuse_sb__boundaries__r3/submission-3/evaluation/report.json,936295376f46dc015504825b536ed9d09977479b60b528b813dbacb40fdea76f,a02517b9295f1b1d7c1f6b1e45e9d944c72cb5a925787edc9ffae862cbeac28a
i04-matrix-replication__reuse_sb__boundaries__r3,reuse_sb__boundaries,rejectsBlankName,input_rejection_policy,AssertionError: Invalid record was accepted by storeRun.,.local/iterations/i04-matrix-replication/runs/i04-matrix-replication__reuse_sb__boundaries__r3/submission-3/evaluation/report.json,936295376f46dc015504825b536ed9d09977479b60b528b813dbacb40fdea76f,a02517b9295f1b1d7c1f6b1e45e9d944c72cb5a925787edc9ffae862cbeac28a
i04-matrix-replication__reuse_sb__boundaries__r3,reuse_sb__boundaries,rejectsExcessiveName,input_rejection_policy,AssertionError: Invalid record was accepted by storeRun.,.local/iterations/i04-matrix-replication/runs/i04-matrix-replication__reuse_sb__boundaries__r3/submission-3/evaluation/report.json,936295376f46dc015504825b536ed9d09977479b60b528b813dbacb40fdea76f,a02517b9295f1b1d7c1f6b1e45e9d944c72cb5a925787edc9ffae862cbeac28a
i04-matrix-replication__generation_s__overview__r3,generation_s__overview,rejectsNegativeScore,input_rejection_policy,AssertionError: Invalid record was accepted by storeRun.,.local/iterations/i04-matrix-replication/runs/i04-matrix-replication__generation_s__overview__r3/submission-1/evaluation/report.json,d2266d2f9794bea97c28699d8c32ea5ef4be2511521fdb17dbb21ad60d82b8f4,8d6c11f35dde5c51d6a2268507c39e3b0ccd6f7ca556afef46706b200ca4b59e
i04-matrix-replication__generation_s__overview__r3,generation_s__overview,rejectsNegativeTime,input_rejection_policy,AssertionError: Invalid record was accepted by storeRun.,.local/iterations/i04-matrix-replication/runs/i04-matrix-replication__generation_s__overview__r3/submission-1/evaluation/report.json,d2266d2f9794bea97c28699d8c32ea5ef4be2511521fdb17dbb21ad60d82b8f4,8d6c11f35dde5c51d6a2268507c39e3b0ccd6f7ca556afef46706b200ca4b59e
i04-matrix-replication__generation_s__overview__r3,generation_s__overview,rejectsNullName,input_rejection_policy,AssertionError: Invalid record was accepted by storeRun.,.local/iterations/i04-matrix-replication/runs/i04-matrix-replication__generation_s__overview__r3/submission-1/evaluation/report.json,d2266d2f9794bea97c28699d8c32ea5ef4be2511521fdb17dbb21ad60d82b8f4,8d6c11f35dde5c51d6a2268507c39e3b0ccd6f7ca556afef46706b200ca4b59e
i04-matrix-replication__generation_s__overview__r3,generation_s__overview,rejectsBlankName,input_rejection_policy,AssertionError: Invalid record was accepted by storeRun.,.local/iterations/i04-matrix-replication/runs/i04-matrix-replication__generation_s__overview__r3/submission-1/evaluation/report.json,d2266d2f9794bea97c28699d8c32ea5ef4be2511521fdb17dbb21ad60d82b8f4,8d6c11f35dde5c51d6a2268507c39e3b0ccd6f7ca556afef46706b200ca4b59e
i04-matrix-replication__generation_s__overview__r3,generation_s__overview,rejectsExcessiveName,input_rejection_policy,AssertionError: Invalid record was accepted by storeRun.,.local/iterations/i04-matrix-replication/runs/i04-matrix-replication__generation_s__overview__r3/submission-1/evaluation/report.json,d2266d2f9794bea97c28699d8c32ea5ef4be2511521fdb17dbb21ad60d82b8f4,8d6c11f35dde5c51d6a2268507c39e3b0ccd6f7ca556afef46706b200ca4b59e
i04-matrix-replication__generation_s__overview__r3,generation_s__overview,boundsRetainedEntries,retention_threshold,AssertionError: More than 100 entries retained.,.local/iterations/i04-matrix-replication/runs/i04-matrix-replication__generation_s__overview__r3/submission-1/evaluation/report.json,d2266d2f9794bea97c28699d8c32ea5ef4be2511521fdb17dbb21ad60d82b8f4,8d6c11f35dde5c51d6a2268507c39e3b0ccd6f7ca556afef46706b200ca4b59e
i04-matrix-replication__generation_s__overview__r3,generation_s__overview,oversizedPhysicalLine,observed_heap_exhaustion,OutOfMemoryError: Java heap space,.local/iterations/i04-matrix-replication/runs/i04-matrix-replication__generation_s__overview__r3/submission-1/evaluation/report.json,d2266d2f9794bea97c28699d8c32ea5ef4be2511521fdb17dbb21ad60d82b8f4,8d6c11f35dde5c51d6a2268507c39e3b0ccd6f7ca556afef46706b200ca4b59e
i04-matrix-replication__reuse_sb__none__r3,reuse_sb__none,rejectsNegativeScore,input_rejection_policy,AssertionError: Invalid record was accepted by storeRun.,.local/iterations/i04-matrix-replication/runs/i04-matrix-replication__reuse_sb__none__r3/submission-1/evaluation/report.json,6425ec7d1828dc9c5a5be7566d99c7eb8c421992504d8eacd128feed948c303e,ce1c516d2ffb9ac9068b5f1394d5ea2601ebe361e366e4d8432d6dc9417dfdff
i04-matrix-replication__reuse_sb__none__r3,reuse_sb__none,rejectsNegativeTime,input_rejection_policy,AssertionError: Invalid record was accepted by storeRun.,.local/iterations/i04-matrix-replication/runs/i04-matrix-replication__reuse_sb__none__r3/submission-1/evaluation/report.json,6425ec7d1828dc9c5a5be7566d99c7eb8c421992504d8eacd128feed948c303e,ce1c516d2ffb9ac9068b5f1394d5ea2601ebe361e366e4d8432d6dc9417dfdff
i04-matrix-replication__reuse_sb__none__r3,reuse_sb__none,rejectsNullName,input_rejection_policy,AssertionError: Invalid record was accepted by storeRun.,.local/iterations/i04-matrix-replication/runs/i04-matrix-replication__reuse_sb__none__r3/submission-1/evaluation/report.json,6425ec7d1828dc9c5a5be7566d99c7eb8c421992504d8eacd128feed948c303e,ce1c516d2ffb9ac9068b5f1394d5ea2601ebe361e366e4d8432d6dc9417dfdff
i04-matrix-replication__reuse_sb__none__r3,reuse_sb__none,rejectsBlankName,input_rejection_policy,AssertionError: Invalid record was accepted by storeRun.,.local/iterations/i04-matrix-replication/runs/i04-matrix-replication__reuse_sb__none__r3/submission-1/evaluation/report.json,6425ec7d1828dc9c5a5be7566d99c7eb8c421992504d8eacd128feed948c303e,ce1c516d2ffb9ac9068b5f1394d5ea2601ebe361e366e4d8432d6dc9417dfdff
i04-matrix-replication__reuse_sb__none__r3,reuse_sb__none,rejectsExcessiveName,input_rejection_policy,AssertionError: Invalid record was accepted by storeRun.,.local/iterations/i04-matrix-replication/runs/i04-matrix-replication__reuse_sb__none__r3/submission-1/evaluation/report.json,6425ec7d1828dc9c5a5be7566d99c7eb8c421992504d8eacd128feed948c303e,ce1c516d2ffb9ac9068b5f1394d5ea2601ebe361e366e4d8432d6dc9417dfdff
i04-matrix-replication__reuse_sb__none__r3,reuse_sb__none,oversizedPhysicalLine,observed_heap_exhaustion,OutOfMemoryError: Java heap space,.local/iterations/i04-matrix-replication/runs/i04-matrix-replication__reuse_sb__none__r3/submission-1/evaluation/report.json,6425ec7d1828dc9c5a5be7566d99c7eb8c421992504d8eacd128feed948c303e,ce1c516d2ffb9ac9068b5f1394d5ea2601ebe361e366e4d8432d6dc9417dfdff
i04-matrix-replication__reuse_sb__none__r3,reuse_sb__none,largePersistedRecordSet,observed_heap_exhaustion,OutOfMemoryError: Java heap space,.local/iterations/i04-matrix-replication/runs/i04-matrix-replication__reuse_sb__none__r3/submission-1/evaluation/report.json,6425ec7d1828dc9c5a5be7566d99c7eb8c421992504d8eacd128feed948c303e,ce1c516d2ffb9ac9068b5f1394d5ea2601ebe361e366e4d8432d6dc9417dfdff
i04-matrix-replication__reuse_sb__requirements__r3,reuse_sb__requirements,oversizedPhysicalLine,observed_heap_exhaustion,OutOfMemoryError: Java heap space,.local/iterations/i04-matrix-replication/runs/i04-matrix-replication__reuse_sb__requirements__r3/submission-3/evaluation/report.json,d118ed767e87e27d104191f438eb67aa4d8611475a44cbe621cd8d85ec2ae04e,f05d4d58164546c9953eb7c6b4ce9f040c05e79c1c6e8964b2617538e1b0323f
i04-matrix-replication__reuse_b__none__r3,reuse_b__none,rejectsNegativeScore,input_rejection_policy,AssertionError: Invalid record was accepted by storeRun.,.local/iterations/i04-matrix-replication/runs/i04-matrix-replication__reuse_b__none__r3/submission-1/evaluation/report.json,3a13d7017709e25697d702bc5aa9ac47c04eb639e1e61d015d54e8c1d1616f81,2f1b6cb576ab292eca5e77abfe8bb197b7216e62d00c991bb357e3dbc7d3cfc8
i04-matrix-replication__reuse_b__none__r3,reuse_b__none,rejectsNegativeTime,input_rejection_policy,AssertionError: Invalid record was accepted by storeRun.,.local/iterations/i04-matrix-replication/runs/i04-matrix-replication__reuse_b__none__r3/submission-1/evaluation/report.json,3a13d7017709e25697d702bc5aa9ac47c04eb639e1e61d015d54e8c1d1616f81,2f1b6cb576ab292eca5e77abfe8bb197b7216e62d00c991bb357e3dbc7d3cfc8
i04-matrix-replication__reuse_b__none__r3,reuse_b__none,rejectsNullName,input_rejection_policy,AssertionError: Invalid record was accepted by storeRun.,.local/iterations/i04-matrix-replication/runs/i04-matrix-replication__reuse_b__none__r3/submission-1/evaluation/report.json,3a13d7017709e25697d702bc5aa9ac47c04eb639e1e61d015d54e8c1d1616f81,2f1b6cb576ab292eca5e77abfe8bb197b7216e62d00c991bb357e3dbc7d3cfc8
i04-matrix-replication__reuse_b__none__r3,reuse_b__none,rejectsBlankName,input_rejection_policy,AssertionError: Invalid record was accepted by storeRun.,.local/iterations/i04-matrix-replication/runs/i04-matrix-replication__reuse_b__none__r3/submission-1/evaluation/report.json,3a13d7017709e25697d702bc5aa9ac47c04eb639e1e61d015d54e8c1d1616f81,2f1b6cb576ab292eca5e77abfe8bb197b7216e62d00c991bb357e3dbc7d3cfc8
i04-matrix-replication__reuse_b__none__r3,reuse_b__none,rejectsExcessiveName,input_rejection_policy,AssertionError: Invalid record was accepted by storeRun.,.local/iterations/i04-matrix-replication/runs/i04-matrix-replication__reuse_b__none__r3/submission-1/evaluation/report.json,3a13d7017709e25697d702bc5aa9ac47c04eb639e1e61d015d54e8c1d1616f81,2f1b6cb576ab292eca5e77abfe8bb197b7216e62d00c991bb357e3dbc7d3cfc8
i04-matrix-replication__reuse_sb__overview__r3,reuse_sb__overview,rejectsNegativeScore,input_rejection_policy,AssertionError: Invalid record was accepted by storeRun.,.local/iterations/i04-matrix-replication/runs/i04-matrix-replication__reuse_sb__overview__r3/submission-2/evaluation/report.json,b99fd3ac68e498803a071d6d78d69b2d24d88ebed76b2a3e47bc7cdb1e583b46,3ef8428d9c5798a1fd42bdb8a6f19c6fb8ce21e972bbc49581dc1372d39a167f
i04-matrix-replication__reuse_sb__overview__r3,reuse_sb__overview,rejectsNegativeTime,input_rejection_policy,AssertionError: Invalid record was accepted by storeRun.,.local/iterations/i04-matrix-replication/runs/i04-matrix-replication__reuse_sb__overview__r3/submission-2/evaluation/report.json,b99fd3ac68e498803a071d6d78d69b2d24d88ebed76b2a3e47bc7cdb1e583b46,3ef8428d9c5798a1fd42bdb8a6f19c6fb8ce21e972bbc49581dc1372d39a167f
i04-matrix-replication__reuse_sb__overview__r3,reuse_sb__overview,rejectsNullName,input_rejection_policy,AssertionError: Invalid record was accepted by storeRun.,.local/iterations/i04-matrix-replication/runs/i04-matrix-replication__reuse_sb__overview__r3/submission-2/evaluation/report.json,b99fd3ac68e498803a071d6d78d69b2d24d88ebed76b2a3e47bc7cdb1e583b46,3ef8428d9c5798a1fd42bdb8a6f19c6fb8ce21e972bbc49581dc1372d39a167f
i04-matrix-replication__reuse_sb__overview__r3,reuse_sb__overview,rejectsBlankName,input_rejection_policy,AssertionError: Invalid record was accepted by storeRun.,.local/iterations/i04-matrix-replication/runs/i04-matrix-replication__reuse_sb__overview__r3/submission-2/evaluation/report.json,b99fd3ac68e498803a071d6d78d69b2d24d88ebed76b2a3e47bc7cdb1e583b46,3ef8428d9c5798a1fd42bdb8a6f19c6fb8ce21e972bbc49581dc1372d39a167f
i04-matrix-replication__reuse_sb__overview__r3,reuse_sb__overview,rejectsExcessiveName,input_rejection_policy,AssertionError: Invalid record was accepted by storeRun.,.local/iterations/i04-matrix-replication/runs/i04-matrix-replication__reuse_sb__overview__r3/submission-2/evaluation/report.json,b99fd3ac68e498803a071d6d78d69b2d24d88ebed76b2a3e47bc7cdb1e583b46,3ef8428d9c5798a1fd42bdb8a6f19c6fb8ce21e972bbc49581dc1372d39a167f
i04-matrix-replication__reuse_b__requirements__r3,reuse_b__requirements,oversizedPhysicalLine,observed_heap_exhaustion,OutOfMemoryError: Java heap space,.local/iterations/i04-matrix-replication/runs/i04-matrix-replication__reuse_b__requirements__r3/submission-2/evaluation/report.json,8bd687ad66bc31477bdab7d1a53736c2bfc3e89271c8993d02b10979c55cb3f6,abdf4221e72f674498aa25eb4a52a1ee56ffce6b0bd63d5c6db8465d2dc9d2b5
i04-matrix-replication__reuse_b__overview__r3,reuse_b__overview,rejectsNegativeScore,input_rejection_policy,AssertionError: Invalid record was accepted by storeRun.,.local/iterations/i04-matrix-replication/runs/i04-matrix-replication__reuse_b__overview__r3/submission-2/evaluation/report.json,ea02579759a1209990068ac18c661dbbf09d39130469d60f9df0afee91b3ec0d,2bd2c6c06321f177fa8ae83d84f993bcd51f1ca7b202b4c48a456a84e771cb30
i04-matrix-replication__reuse_b__overview__r3,reuse_b__overview,rejectsNegativeTime,input_rejection_policy,AssertionError: Invalid record was accepted by storeRun.,.local/iterations/i04-matrix-replication/runs/i04-matrix-replication__reuse_b__overview__r3/submission-2/evaluation/report.json,ea02579759a1209990068ac18c661dbbf09d39130469d60f9df0afee91b3ec0d,2bd2c6c06321f177fa8ae83d84f993bcd51f1ca7b202b4c48a456a84e771cb30
i04-matrix-replication__reuse_b__overview__r3,reuse_b__overview,rejectsNullName,input_rejection_policy,AssertionError: Invalid record was accepted by storeRun.,.local/iterations/i04-matrix-replication/runs/i04-matrix-replication__reuse_b__overview__r3/submission-2/evaluation/report.json,ea02579759a1209990068ac18c661dbbf09d39130469d60f9df0afee91b3ec0d,2bd2c6c06321f177fa8ae83d84f993bcd51f1ca7b202b4c48a456a84e771cb30
i04-matrix-replication__reuse_b__overview__r3,reuse_b__overview,rejectsBlankName,input_rejection_policy,AssertionError: Invalid record was accepted by storeRun.,.local/iterations/i04-matrix-replication/runs/i04-matrix-replication__reuse_b__overview__r3/submission-2/evaluation/report.json,ea02579759a1209990068ac18c661dbbf09d39130469d60f9df0afee91b3ec0d,2bd2c6c06321f177fa8ae83d84f993bcd51f1ca7b202b4c48a456a84e771cb30
i04-matrix-replication__reuse_b__overview__r3,reuse_b__overview,rejectsExcessiveName,input_rejection_policy,AssertionError: Invalid record was accepted by storeRun.,.local/iterations/i04-matrix-replication/runs/i04-matrix-replication__reuse_b__overview__r3/submission-2/evaluation/report.json,ea02579759a1209990068ac18c661dbbf09d39130469d60f9df0afee91b3ec0d,2bd2c6c06321f177fa8ae83d84f993bcd51f1ca7b202b4c48a456a84e771cb30
i04-matrix-replication__reuse_b__overview__r3,reuse_b__overview,boundsRetainedEntries,retention_threshold,AssertionError: More than 100 entries retained.,.local/iterations/i04-matrix-replication/runs/i04-matrix-replication__reuse_b__overview__r3/submission-2/evaluation/report.json,ea02579759a1209990068ac18c661dbbf09d39130469d60f9df0afee91b3ec0d,2bd2c6c06321f177fa8ae83d84f993bcd51f1ca7b202b4c48a456a84e771cb30
i04-matrix-replication__reuse_b__overview__r3,reuse_b__overview,oversizedPhysicalLine,observed_heap_exhaustion,OutOfMemoryError: Java heap space,.local/iterations/i04-matrix-replication/runs/i04-matrix-replication__reuse_b__overview__r3/submission-2/evaluation/report.json,ea02579759a1209990068ac18c661dbbf09d39130469d60f9df0afee91b3ec0d,2bd2c6c06321f177fa8ae83d84f993bcd51f1ca7b202b4c48a456a84e771cb30
i04-matrix-replication__reuse_b__overview__r3,reuse_b__overview,largePersistedRecordSet,observed_heap_exhaustion,OutOfMemoryError: Java heap space,.local/iterations/i04-matrix-replication/runs/i04-matrix-replication__reuse_b__overview__r3/submission-2/evaluation/report.json,ea02579759a1209990068ac18c661dbbf09d39130469d60f9df0afee91b3ec0d,2bd2c6c06321f177fa8ae83d84f993bcd51f1ca7b202b4c48a456a84e771cb30
i04-matrix-replication__generation_s__requirements__r3,generation_s__requirements,rejectsNegativeScore,input_rejection_policy,AssertionError: Invalid record was accepted by storeRun.,.local/iterations/i04-matrix-replication/runs/i04-matrix-replication__generation_s__requirements__r3/submission-3/evaluation/report.json,15625793022c68763c3b898896212160179a497001a34546853c689cf33c1bc7,645351ca62d9df2181e16adf5a4fcd2fd9c1c5a5b63ed09a6502f1b2b4c93924
i04-matrix-replication__generation_sfb__requirements__r3,generation_sfb__requirements,rejectsNegativeScore,input_rejection_policy,AssertionError: Invalid record was accepted by storeRun.,.local/iterations/i04-matrix-replication/runs/i04-matrix-replication__generation_sfb__requirements__r3/submission-2/evaluation/report.json,eb1020eca72b8310930df79b4d1b25ff9ced5a82fccd2bba30be0a616b2aa282,053b7243763514d0d5464c13705c51e5c5a154d55cbf519818c216975b216408
i04-matrix-replication__generation_s__boundaries__r3,generation_s__boundaries,rejectsNegativeScore,input_rejection_policy,AssertionError: Invalid record was accepted by storeRun.,.local/iterations/i04-matrix-replication/runs/i04-matrix-replication__generation_s__boundaries__r3/submission-3/evaluation/report.json,c510c2eaa127a8789ff6c42c352d587b1ad4c5aa24630ac5c6737df7167f5b62,96ad57ea5f13c67d1e4cb8b48762c377822a9d5c1e960bbde5c0de0900f8f23c
i04-matrix-replication__generation_s__boundaries__r3,generation_s__boundaries,rejectsNegativeTime,input_rejection_policy,AssertionError: Invalid record was accepted by storeRun.,.local/iterations/i04-matrix-replication/runs/i04-matrix-replication__generation_s__boundaries__r3/submission-3/evaluation/report.json,c510c2eaa127a8789ff6c42c352d587b1ad4c5aa24630ac5c6737df7167f5b62,96ad57ea5f13c67d1e4cb8b48762c377822a9d5c1e960bbde5c0de0900f8f23c
i04-matrix-replication__generation_s__boundaries__r3,generation_s__boundaries,rejectsNullName,input_rejection_policy,AssertionError: Invalid record was accepted by storeRun.,.local/iterations/i04-matrix-replication/runs/i04-matrix-replication__generation_s__boundaries__r3/submission-3/evaluation/report.json,c510c2eaa127a8789ff6c42c352d587b1ad4c5aa24630ac5c6737df7167f5b62,96ad57ea5f13c67d1e4cb8b48762c377822a9d5c1e960bbde5c0de0900f8f23c
i04-matrix-replication__generation_s__boundaries__r3,generation_s__boundaries,rejectsBlankName,input_rejection_policy,AssertionError: Invalid record was accepted by storeRun.,.local/iterations/i04-matrix-replication/runs/i04-matrix-replication__generation_s__boundaries__r3/submission-3/evaluation/report.json,c510c2eaa127a8789ff6c42c352d587b1ad4c5aa24630ac5c6737df7167f5b62,96ad57ea5f13c67d1e4cb8b48762c377822a9d5c1e960bbde5c0de0900f8f23c
i04-matrix-replication__generation_s__boundaries__r3,generation_s__boundaries,rejectsExcessiveName,input_rejection_policy,AssertionError: Invalid record was accepted by storeRun.,.local/iterations/i04-matrix-replication/runs/i04-matrix-replication__generation_s__boundaries__r3/submission-3/evaluation/report.json,c510c2eaa127a8789ff6c42c352d587b1ad4c5aa24630ac5c6737df7167f5b62,96ad57ea5f13c67d1e4cb8b48762c377822a9d5c1e960bbde5c0de0900f8f23c
i04-matrix-replication__generation_s__boundaries__r3,generation_s__boundaries,oversizedPhysicalLine,observed_heap_exhaustion,OutOfMemoryError: Java heap space,.local/iterations/i04-matrix-replication/runs/i04-matrix-replication__generation_s__boundaries__r3/submission-3/evaluation/report.json,c510c2eaa127a8789ff6c42c352d587b1ad4c5aa24630ac5c6737df7167f5b62,96ad57ea5f13c67d1e4cb8b48762c377822a9d5c1e960bbde5c0de0900f8f23c
i04-matrix-replication__reuse_b__boundaries__r4,reuse_b__boundaries,rejectsNegativeScore,input_rejection_policy,AssertionError: Invalid record was accepted by storeRun.,.local/iterations/i04-matrix-replication/runs/i04-matrix-replication__reuse_b__boundaries__r4/submission-1/evaluation/report.json,ded92d7edcecc5ed74bb5c7cf66018eab44ffbf8972a2053744fe6bdbf9c1d44,a7e86ab87aedb0ba923ae1f7f33be87f436754965ca316100a5d4db7985cbc37
i04-matrix-replication__reuse_b__boundaries__r4,reuse_b__boundaries,rejectsNegativeTime,input_rejection_policy,AssertionError: Invalid record was accepted by storeRun.,.local/iterations/i04-matrix-replication/runs/i04-matrix-replication__reuse_b__boundaries__r4/submission-1/evaluation/report.json,ded92d7edcecc5ed74bb5c7cf66018eab44ffbf8972a2053744fe6bdbf9c1d44,a7e86ab87aedb0ba923ae1f7f33be87f436754965ca316100a5d4db7985cbc37
i04-matrix-replication__reuse_b__boundaries__r4,reuse_b__boundaries,rejectsNullName,input_rejection_policy,AssertionError: Invalid record was accepted by storeRun.,.local/iterations/i04-matrix-replication/runs/i04-matrix-replication__reuse_b__boundaries__r4/submission-1/evaluation/report.json,ded92d7edcecc5ed74bb5c7cf66018eab44ffbf8972a2053744fe6bdbf9c1d44,a7e86ab87aedb0ba923ae1f7f33be87f436754965ca316100a5d4db7985cbc37
i04-matrix-replication__reuse_b__boundaries__r4,reuse_b__boundaries,rejectsBlankName,input_rejection_policy,AssertionError: Invalid record was accepted by storeRun.,.local/iterations/i04-matrix-replication/runs/i04-matrix-replication__reuse_b__boundaries__r4/submission-1/evaluation/report.json,ded92d7edcecc5ed74bb5c7cf66018eab44ffbf8972a2053744fe6bdbf9c1d44,a7e86ab87aedb0ba923ae1f7f33be87f436754965ca316100a5d4db7985cbc37
i04-matrix-replication__reuse_b__boundaries__r4,reuse_b__boundaries,rejectsExcessiveName,input_rejection_policy,AssertionError: Invalid record was accepted by storeRun.,.local/iterations/i04-matrix-replication/runs/i04-matrix-replication__reuse_b__boundaries__r4/submission-1/evaluation/report.json,ded92d7edcecc5ed74bb5c7cf66018eab44ffbf8972a2053744fe6bdbf9c1d44,a7e86ab87aedb0ba923ae1f7f33be87f436754965ca316100a5d4db7985cbc37
i04-matrix-replication__generation_s__overview__r4,generation_s__overview,rejectsNegativeScore,input_rejection_policy,AssertionError: Invalid record was accepted by storeRun.,.local/iterations/i04-matrix-replication/runs/i04-matrix-replication__generation_s__overview__r4/submission-1/evaluation/report.json,2f4560a88317f17dd931c94e420588d52d5e7dc5863545c4eb9104745a60463b,6eeb8d64dfbe3f8c610a078fe3dccbed311d34d6ac2a7411ecfecdb4a6cf1a4f
i04-matrix-replication__generation_s__overview__r4,generation_s__overview,rejectsNegativeTime,input_rejection_policy,AssertionError: Invalid record was accepted by storeRun.,.local/iterations/i04-matrix-replication/runs/i04-matrix-replication__generation_s__overview__r4/submission-1/evaluation/report.json,2f4560a88317f17dd931c94e420588d52d5e7dc5863545c4eb9104745a60463b,6eeb8d64dfbe3f8c610a078fe3dccbed311d34d6ac2a7411ecfecdb4a6cf1a4f
i04-matrix-replication__generation_s__overview__r4,generation_s__overview,rejectsNullName,input_rejection_policy,AssertionError: Invalid record was accepted by storeRun.,.local/iterations/i04-matrix-replication/runs/i04-matrix-replication__generation_s__overview__r4/submission-1/evaluation/report.json,2f4560a88317f17dd931c94e420588d52d5e7dc5863545c4eb9104745a60463b,6eeb8d64dfbe3f8c610a078fe3dccbed311d34d6ac2a7411ecfecdb4a6cf1a4f
i04-matrix-replication__generation_s__overview__r4,generation_s__overview,rejectsBlankName,input_rejection_policy,AssertionError: Invalid record was accepted by storeRun.,.local/iterations/i04-matrix-replication/runs/i04-matrix-replication__generation_s__overview__r4/submission-1/evaluation/report.json,2f4560a88317f17dd931c94e420588d52d5e7dc5863545c4eb9104745a60463b,6eeb8d64dfbe3f8c610a078fe3dccbed311d34d6ac2a7411ecfecdb4a6cf1a4f
i04-matrix-replication__generation_s__overview__r4,generation_s__overview,rejectsExcessiveName,input_rejection_policy,AssertionError: Invalid record was accepted by storeRun.,.local/iterations/i04-matrix-replication/runs/i04-matrix-replication__generation_s__overview__r4/submission-1/evaluation/report.json,2f4560a88317f17dd931c94e420588d52d5e7dc5863545c4eb9104745a60463b,6eeb8d64dfbe3f8c610a078fe3dccbed311d34d6ac2a7411ecfecdb4a6cf1a4f
i04-matrix-replication__generation_s__overview__r4,generation_s__overview,boundsRetainedEntries,retention_threshold,AssertionError: More than 100 entries retained.,.local/iterations/i04-matrix-replication/runs/i04-matrix-replication__generation_s__overview__r4/submission-1/evaluation/report.json,2f4560a88317f17dd931c94e420588d52d5e7dc5863545c4eb9104745a60463b,6eeb8d64dfbe3f8c610a078fe3dccbed311d34d6ac2a7411ecfecdb4a6cf1a4f
i04-matrix-replication__generation_s__overview__r4,generation_s__overview,oversizedPhysicalLine,observed_heap_exhaustion,OutOfMemoryError: Java heap space,.local/iterations/i04-matrix-replication/runs/i04-matrix-replication__generation_s__overview__r4/submission-1/evaluation/report.json,2f4560a88317f17dd931c94e420588d52d5e7dc5863545c4eb9104745a60463b,6eeb8d64dfbe3f8c610a078fe3dccbed311d34d6ac2a7411ecfecdb4a6cf1a4f
i04-matrix-replication__generation_sfb__requirements__r4,generation_sfb__requirements,rejectsNegativeScore,input_rejection_policy,AssertionError: Invalid record was accepted by storeRun.,.local/iterations/i04-matrix-replication/runs/i04-matrix-replication__generation_sfb__requirements__r4/submission-1/evaluation/report.json,48948bb4cea12363ebf90baa20ed980f4e8277a7beb10fa9ff3454e559b28782,4769416d5d66171b240514729ff824a81291eaf2b3bc5a3aff8489baf6203f03
i04-matrix-replication__generation_sfb__requirements__r4,generation_sfb__requirements,oversizedPhysicalLine,observed_heap_exhaustion,OutOfMemoryError: Java heap space,.local/iterations/i04-matrix-replication/runs/i04-matrix-replication__generation_sfb__requirements__r4/submission-1/evaluation/report.json,48948bb4cea12363ebf90baa20ed980f4e8277a7beb10fa9ff3454e559b28782,4769416d5d66171b240514729ff824a81291eaf2b3bc5a3aff8489baf6203f03
i04-matrix-replication__generation_sfb__overview__r4,generation_sfb__overview,rejectsNegativeScore,input_rejection_policy,AssertionError: Invalid record was accepted by storeRun.,.local/iterations/i04-matrix-replication/runs/i04-matrix-replication__generation_sfb__overview__r4/submission-2/evaluation/report.json,35188a9b53d6f66b744f049e61fa84b044065dbfb8862f11b6a45654947e805e,98e1fca5a3640a949379cfd7f82f7bccbfa4793f23e79c5d0bdb4fef9101eb12
i04-matrix-replication__generation_sfb__overview__r4,generation_sfb__overview,rejectsNegativeTime,input_rejection_policy,AssertionError: Invalid record was accepted by storeRun.,.local/iterations/i04-matrix-replication/runs/i04-matrix-replication__generation_sfb__overview__r4/submission-2/evaluation/report.json,35188a9b53d6f66b744f049e61fa84b044065dbfb8862f11b6a45654947e805e,98e1fca5a3640a949379cfd7f82f7bccbfa4793f23e79c5d0bdb4fef9101eb12
i04-matrix-replication__generation_sfb__overview__r4,generation_sfb__overview,rejectsNullName,input_rejection_policy,AssertionError: Invalid record was accepted by storeRun.,.local/iterations/i04-matrix-replication/runs/i04-matrix-replication__generation_sfb__overview__r4/submission-2/evaluation/report.json,35188a9b53d6f66b744f049e61fa84b044065dbfb8862f11b6a45654947e805e,98e1fca5a3640a949379cfd7f82f7bccbfa4793f23e79c5d0bdb4fef9101eb12
i04-matrix-replication__generation_sfb__overview__r4,generation_sfb__overview,rejectsBlankName,input_rejection_policy,AssertionError: Invalid record was accepted by storeRun.,.local/iterations/i04-matrix-replication/runs/i04-matrix-replication__generation_sfb__overview__r4/submission-2/evaluation/report.json,35188a9b53d6f66b744f049e61fa84b044065dbfb8862f11b6a45654947e805e,98e1fca5a3640a949379cfd7f82f7bccbfa4793f23e79c5d0bdb4fef9101eb12
i04-matrix-replication__generation_sfb__overview__r4,generation_sfb__overview,rejectsExcessiveName,input_rejection_policy,AssertionError: Invalid record was accepted by storeRun.,.local/iterations/i04-matrix-replication/runs/i04-matrix-replication__generation_sfb__overview__r4/submission-2/evaluation/report.json,35188a9b53d6f66b744f049e61fa84b044065dbfb8862f11b6a45654947e805e,98e1fca5a3640a949379cfd7f82f7bccbfa4793f23e79c5d0bdb4fef9101eb12
i04-matrix-replication__generation_sfb__overview__r4,generation_sfb__overview,oversizedPhysicalLine,observed_heap_exhaustion,OutOfMemoryError: Java heap space,.local/iterations/i04-matrix-replication/runs/i04-matrix-replication__generation_sfb__overview__r4/submission-2/evaluation/report.json,35188a9b53d6f66b744f049e61fa84b044065dbfb8862f11b6a45654947e805e,98e1fca5a3640a949379cfd7f82f7bccbfa4793f23e79c5d0bdb4fef9101eb12
i04-matrix-replication__generation_s__none__r4,generation_s__none,rejectsNegativeScore,input_rejection_policy,AssertionError: Invalid record was accepted by storeRun.,.local/iterations/i04-matrix-replication/runs/i04-matrix-replication__generation_s__none__r4/submission-2/evaluation/report.json,1825b2fe5b89d3606e7528fcb83292ded9cb2fa12793606d7d9c8c202015f993,c522692ee11b05da3cb79efd264c7056dbe1d27d40b5b7a2b166500a14ef78b1
i04-matrix-replication__generation_s__none__r4,generation_s__none,rejectsNegativeTime,input_rejection_policy,AssertionError: Invalid record was accepted by storeRun.,.local/iterations/i04-matrix-replication/runs/i04-matrix-replication__generation_s__none__r4/submission-2/evaluation/report.json,1825b2fe5b89d3606e7528fcb83292ded9cb2fa12793606d7d9c8c202015f993,c522692ee11b05da3cb79efd264c7056dbe1d27d40b5b7a2b166500a14ef78b1
i04-matrix-replication__generation_s__none__r4,generation_s__none,rejectsNullName,input_rejection_policy,AssertionError: Invalid record was accepted by storeRun.,.local/iterations/i04-matrix-replication/runs/i04-matrix-replication__generation_s__none__r4/submission-2/evaluation/report.json,1825b2fe5b89d3606e7528fcb83292ded9cb2fa12793606d7d9c8c202015f993,c522692ee11b05da3cb79efd264c7056dbe1d27d40b5b7a2b166500a14ef78b1
i04-matrix-replication__generation_s__none__r4,generation_s__none,rejectsBlankName,input_rejection_policy,AssertionError: Invalid record was accepted by storeRun.,.local/iterations/i04-matrix-replication/runs/i04-matrix-replication__generation_s__none__r4/submission-2/evaluation/report.json,1825b2fe5b89d3606e7528fcb83292ded9cb2fa12793606d7d9c8c202015f993,c522692ee11b05da3cb79efd264c7056dbe1d27d40b5b7a2b166500a14ef78b1
i04-matrix-replication__generation_s__none__r4,generation_s__none,rejectsExcessiveName,input_rejection_policy,AssertionError: Invalid record was accepted by storeRun.,.local/iterations/i04-matrix-replication/runs/i04-matrix-replication__generation_s__none__r4/submission-2/evaluation/report.json,1825b2fe5b89d3606e7528fcb83292ded9cb2fa12793606d7d9c8c202015f993,c522692ee11b05da3cb79efd264c7056dbe1d27d40b5b7a2b166500a14ef78b1
i04-matrix-replication__generation_s__none__r4,generation_s__none,boundsRetainedEntries,retention_threshold,AssertionError: More than 100 entries retained.,.local/iterations/i04-matrix-replication/runs/i04-matrix-replication__generation_s__none__r4/submission-2/evaluation/report.json,1825b2fe5b89d3606e7528fcb83292ded9cb2fa12793606d7d9c8c202015f993,c522692ee11b05da3cb79efd264c7056dbe1d27d40b5b7a2b166500a14ef78b1
i04-matrix-replication__generation_s__none__r4,generation_s__none,oversizedPhysicalLine,observed_heap_exhaustion,OutOfMemoryError: Java heap space,.local/iterations/i04-matrix-replication/runs/i04-matrix-replication__generation_s__none__r4/submission-2/evaluation/report.json,1825b2fe5b89d3606e7528fcb83292ded9cb2fa12793606d7d9c8c202015f993,c522692ee11b05da3cb79efd264c7056dbe1d27d40b5b7a2b166500a14ef78b1
i04-matrix-replication__generation_s__none__r4,generation_s__none,largePersistedRecordSet,observed_heap_exhaustion,OutOfMemoryError: Java heap space,.local/iterations/i04-matrix-replication/runs/i04-matrix-replication__generation_s__none__r4/submission-2/evaluation/report.json,1825b2fe5b89d3606e7528fcb83292ded9cb2fa12793606d7d9c8c202015f993,c522692ee11b05da3cb79efd264c7056dbe1d27d40b5b7a2b166500a14ef78b1
i04-matrix-replication__reuse_sb__none__r4,reuse_sb__none,rejectsNegativeScore,input_rejection_policy,AssertionError: Invalid record was accepted by storeRun.,.local/iterations/i04-matrix-replication/runs/i04-matrix-replication__reuse_sb__none__r4/submission-3/evaluation/report.json,36af2fa966568c5133f77e254cb39bb1d7508f57097208478dfbfdb56287eb77,d9f4678af0beb4b019905809c31c04cb1ea4c716c9615e4852d04458b7526b01
i04-matrix-replication__reuse_sb__none__r4,reuse_sb__none,rejectsNegativeTime,input_rejection_policy,AssertionError: Invalid record was accepted by storeRun.,.local/iterations/i04-matrix-replication/runs/i04-matrix-replication__reuse_sb__none__r4/submission-3/evaluation/report.json,36af2fa966568c5133f77e254cb39bb1d7508f57097208478dfbfdb56287eb77,d9f4678af0beb4b019905809c31c04cb1ea4c716c9615e4852d04458b7526b01
i04-matrix-replication__reuse_sb__none__r4,reuse_sb__none,rejectsNullName,input_rejection_policy,AssertionError: Invalid record was accepted by storeRun.,.local/iterations/i04-matrix-replication/runs/i04-matrix-replication__reuse_sb__none__r4/submission-3/evaluation/report.json,36af2fa966568c5133f77e254cb39bb1d7508f57097208478dfbfdb56287eb77,d9f4678af0beb4b019905809c31c04cb1ea4c716c9615e4852d04458b7526b01
i04-matrix-replication__reuse_sb__none__r4,reuse_sb__none,rejectsBlankName,input_rejection_policy,AssertionError: Invalid record was accepted by storeRun.,.local/iterations/i04-matrix-replication/runs/i04-matrix-replication__reuse_sb__none__r4/submission-3/evaluation/report.json,36af2fa966568c5133f77e254cb39bb1d7508f57097208478dfbfdb56287eb77,d9f4678af0beb4b019905809c31c04cb1ea4c716c9615e4852d04458b7526b01
i04-matrix-replication__reuse_sb__none__r4,reuse_sb__none,rejectsExcessiveName,input_rejection_policy,AssertionError: Invalid record was accepted by storeRun.,.local/iterations/i04-matrix-replication/runs/i04-matrix-replication__reuse_sb__none__r4/submission-3/evaluation/report.json,36af2fa966568c5133f77e254cb39bb1d7508f57097208478dfbfdb56287eb77,d9f4678af0beb4b019905809c31c04cb1ea4c716c9615e4852d04458b7526b01
i04-matrix-replication__reuse_sb__none__r4,reuse_sb__none,oversizedPhysicalLine,observed_heap_exhaustion,OutOfMemoryError: Java heap space,.local/iterations/i04-matrix-replication/runs/i04-matrix-replication__reuse_sb__none__r4/submission-3/evaluation/report.json,36af2fa966568c5133f77e254cb39bb1d7508f57097208478dfbfdb56287eb77,d9f4678af0beb4b019905809c31c04cb1ea4c716c9615e4852d04458b7526b01
i04-matrix-replication__reuse_b__overview__r4,reuse_b__overview,rejectsNegativeScore,input_rejection_policy,AssertionError: Invalid record was accepted by storeRun.,.local/iterations/i04-matrix-replication/runs/i04-matrix-replication__reuse_b__overview__r4/submission-1/evaluation/report.json,e56fbee820efd64623203e00034fe54099bddd24b121a70080bd1b8740e0843b,b782f87fabd9de31d5dcd185f418bfe55814f0bb47ec5ea935b5792bef5e3dbb
i04-matrix-replication__reuse_b__overview__r4,reuse_b__overview,rejectsNegativeTime,input_rejection_policy,AssertionError: Invalid record was accepted by storeRun.,.local/iterations/i04-matrix-replication/runs/i04-matrix-replication__reuse_b__overview__r4/submission-1/evaluation/report.json,e56fbee820efd64623203e00034fe54099bddd24b121a70080bd1b8740e0843b,b782f87fabd9de31d5dcd185f418bfe55814f0bb47ec5ea935b5792bef5e3dbb
i04-matrix-replication__reuse_b__overview__r4,reuse_b__overview,rejectsNullName,input_rejection_policy,AssertionError: Invalid record was accepted by storeRun.,.local/iterations/i04-matrix-replication/runs/i04-matrix-replication__reuse_b__overview__r4/submission-1/evaluation/report.json,e56fbee820efd64623203e00034fe54099bddd24b121a70080bd1b8740e0843b,b782f87fabd9de31d5dcd185f418bfe55814f0bb47ec5ea935b5792bef5e3dbb
i04-matrix-replication__reuse_b__overview__r4,reuse_b__overview,rejectsBlankName,input_rejection_policy,AssertionError: Invalid record was accepted by storeRun.,.local/iterations/i04-matrix-replication/runs/i04-matrix-replication__reuse_b__overview__r4/submission-1/evaluation/report.json,e56fbee820efd64623203e00034fe54099bddd24b121a70080bd1b8740e0843b,b782f87fabd9de31d5dcd185f418bfe55814f0bb47ec5ea935b5792bef5e3dbb
i04-matrix-replication__reuse_b__overview__r4,reuse_b__overview,rejectsExcessiveName,input_rejection_policy,AssertionError: Invalid record was accepted by storeRun.,.local/iterations/i04-matrix-replication/runs/i04-matrix-replication__reuse_b__overview__r4/submission-1/evaluation/report.json,e56fbee820efd64623203e00034fe54099bddd24b121a70080bd1b8740e0843b,b782f87fabd9de31d5dcd185f418bfe55814f0bb47ec5ea935b5792bef5e3dbb
i04-matrix-replication__reuse_b__overview__r4,reuse_b__overview,oversizedPhysicalLine,observed_heap_exhaustion,OutOfMemoryError: Java heap space,.local/iterations/i04-matrix-replication/runs/i04-matrix-replication__reuse_b__overview__r4/submission-1/evaluation/report.json,e56fbee820efd64623203e00034fe54099bddd24b121a70080bd1b8740e0843b,b782f87fabd9de31d5dcd185f418bfe55814f0bb47ec5ea935b5792bef5e3dbb
i04-matrix-replication__reuse_b__overview__r4,reuse_b__overview,largePersistedRecordSet,observed_heap_exhaustion,OutOfMemoryError: Java heap space,.local/iterations/i04-matrix-replication/runs/i04-matrix-replication__reuse_b__overview__r4/submission-1/evaluation/report.json,e56fbee820efd64623203e00034fe54099bddd24b121a70080bd1b8740e0843b,b782f87fabd9de31d5dcd185f418bfe55814f0bb47ec5ea935b5792bef5e3dbb
i04-matrix-replication__generation_s__boundaries__r4,generation_s__boundaries,rejectsNegativeScore,input_rejection_policy,AssertionError: Invalid record was accepted by storeRun.,.local/iterations/i04-matrix-replication/runs/i04-matrix-replication__generation_s__boundaries__r4/submission-1/evaluation/report.json,7d453cd82a6402430232a0143835be69ec081ec15c4aa3170f97cac2c9f633d1,51a88c0e1124f9909bfd53e35fb013025259cd25be0804d3af703dce60509085
i04-matrix-replication__generation_s__boundaries__r4,generation_s__boundaries,rejectsNegativeTime,input_rejection_policy,AssertionError: Invalid record was accepted by storeRun.,.local/iterations/i04-matrix-replication/runs/i04-matrix-replication__generation_s__boundaries__r4/submission-1/evaluation/report.json,7d453cd82a6402430232a0143835be69ec081ec15c4aa3170f97cac2c9f633d1,51a88c0e1124f9909bfd53e35fb013025259cd25be0804d3af703dce60509085
i04-matrix-replication__generation_s__boundaries__r4,generation_s__boundaries,rejectsNullName,input_rejection_policy,AssertionError: Invalid record was accepted by storeRun.,.local/iterations/i04-matrix-replication/runs/i04-matrix-replication__generation_s__boundaries__r4/submission-1/evaluation/report.json,7d453cd82a6402430232a0143835be69ec081ec15c4aa3170f97cac2c9f633d1,51a88c0e1124f9909bfd53e35fb013025259cd25be0804d3af703dce60509085
i04-matrix-replication__generation_s__boundaries__r4,generation_s__boundaries,rejectsBlankName,input_rejection_policy,AssertionError: Invalid record was accepted by storeRun.,.local/iterations/i04-matrix-replication/runs/i04-matrix-replication__generation_s__boundaries__r4/submission-1/evaluation/report.json,7d453cd82a6402430232a0143835be69ec081ec15c4aa3170f97cac2c9f633d1,51a88c0e1124f9909bfd53e35fb013025259cd25be0804d3af703dce60509085
i04-matrix-replication__generation_s__boundaries__r4,generation_s__boundaries,rejectsExcessiveName,input_rejection_policy,AssertionError: Invalid record was accepted by storeRun.,.local/iterations/i04-matrix-replication/runs/i04-matrix-replication__generation_s__boundaries__r4/submission-1/evaluation/report.json,7d453cd82a6402430232a0143835be69ec081ec15c4aa3170f97cac2c9f633d1,51a88c0e1124f9909bfd53e35fb013025259cd25be0804d3af703dce60509085
i04-matrix-replication__generation_s__boundaries__r4,generation_s__boundaries,oversizedPhysicalLine,observed_heap_exhaustion,OutOfMemoryError: Java heap space,.local/iterations/i04-matrix-replication/runs/i04-matrix-replication__generation_s__boundaries__r4/submission-1/evaluation/report.json,7d453cd82a6402430232a0143835be69ec081ec15c4aa3170f97cac2c9f633d1,51a88c0e1124f9909bfd53e35fb013025259cd25be0804d3af703dce60509085
i04-matrix-replication__reuse_b__none__r4,reuse_b__none,rejectsNegativeScore,input_rejection_policy,AssertionError: Invalid record was accepted by storeRun.,.local/iterations/i04-matrix-replication/runs/i04-matrix-replication__reuse_b__none__r4/submission-3/evaluation/report.json,5a3a3487fa2c3db127cf6fd89e9e94fcfb303714d4e049b741e9e92d11a94fef,88b4a9e2efa3ff665821f6f315b08e3cdf244447a6712305fa88a8630a30e245
i04-matrix-replication__reuse_b__none__r4,reuse_b__none,rejectsNegativeTime,input_rejection_policy,AssertionError: Invalid record was accepted by storeRun.,.local/iterations/i04-matrix-replication/runs/i04-matrix-replication__reuse_b__none__r4/submission-3/evaluation/report.json,5a3a3487fa2c3db127cf6fd89e9e94fcfb303714d4e049b741e9e92d11a94fef,88b4a9e2efa3ff665821f6f315b08e3cdf244447a6712305fa88a8630a30e245
i04-matrix-replication__reuse_b__none__r4,reuse_b__none,rejectsNullName,input_rejection_policy,AssertionError: Invalid record was accepted by storeRun.,.local/iterations/i04-matrix-replication/runs/i04-matrix-replication__reuse_b__none__r4/submission-3/evaluation/report.json,5a3a3487fa2c3db127cf6fd89e9e94fcfb303714d4e049b741e9e92d11a94fef,88b4a9e2efa3ff665821f6f315b08e3cdf244447a6712305fa88a8630a30e245
i04-matrix-replication__reuse_b__none__r4,reuse_b__none,rejectsBlankName,input_rejection_policy,AssertionError: Invalid record was accepted by storeRun.,.local/iterations/i04-matrix-replication/runs/i04-matrix-replication__reuse_b__none__r4/submission-3/evaluation/report.json,5a3a3487fa2c3db127cf6fd89e9e94fcfb303714d4e049b741e9e92d11a94fef,88b4a9e2efa3ff665821f6f315b08e3cdf244447a6712305fa88a8630a30e245
i04-matrix-replication__reuse_b__none__r4,reuse_b__none,rejectsExcessiveName,input_rejection_policy,AssertionError: Invalid record was accepted by storeRun.,.local/iterations/i04-matrix-replication/runs/i04-matrix-replication__reuse_b__none__r4/submission-3/evaluation/report.json,5a3a3487fa2c3db127cf6fd89e9e94fcfb303714d4e049b741e9e92d11a94fef,88b4a9e2efa3ff665821f6f315b08e3cdf244447a6712305fa88a8630a30e245
i04-matrix-replication__reuse_b__none__r4,reuse_b__none,boundsRetainedEntries,retention_threshold,AssertionError: More than 100 entries retained.,.local/iterations/i04-matrix-replication/runs/i04-matrix-replication__reuse_b__none__r4/submission-3/evaluation/report.json,5a3a3487fa2c3db127cf6fd89e9e94fcfb303714d4e049b741e9e92d11a94fef,88b4a9e2efa3ff665821f6f315b08e3cdf244447a6712305fa88a8630a30e245
i04-matrix-replication__reuse_b__none__r4,reuse_b__none,oversizedPhysicalLine,observed_heap_exhaustion,OutOfMemoryError: Java heap space,.local/iterations/i04-matrix-replication/runs/i04-matrix-replication__reuse_b__none__r4/submission-3/evaluation/report.json,5a3a3487fa2c3db127cf6fd89e9e94fcfb303714d4e049b741e9e92d11a94fef,88b4a9e2efa3ff665821f6f315b08e3cdf244447a6712305fa88a8630a30e245
i04-matrix-replication__generation_sfb__none__r4,generation_sfb__none,rejectsNegativeScore,input_rejection_policy,AssertionError: Invalid record was accepted by storeRun.,.local/iterations/i04-matrix-replication/runs/i04-matrix-replication__generation_sfb__none__r4/submission-1/evaluation/report.json,b0f0811c0414b10ecc8c426714b5b058193bace7d066eb92b2dfa4adf6e7ec1b,18ba72af8803cd0b69ac5de490af7d435308f7685fe46d110c7ed920c30342c3
i04-matrix-replication__generation_sfb__none__r4,generation_sfb__none,rejectsNegativeTime,input_rejection_policy,AssertionError: Invalid record was accepted by storeRun.,.local/iterations/i04-matrix-replication/runs/i04-matrix-replication__generation_sfb__none__r4/submission-1/evaluation/report.json,b0f0811c0414b10ecc8c426714b5b058193bace7d066eb92b2dfa4adf6e7ec1b,18ba72af8803cd0b69ac5de490af7d435308f7685fe46d110c7ed920c30342c3
i04-matrix-replication__generation_sfb__none__r4,generation_sfb__none,rejectsNullName,input_rejection_policy,AssertionError: Invalid record was accepted by storeRun.,.local/iterations/i04-matrix-replication/runs/i04-matrix-replication__generation_sfb__none__r4/submission-1/evaluation/report.json,b0f0811c0414b10ecc8c426714b5b058193bace7d066eb92b2dfa4adf6e7ec1b,18ba72af8803cd0b69ac5de490af7d435308f7685fe46d110c7ed920c30342c3
i04-matrix-replication__generation_sfb__none__r4,generation_sfb__none,rejectsBlankName,input_rejection_policy,AssertionError: Invalid record was accepted by storeRun.,.local/iterations/i04-matrix-replication/runs/i04-matrix-replication__generation_sfb__none__r4/submission-1/evaluation/report.json,b0f0811c0414b10ecc8c426714b5b058193bace7d066eb92b2dfa4adf6e7ec1b,18ba72af8803cd0b69ac5de490af7d435308f7685fe46d110c7ed920c30342c3
i04-matrix-replication__generation_sfb__none__r4,generation_sfb__none,rejectsExcessiveName,input_rejection_policy,AssertionError: Invalid record was accepted by storeRun.,.local/iterations/i04-matrix-replication/runs/i04-matrix-replication__generation_sfb__none__r4/submission-1/evaluation/report.json,b0f0811c0414b10ecc8c426714b5b058193bace7d066eb92b2dfa4adf6e7ec1b,18ba72af8803cd0b69ac5de490af7d435308f7685fe46d110c7ed920c30342c3
i04-matrix-replication__generation_sfb__none__r4,generation_sfb__none,oversizedPhysicalLine,observed_heap_exhaustion,OutOfMemoryError: Java heap space,.local/iterations/i04-matrix-replication/runs/i04-matrix-replication__generation_sfb__none__r4/submission-1/evaluation/report.json,b0f0811c0414b10ecc8c426714b5b058193bace7d066eb92b2dfa4adf6e7ec1b,18ba72af8803cd0b69ac5de490af7d435308f7685fe46d110c7ed920c30342c3
i04-matrix-replication__generation_sfb__none__r4,generation_sfb__none,largePersistedRecordSet,observed_heap_exhaustion,OutOfMemoryError: Java heap space,.local/iterations/i04-matrix-replication/runs/i04-matrix-replication__generation_sfb__none__r4/submission-1/evaluation/report.json,b0f0811c0414b10ecc8c426714b5b058193bace7d066eb92b2dfa4adf6e7ec1b,18ba72af8803cd0b69ac5de490af7d435308f7685fe46d110c7ed920c30342c3
i04-matrix-replication__generation_sfb__boundaries__r4,generation_sfb__boundaries,rejectsNegativeScore,input_rejection_policy,AssertionError: Invalid record was accepted by storeRun.,.local/iterations/i04-matrix-replication/runs/i04-matrix-replication__generation_sfb__boundaries__r4/submission-1/evaluation/report.json,da3db70322a92dc41d39b14a5b698dadd84529f7f07a6f9287c08edcb253bf59,72b8aa9c9012419341403adab3a23fcfb03eb7860457242ffd9e1167be4e6d44
i04-matrix-replication__generation_sfb__boundaries__r4,generation_sfb__boundaries,rejectsNegativeTime,input_rejection_policy,AssertionError: Invalid record was accepted by storeRun.,.local/iterations/i04-matrix-replication/runs/i04-matrix-replication__generation_sfb__boundaries__r4/submission-1/evaluation/report.json,da3db70322a92dc41d39b14a5b698dadd84529f7f07a6f9287c08edcb253bf59,72b8aa9c9012419341403adab3a23fcfb03eb7860457242ffd9e1167be4e6d44
i04-matrix-replication__generation_sfb__boundaries__r4,generation_sfb__boundaries,rejectsExcessiveName,input_rejection_policy,AssertionError: Invalid record was accepted by storeRun.,.local/iterations/i04-matrix-replication/runs/i04-matrix-replication__generation_sfb__boundaries__r4/submission-1/evaluation/report.json,da3db70322a92dc41d39b14a5b698dadd84529f7f07a6f9287c08edcb253bf59,72b8aa9c9012419341403adab3a23fcfb03eb7860457242ffd9e1167be4e6d44
i04-matrix-replication__generation_sfb__boundaries__r4,generation_sfb__boundaries,oversizedPhysicalLine,observed_heap_exhaustion,OutOfMemoryError: Java heap space,.local/iterations/i04-matrix-replication/runs/i04-matrix-replication__generation_sfb__boundaries__r4/submission-1/evaluation/report.json,da3db70322a92dc41d39b14a5b698dadd84529f7f07a6f9287c08edcb253bf59,72b8aa9c9012419341403adab3a23fcfb03eb7860457242ffd9e1167be4e6d44
i04-matrix-replication__generation_s__requirements__r4,generation_s__requirements,rejectsNegativeScore,input_rejection_policy,AssertionError: Invalid record was accepted by storeRun.,.local/iterations/i04-matrix-replication/runs/i04-matrix-replication__generation_s__requirements__r4/submission-2/evaluation/report.json,a5d52cb57574516e39550640acf8bcbe6b883c87bd95289c6a5fa1bb26589fac,84890d07b225d8b5e4322e42df25629eb67e5dae8b95dca741598169fed45c85
i04-matrix-replication__generation_s__requirements__r4,generation_s__requirements,oversizedPhysicalLine,observed_heap_exhaustion,OutOfMemoryError: Java heap space,.local/iterations/i04-matrix-replication/runs/i04-matrix-replication__generation_s__requirements__r4/submission-2/evaluation/report.json,a5d52cb57574516e39550640acf8bcbe6b883c87bd95289c6a5fa1bb26589fac,84890d07b225d8b5e4322e42df25629eb67e5dae8b95dca741598169fed45c85
i04-matrix-replication__reuse_sb__overview__r4,reuse_sb__overview,rejectsNegativeScore,input_rejection_policy,AssertionError: Invalid record was accepted by storeRun.,.local/iterations/i04-matrix-replication/runs/i04-matrix-replication__reuse_sb__overview__r4/submission-1/evaluation/report.json,3cc4fad3816fd4bb016b7abb7c0868809e8d1a97eba427190a1502e95041bfd2,e9e4c4a749c97204e1c715f11fba849a39f857932b38c2d9a5e166723f72b9c4
i04-matrix-replication__reuse_sb__overview__r4,reuse_sb__overview,rejectsNegativeTime,input_rejection_policy,AssertionError: Invalid record was accepted by storeRun.,.local/iterations/i04-matrix-replication/runs/i04-matrix-replication__reuse_sb__overview__r4/submission-1/evaluation/report.json,3cc4fad3816fd4bb016b7abb7c0868809e8d1a97eba427190a1502e95041bfd2,e9e4c4a749c97204e1c715f11fba849a39f857932b38c2d9a5e166723f72b9c4
i04-matrix-replication__reuse_sb__overview__r4,reuse_sb__overview,rejectsNullName,input_rejection_policy,AssertionError: Invalid record was accepted by storeRun.,.local/iterations/i04-matrix-replication/runs/i04-matrix-replication__reuse_sb__overview__r4/submission-1/evaluation/report.json,3cc4fad3816fd4bb016b7abb7c0868809e8d1a97eba427190a1502e95041bfd2,e9e4c4a749c97204e1c715f11fba849a39f857932b38c2d9a5e166723f72b9c4
i04-matrix-replication__reuse_sb__overview__r4,reuse_sb__overview,rejectsBlankName,input_rejection_policy,AssertionError: Invalid record was accepted by storeRun.,.local/iterations/i04-matrix-replication/runs/i04-matrix-replication__reuse_sb__overview__r4/submission-1/evaluation/report.json,3cc4fad3816fd4bb016b7abb7c0868809e8d1a97eba427190a1502e95041bfd2,e9e4c4a749c97204e1c715f11fba849a39f857932b38c2d9a5e166723f72b9c4
i04-matrix-replication__reuse_sb__overview__r4,reuse_sb__overview,rejectsExcessiveName,input_rejection_policy,AssertionError: Invalid record was accepted by storeRun.,.local/iterations/i04-matrix-replication/runs/i04-matrix-replication__reuse_sb__overview__r4/submission-1/evaluation/report.json,3cc4fad3816fd4bb016b7abb7c0868809e8d1a97eba427190a1502e95041bfd2,e9e4c4a749c97204e1c715f11fba849a39f857932b38c2d9a5e166723f72b9c4
i04-matrix-replication__reuse_sb__overview__r4,reuse_sb__overview,boundsRetainedEntries,retention_threshold,AssertionError: More than 100 entries retained.,.local/iterations/i04-matrix-replication/runs/i04-matrix-replication__reuse_sb__overview__r4/submission-1/evaluation/report.json,3cc4fad3816fd4bb016b7abb7c0868809e8d1a97eba427190a1502e95041bfd2,e9e4c4a749c97204e1c715f11fba849a39f857932b38c2d9a5e166723f72b9c4
i04-matrix-replication__reuse_sb__overview__r4,reuse_sb__overview,oversizedPhysicalLine,observed_heap_exhaustion,OutOfMemoryError: Java heap space,.local/iterations/i04-matrix-replication/runs/i04-matrix-replication__reuse_sb__overview__r4/submission-1/evaluation/report.json,3cc4fad3816fd4bb016b7abb7c0868809e8d1a97eba427190a1502e95041bfd2,e9e4c4a749c97204e1c715f11fba849a39f857932b38c2d9a5e166723f72b9c4
i04-matrix-replication__generation_sfb__requirements__r5,generation_sfb__requirements,rejectsNegativeScore,input_rejection_policy,AssertionError: Invalid record was accepted by storeRun.,.local/iterations/i04-matrix-replication/runs/i04-matrix-replication__generation_sfb__requirements__r5/submission-2/evaluation/report.json,6dcdf1a1bc679ea59c4cdbe267f9f9a0b1a7b3e7ba717c514afd3ec929ff4140,089ddd8b730a9aa29200918609186e070b1cc75442c90dfbc510e05b285ea350
i04-matrix-replication__generation_sfb__requirements__r5,generation_sfb__requirements,rejectsExcessiveName,input_rejection_policy,AssertionError: Invalid record was accepted by storeRun.,.local/iterations/i04-matrix-replication/runs/i04-matrix-replication__generation_sfb__requirements__r5/submission-2/evaluation/report.json,6dcdf1a1bc679ea59c4cdbe267f9f9a0b1a7b3e7ba717c514afd3ec929ff4140,089ddd8b730a9aa29200918609186e070b1cc75442c90dfbc510e05b285ea350
i04-matrix-replication__generation_sfb__requirements__r5,generation_sfb__requirements,oversizedPhysicalLine,observed_heap_exhaustion,OutOfMemoryError: Java heap space,.local/iterations/i04-matrix-replication/runs/i04-matrix-replication__generation_sfb__requirements__r5/submission-2/evaluation/report.json,6dcdf1a1bc679ea59c4cdbe267f9f9a0b1a7b3e7ba717c514afd3ec929ff4140,089ddd8b730a9aa29200918609186e070b1cc75442c90dfbc510e05b285ea350
i04-matrix-replication__generation_sfb__overview__r5,generation_sfb__overview,rejectsNegativeScore,input_rejection_policy,AssertionError: Invalid record was accepted by storeRun.,.local/iterations/i04-matrix-replication/runs/i04-matrix-replication__generation_sfb__overview__r5/submission-2/evaluation/report.json,9a3269aa5d0d0c4e62ff1bba843c568a85fe18ac704e44a503758717bb70533c,a740d1d10d7f4dfe56b57ea72a947f0c20e75abf97a687ca6da6cf0bcea8db4c
i04-matrix-replication__generation_sfb__overview__r5,generation_sfb__overview,rejectsNegativeTime,input_rejection_policy,AssertionError: Invalid record was accepted by storeRun.,.local/iterations/i04-matrix-replication/runs/i04-matrix-replication__generation_sfb__overview__r5/submission-2/evaluation/report.json,9a3269aa5d0d0c4e62ff1bba843c568a85fe18ac704e44a503758717bb70533c,a740d1d10d7f4dfe56b57ea72a947f0c20e75abf97a687ca6da6cf0bcea8db4c
i04-matrix-replication__generation_sfb__overview__r5,generation_sfb__overview,rejectsNullName,input_rejection_policy,AssertionError: Invalid record was accepted by storeRun.,.local/iterations/i04-matrix-replication/runs/i04-matrix-replication__generation_sfb__overview__r5/submission-2/evaluation/report.json,9a3269aa5d0d0c4e62ff1bba843c568a85fe18ac704e44a503758717bb70533c,a740d1d10d7f4dfe56b57ea72a947f0c20e75abf97a687ca6da6cf0bcea8db4c
i04-matrix-replication__generation_sfb__overview__r5,generation_sfb__overview,rejectsBlankName,input_rejection_policy,AssertionError: Invalid record was accepted by storeRun.,.local/iterations/i04-matrix-replication/runs/i04-matrix-replication__generation_sfb__overview__r5/submission-2/evaluation/report.json,9a3269aa5d0d0c4e62ff1bba843c568a85fe18ac704e44a503758717bb70533c,a740d1d10d7f4dfe56b57ea72a947f0c20e75abf97a687ca6da6cf0bcea8db4c
i04-matrix-replication__generation_sfb__overview__r5,generation_sfb__overview,rejectsExcessiveName,input_rejection_policy,AssertionError: Invalid record was accepted by storeRun.,.local/iterations/i04-matrix-replication/runs/i04-matrix-replication__generation_sfb__overview__r5/submission-2/evaluation/report.json,9a3269aa5d0d0c4e62ff1bba843c568a85fe18ac704e44a503758717bb70533c,a740d1d10d7f4dfe56b57ea72a947f0c20e75abf97a687ca6da6cf0bcea8db4c
i04-matrix-replication__generation_sfb__overview__r5,generation_sfb__overview,oversizedPhysicalLine,observed_heap_exhaustion,OutOfMemoryError: Java heap space,.local/iterations/i04-matrix-replication/runs/i04-matrix-replication__generation_sfb__overview__r5/submission-2/evaluation/report.json,9a3269aa5d0d0c4e62ff1bba843c568a85fe18ac704e44a503758717bb70533c,a740d1d10d7f4dfe56b57ea72a947f0c20e75abf97a687ca6da6cf0bcea8db4c
i04-matrix-replication__generation_sfb__overview__r5,generation_sfb__overview,largePersistedRecordSet,observed_heap_exhaustion,OutOfMemoryError: Java heap space,.local/iterations/i04-matrix-replication/runs/i04-matrix-replication__generation_sfb__overview__r5/submission-2/evaluation/report.json,9a3269aa5d0d0c4e62ff1bba843c568a85fe18ac704e44a503758717bb70533c,a740d1d10d7f4dfe56b57ea72a947f0c20e75abf97a687ca6da6cf0bcea8db4c
i04-matrix-replication__generation_sfb__none__r5,generation_sfb__none,rejectsNegativeScore,input_rejection_policy,AssertionError: Invalid record was accepted by storeRun.,.local/iterations/i04-matrix-replication/runs/i04-matrix-replication__generation_sfb__none__r5/submission-1/evaluation/report.json,1c29d2a54247e382bec15a701cc0c34267eada6da8d104c021f456bfc6355d50,14609a9d2202b8d314c397f5fbfc74a32fbb4ca9f14326d13df129d4a0e5a627
i04-matrix-replication__generation_sfb__none__r5,generation_sfb__none,rejectsNegativeTime,input_rejection_policy,AssertionError: Invalid record was accepted by storeRun.,.local/iterations/i04-matrix-replication/runs/i04-matrix-replication__generation_sfb__none__r5/submission-1/evaluation/report.json,1c29d2a54247e382bec15a701cc0c34267eada6da8d104c021f456bfc6355d50,14609a9d2202b8d314c397f5fbfc74a32fbb4ca9f14326d13df129d4a0e5a627
i04-matrix-replication__generation_sfb__none__r5,generation_sfb__none,rejectsExcessiveName,input_rejection_policy,AssertionError: Invalid record was accepted by storeRun.,.local/iterations/i04-matrix-replication/runs/i04-matrix-replication__generation_sfb__none__r5/submission-1/evaluation/report.json,1c29d2a54247e382bec15a701cc0c34267eada6da8d104c021f456bfc6355d50,14609a9d2202b8d314c397f5fbfc74a32fbb4ca9f14326d13df129d4a0e5a627
i04-matrix-replication__generation_sfb__none__r5,generation_sfb__none,boundsRetainedEntries,retention_threshold,AssertionError: More than 100 entries retained.,.local/iterations/i04-matrix-replication/runs/i04-matrix-replication__generation_sfb__none__r5/submission-1/evaluation/report.json,1c29d2a54247e382bec15a701cc0c34267eada6da8d104c021f456bfc6355d50,14609a9d2202b8d314c397f5fbfc74a32fbb4ca9f14326d13df129d4a0e5a627
i04-matrix-replication__generation_sfb__none__r5,generation_sfb__none,oversizedPhysicalLine,observed_heap_exhaustion,OutOfMemoryError: Java heap space,.local/iterations/i04-matrix-replication/runs/i04-matrix-replication__generation_sfb__none__r5/submission-1/evaluation/report.json,1c29d2a54247e382bec15a701cc0c34267eada6da8d104c021f456bfc6355d50,14609a9d2202b8d314c397f5fbfc74a32fbb4ca9f14326d13df129d4a0e5a627
i04-matrix-replication__generation_sfb__none__r5,generation_sfb__none,largePersistedRecordSet,observed_heap_exhaustion,OutOfMemoryError: Java heap space,.local/iterations/i04-matrix-replication/runs/i04-matrix-replication__generation_sfb__none__r5/submission-1/evaluation/report.json,1c29d2a54247e382bec15a701cc0c34267eada6da8d104c021f456bfc6355d50,14609a9d2202b8d314c397f5fbfc74a32fbb4ca9f14326d13df129d4a0e5a627
i04-matrix-replication__reuse_b__none__r5,reuse_b__none,rejectsNegativeScore,input_rejection_policy,AssertionError: Invalid record was accepted by storeRun.,.local/iterations/i04-matrix-replication/runs/i04-matrix-replication__reuse_b__none__r5/submission-2/evaluation/report.json,953cfbb440540d4cf4636eb658881a39703f67cc1c51fbf3c1fdec901913dc58,ade3b6382bd022e7a460b8e1bebbc103a199b031cd435dad5bf97e427ff82c85
i04-matrix-replication__reuse_b__none__r5,reuse_b__none,rejectsNegativeTime,input_rejection_policy,AssertionError: Invalid record was accepted by storeRun.,.local/iterations/i04-matrix-replication/runs/i04-matrix-replication__reuse_b__none__r5/submission-2/evaluation/report.json,953cfbb440540d4cf4636eb658881a39703f67cc1c51fbf3c1fdec901913dc58,ade3b6382bd022e7a460b8e1bebbc103a199b031cd435dad5bf97e427ff82c85
i04-matrix-replication__reuse_b__none__r5,reuse_b__none,rejectsNullName,input_rejection_policy,AssertionError: Invalid record was accepted by storeRun.,.local/iterations/i04-matrix-replication/runs/i04-matrix-replication__reuse_b__none__r5/submission-2/evaluation/report.json,953cfbb440540d4cf4636eb658881a39703f67cc1c51fbf3c1fdec901913dc58,ade3b6382bd022e7a460b8e1bebbc103a199b031cd435dad5bf97e427ff82c85
i04-matrix-replication__reuse_b__none__r5,reuse_b__none,rejectsBlankName,input_rejection_policy,AssertionError: Invalid record was accepted by storeRun.,.local/iterations/i04-matrix-replication/runs/i04-matrix-replication__reuse_b__none__r5/submission-2/evaluation/report.json,953cfbb440540d4cf4636eb658881a39703f67cc1c51fbf3c1fdec901913dc58,ade3b6382bd022e7a460b8e1bebbc103a199b031cd435dad5bf97e427ff82c85
i04-matrix-replication__reuse_b__none__r5,reuse_b__none,rejectsExcessiveName,input_rejection_policy,AssertionError: Invalid record was accepted by storeRun.,.local/iterations/i04-matrix-replication/runs/i04-matrix-replication__reuse_b__none__r5/submission-2/evaluation/report.json,953cfbb440540d4cf4636eb658881a39703f67cc1c51fbf3c1fdec901913dc58,ade3b6382bd022e7a460b8e1bebbc103a199b031cd435dad5bf97e427ff82c85
i04-matrix-replication__reuse_b__boundaries__r5,reuse_b__boundaries,rejectsNegativeScore,input_rejection_policy,AssertionError: Invalid record was accepted by storeRun.,.local/iterations/i04-matrix-replication/runs/i04-matrix-replication__reuse_b__boundaries__r5/submission-2/evaluation/report.json,7c7713247db1ee7e230cadef5f9f2c070414f4600a801780146585c81c28d953,35f2a848d9501be7e79b6d17c0c1fa650172a95599ab740d249110af11fc4ba0
i04-matrix-replication__reuse_b__boundaries__r5,reuse_b__boundaries,rejectsNegativeTime,input_rejection_policy,AssertionError: Invalid record was accepted by storeRun.,.local/iterations/i04-matrix-replication/runs/i04-matrix-replication__reuse_b__boundaries__r5/submission-2/evaluation/report.json,7c7713247db1ee7e230cadef5f9f2c070414f4600a801780146585c81c28d953,35f2a848d9501be7e79b6d17c0c1fa650172a95599ab740d249110af11fc4ba0
i04-matrix-replication__reuse_b__boundaries__r5,reuse_b__boundaries,rejectsNullName,input_rejection_policy,AssertionError: Invalid record was accepted by storeRun.,.local/iterations/i04-matrix-replication/runs/i04-matrix-replication__reuse_b__boundaries__r5/submission-2/evaluation/report.json,7c7713247db1ee7e230cadef5f9f2c070414f4600a801780146585c81c28d953,35f2a848d9501be7e79b6d17c0c1fa650172a95599ab740d249110af11fc4ba0
i04-matrix-replication__reuse_b__boundaries__r5,reuse_b__boundaries,rejectsBlankName,input_rejection_policy,AssertionError: Invalid record was accepted by storeRun.,.local/iterations/i04-matrix-replication/runs/i04-matrix-replication__reuse_b__boundaries__r5/submission-2/evaluation/report.json,7c7713247db1ee7e230cadef5f9f2c070414f4600a801780146585c81c28d953,35f2a848d9501be7e79b6d17c0c1fa650172a95599ab740d249110af11fc4ba0
i04-matrix-replication__reuse_b__boundaries__r5,reuse_b__boundaries,rejectsExcessiveName,input_rejection_policy,AssertionError: Invalid record was accepted by storeRun.,.local/iterations/i04-matrix-replication/runs/i04-matrix-replication__reuse_b__boundaries__r5/submission-2/evaluation/report.json,7c7713247db1ee7e230cadef5f9f2c070414f4600a801780146585c81c28d953,35f2a848d9501be7e79b6d17c0c1fa650172a95599ab740d249110af11fc4ba0
i04-matrix-replication__reuse_b__boundaries__r5,reuse_b__boundaries,boundsRetainedEntries,retention_threshold,AssertionError: More than 100 entries retained.,.local/iterations/i04-matrix-replication/runs/i04-matrix-replication__reuse_b__boundaries__r5/submission-2/evaluation/report.json,7c7713247db1ee7e230cadef5f9f2c070414f4600a801780146585c81c28d953,35f2a848d9501be7e79b6d17c0c1fa650172a95599ab740d249110af11fc4ba0
i04-matrix-replication__reuse_sb__none__r5,reuse_sb__none,rejectsNegativeScore,input_rejection_policy,AssertionError: Invalid record was accepted by storeRun.,.local/iterations/i04-matrix-replication/runs/i04-matrix-replication__reuse_sb__none__r5/submission-3/evaluation/report.json,7305151cd411fed3c90791b363d78c811383b920dc4f05975f193ac2418cbd23,44989db68ae087c4d23022ba496c968817fd041d0ee70608789db8f33ae611ba
i04-matrix-replication__reuse_sb__none__r5,reuse_sb__none,rejectsNegativeTime,input_rejection_policy,AssertionError: Invalid record was accepted by storeRun.,.local/iterations/i04-matrix-replication/runs/i04-matrix-replication__reuse_sb__none__r5/submission-3/evaluation/report.json,7305151cd411fed3c90791b363d78c811383b920dc4f05975f193ac2418cbd23,44989db68ae087c4d23022ba496c968817fd041d0ee70608789db8f33ae611ba
i04-matrix-replication__reuse_sb__none__r5,reuse_sb__none,rejectsNullName,input_rejection_policy,AssertionError: Invalid record was accepted by storeRun.,.local/iterations/i04-matrix-replication/runs/i04-matrix-replication__reuse_sb__none__r5/submission-3/evaluation/report.json,7305151cd411fed3c90791b363d78c811383b920dc4f05975f193ac2418cbd23,44989db68ae087c4d23022ba496c968817fd041d0ee70608789db8f33ae611ba
i04-matrix-replication__reuse_sb__none__r5,reuse_sb__none,rejectsBlankName,input_rejection_policy,AssertionError: Invalid record was accepted by storeRun.,.local/iterations/i04-matrix-replication/runs/i04-matrix-replication__reuse_sb__none__r5/submission-3/evaluation/report.json,7305151cd411fed3c90791b363d78c811383b920dc4f05975f193ac2418cbd23,44989db68ae087c4d23022ba496c968817fd041d0ee70608789db8f33ae611ba
i04-matrix-replication__reuse_sb__none__r5,reuse_sb__none,rejectsExcessiveName,input_rejection_policy,AssertionError: Invalid record was accepted by storeRun.,.local/iterations/i04-matrix-replication/runs/i04-matrix-replication__reuse_sb__none__r5/submission-3/evaluation/report.json,7305151cd411fed3c90791b363d78c811383b920dc4f05975f193ac2418cbd23,44989db68ae087c4d23022ba496c968817fd041d0ee70608789db8f33ae611ba
i04-matrix-replication__reuse_sb__none__r5,reuse_sb__none,boundsRetainedEntries,retention_threshold,AssertionError: More than 100 entries retained.,.local/iterations/i04-matrix-replication/runs/i04-matrix-replication__reuse_sb__none__r5/submission-3/evaluation/report.json,7305151cd411fed3c90791b363d78c811383b920dc4f05975f193ac2418cbd23,44989db68ae087c4d23022ba496c968817fd041d0ee70608789db8f33ae611ba
i04-matrix-replication__generation_s__overview__r5,generation_s__overview,rejectsNegativeScore,input_rejection_policy,AssertionError: Invalid record was accepted by storeRun.,.local/iterations/i04-matrix-replication/runs/i04-matrix-replication__generation_s__overview__r5/submission-3/evaluation/report.json,ac1065ad0bcfa5f98c6efc8b81c28f9ace4ec3e349245d9ac592aaeb131b64f2,f3be773ba54d97b195f0f600049a297608c6e59a38b8e6d0d7f8ef72b7ec56e7
i04-matrix-replication__generation_s__overview__r5,generation_s__overview,rejectsNegativeTime,input_rejection_policy,AssertionError: Invalid record was accepted by storeRun.,.local/iterations/i04-matrix-replication/runs/i04-matrix-replication__generation_s__overview__r5/submission-3/evaluation/report.json,ac1065ad0bcfa5f98c6efc8b81c28f9ace4ec3e349245d9ac592aaeb131b64f2,f3be773ba54d97b195f0f600049a297608c6e59a38b8e6d0d7f8ef72b7ec56e7
i04-matrix-replication__generation_s__overview__r5,generation_s__overview,rejectsNullName,input_rejection_policy,AssertionError: Invalid record was accepted by storeRun.,.local/iterations/i04-matrix-replication/runs/i04-matrix-replication__generation_s__overview__r5/submission-3/evaluation/report.json,ac1065ad0bcfa5f98c6efc8b81c28f9ace4ec3e349245d9ac592aaeb131b64f2,f3be773ba54d97b195f0f600049a297608c6e59a38b8e6d0d7f8ef72b7ec56e7
i04-matrix-replication__generation_s__overview__r5,generation_s__overview,rejectsBlankName,input_rejection_policy,AssertionError: Invalid record was accepted by storeRun.,.local/iterations/i04-matrix-replication/runs/i04-matrix-replication__generation_s__overview__r5/submission-3/evaluation/report.json,ac1065ad0bcfa5f98c6efc8b81c28f9ace4ec3e349245d9ac592aaeb131b64f2,f3be773ba54d97b195f0f600049a297608c6e59a38b8e6d0d7f8ef72b7ec56e7
i04-matrix-replication__generation_s__overview__r5,generation_s__overview,rejectsExcessiveName,input_rejection_policy,AssertionError: Invalid record was accepted by storeRun.,.local/iterations/i04-matrix-replication/runs/i04-matrix-replication__generation_s__overview__r5/submission-3/evaluation/report.json,ac1065ad0bcfa5f98c6efc8b81c28f9ace4ec3e349245d9ac592aaeb131b64f2,f3be773ba54d97b195f0f600049a297608c6e59a38b8e6d0d7f8ef72b7ec56e7
i04-matrix-replication__generation_s__overview__r5,generation_s__overview,boundsRetainedEntries,retention_threshold,AssertionError: More than 100 entries retained.,.local/iterations/i04-matrix-replication/runs/i04-matrix-replication__generation_s__overview__r5/submission-3/evaluation/report.json,ac1065ad0bcfa5f98c6efc8b81c28f9ace4ec3e349245d9ac592aaeb131b64f2,f3be773ba54d97b195f0f600049a297608c6e59a38b8e6d0d7f8ef72b7ec56e7
i04-matrix-replication__generation_s__overview__r5,generation_s__overview,oversizedPhysicalLine,observed_heap_exhaustion,OutOfMemoryError: Java heap space,.local/iterations/i04-matrix-replication/runs/i04-matrix-replication__generation_s__overview__r5/submission-3/evaluation/report.json,ac1065ad0bcfa5f98c6efc8b81c28f9ace4ec3e349245d9ac592aaeb131b64f2,f3be773ba54d97b195f0f600049a297608c6e59a38b8e6d0d7f8ef72b7ec56e7
i04-matrix-replication__generation_s__overview__r5,generation_s__overview,largePersistedRecordSet,observed_heap_exhaustion,OutOfMemoryError: Java heap space,.local/iterations/i04-matrix-replication/runs/i04-matrix-replication__generation_s__overview__r5/submission-3/evaluation/report.json,ac1065ad0bcfa5f98c6efc8b81c28f9ace4ec3e349245d9ac592aaeb131b64f2,f3be773ba54d97b195f0f600049a297608c6e59a38b8e6d0d7f8ef72b7ec56e7
i04-matrix-replication__reuse_sb__boundaries__r5,reuse_sb__boundaries,rejectsNegativeScore,input_rejection_policy,AssertionError: Invalid record was accepted by storeRun.,.local/iterations/i04-matrix-replication/runs/i04-matrix-replication__reuse_sb__boundaries__r5/submission-2/evaluation/report.json,9dc9f18722ee94e58610dde11e114c1086f1fedfa79d5da1e9db879a9679323e,b618e39db1a1e8cc49499ecba5aa112bc9c6cd0e385e1d7bbf9193d06ca48ce8
i04-matrix-replication__reuse_sb__boundaries__r5,reuse_sb__boundaries,rejectsNegativeTime,input_rejection_policy,AssertionError: Invalid record was accepted by storeRun.,.local/iterations/i04-matrix-replication/runs/i04-matrix-replication__reuse_sb__boundaries__r5/submission-2/evaluation/report.json,9dc9f18722ee94e58610dde11e114c1086f1fedfa79d5da1e9db879a9679323e,b618e39db1a1e8cc49499ecba5aa112bc9c6cd0e385e1d7bbf9193d06ca48ce8
i04-matrix-replication__reuse_sb__boundaries__r5,reuse_sb__boundaries,rejectsNullName,input_rejection_policy,AssertionError: Invalid record was accepted by storeRun.,.local/iterations/i04-matrix-replication/runs/i04-matrix-replication__reuse_sb__boundaries__r5/submission-2/evaluation/report.json,9dc9f18722ee94e58610dde11e114c1086f1fedfa79d5da1e9db879a9679323e,b618e39db1a1e8cc49499ecba5aa112bc9c6cd0e385e1d7bbf9193d06ca48ce8
i04-matrix-replication__reuse_sb__boundaries__r5,reuse_sb__boundaries,rejectsBlankName,input_rejection_policy,AssertionError: Invalid record was accepted by storeRun.,.local/iterations/i04-matrix-replication/runs/i04-matrix-replication__reuse_sb__boundaries__r5/submission-2/evaluation/report.json,9dc9f18722ee94e58610dde11e114c1086f1fedfa79d5da1e9db879a9679323e,b618e39db1a1e8cc49499ecba5aa112bc9c6cd0e385e1d7bbf9193d06ca48ce8
i04-matrix-replication__reuse_sb__boundaries__r5,reuse_sb__boundaries,rejectsExcessiveName,input_rejection_policy,AssertionError: Invalid record was accepted by storeRun.,.local/iterations/i04-matrix-replication/runs/i04-matrix-replication__reuse_sb__boundaries__r5/submission-2/evaluation/report.json,9dc9f18722ee94e58610dde11e114c1086f1fedfa79d5da1e9db879a9679323e,b618e39db1a1e8cc49499ecba5aa112bc9c6cd0e385e1d7bbf9193d06ca48ce8
i04-matrix-replication__reuse_sb__overview__r5,reuse_sb__overview,rejectsNegativeScore,input_rejection_policy,AssertionError: Invalid record was accepted by storeRun.,.local/iterations/i04-matrix-replication/runs/i04-matrix-replication__reuse_sb__overview__r5/submission-1/evaluation/report.json,79297753ef8e7a41e8e9e85ee646c10a2ae438a745b28b0b88a30ba387061a21,a8a6e55b082fa8f5adef02c5b28c62f4cd5412380b5243ca91a313873f645a44
i04-matrix-replication__reuse_sb__overview__r5,reuse_sb__overview,rejectsNegativeTime,input_rejection_policy,AssertionError: Invalid record was accepted by storeRun.,.local/iterations/i04-matrix-replication/runs/i04-matrix-replication__reuse_sb__overview__r5/submission-1/evaluation/report.json,79297753ef8e7a41e8e9e85ee646c10a2ae438a745b28b0b88a30ba387061a21,a8a6e55b082fa8f5adef02c5b28c62f4cd5412380b5243ca91a313873f645a44
i04-matrix-replication__reuse_sb__overview__r5,reuse_sb__overview,rejectsNullName,input_rejection_policy,AssertionError: Invalid record was accepted by storeRun.,.local/iterations/i04-matrix-replication/runs/i04-matrix-replication__reuse_sb__overview__r5/submission-1/evaluation/report.json,79297753ef8e7a41e8e9e85ee646c10a2ae438a745b28b0b88a30ba387061a21,a8a6e55b082fa8f5adef02c5b28c62f4cd5412380b5243ca91a313873f645a44
i04-matrix-replication__reuse_sb__overview__r5,reuse_sb__overview,rejectsBlankName,input_rejection_policy,AssertionError: Invalid record was accepted by storeRun.,.local/iterations/i04-matrix-replication/runs/i04-matrix-replication__reuse_sb__overview__r5/submission-1/evaluation/report.json,79297753ef8e7a41e8e9e85ee646c10a2ae438a745b28b0b88a30ba387061a21,a8a6e55b082fa8f5adef02c5b28c62f4cd5412380b5243ca91a313873f645a44
i04-matrix-replication__reuse_sb__overview__r5,reuse_sb__overview,rejectsExcessiveName,input_rejection_policy,AssertionError: Invalid record was accepted by storeRun.,.local/iterations/i04-matrix-replication/runs/i04-matrix-replication__reuse_sb__overview__r5/submission-1/evaluation/report.json,79297753ef8e7a41e8e9e85ee646c10a2ae438a745b28b0b88a30ba387061a21,a8a6e55b082fa8f5adef02c5b28c62f4cd5412380b5243ca91a313873f645a44
i04-matrix-replication__reuse_sb__overview__r5,reuse_sb__overview,boundsRetainedEntries,retention_threshold,AssertionError: More than 100 entries retained.,.local/iterations/i04-matrix-replication/runs/i04-matrix-replication__reuse_sb__overview__r5/submission-1/evaluation/report.json,79297753ef8e7a41e8e9e85ee646c10a2ae438a745b28b0b88a30ba387061a21,a8a6e55b082fa8f5adef02c5b28c62f4cd5412380b5243ca91a313873f645a44
i04-matrix-replication__generation_s__boundaries__r5,generation_s__boundaries,rejectsNegativeScore,input_rejection_policy,AssertionError: Invalid record was accepted by storeRun.,.local/iterations/i04-matrix-replication/runs/i04-matrix-replication__generation_s__boundaries__r5/submission-1/evaluation/report.json,53e0b5e7aaa1165a506122d8cb870f3dbc0ce36cd511784f7fb1a902845042b0,038b774b1b104676d0348317d760e6ae5f07c6c8ebb6f2ab02dbfe9b6ff646a1
i04-matrix-replication__generation_s__boundaries__r5,generation_s__boundaries,rejectsNegativeTime,input_rejection_policy,AssertionError: Invalid record was accepted by storeRun.,.local/iterations/i04-matrix-replication/runs/i04-matrix-replication__generation_s__boundaries__r5/submission-1/evaluation/report.json,53e0b5e7aaa1165a506122d8cb870f3dbc0ce36cd511784f7fb1a902845042b0,038b774b1b104676d0348317d760e6ae5f07c6c8ebb6f2ab02dbfe9b6ff646a1
i04-matrix-replication__generation_s__boundaries__r5,generation_s__boundaries,rejectsNullName,input_rejection_policy,AssertionError: Invalid record was accepted by storeRun.,.local/iterations/i04-matrix-replication/runs/i04-matrix-replication__generation_s__boundaries__r5/submission-1/evaluation/report.json,53e0b5e7aaa1165a506122d8cb870f3dbc0ce36cd511784f7fb1a902845042b0,038b774b1b104676d0348317d760e6ae5f07c6c8ebb6f2ab02dbfe9b6ff646a1
i04-matrix-replication__generation_s__boundaries__r5,generation_s__boundaries,rejectsBlankName,input_rejection_policy,AssertionError: Invalid record was accepted by storeRun.,.local/iterations/i04-matrix-replication/runs/i04-matrix-replication__generation_s__boundaries__r5/submission-1/evaluation/report.json,53e0b5e7aaa1165a506122d8cb870f3dbc0ce36cd511784f7fb1a902845042b0,038b774b1b104676d0348317d760e6ae5f07c6c8ebb6f2ab02dbfe9b6ff646a1
i04-matrix-replication__generation_s__boundaries__r5,generation_s__boundaries,rejectsExcessiveName,input_rejection_policy,AssertionError: Invalid record was accepted by storeRun.,.local/iterations/i04-matrix-replication/runs/i04-matrix-replication__generation_s__boundaries__r5/submission-1/evaluation/report.json,53e0b5e7aaa1165a506122d8cb870f3dbc0ce36cd511784f7fb1a902845042b0,038b774b1b104676d0348317d760e6ae5f07c6c8ebb6f2ab02dbfe9b6ff646a1
i04-matrix-replication__generation_s__boundaries__r5,generation_s__boundaries,oversizedPhysicalLine,observed_heap_exhaustion,OutOfMemoryError: Java heap space,.local/iterations/i04-matrix-replication/runs/i04-matrix-replication__generation_s__boundaries__r5/submission-1/evaluation/report.json,53e0b5e7aaa1165a506122d8cb870f3dbc0ce36cd511784f7fb1a902845042b0,038b774b1b104676d0348317d760e6ae5f07c6c8ebb6f2ab02dbfe9b6ff646a1
i04-matrix-replication__generation_s__boundaries__r5,generation_s__boundaries,largePersistedRecordSet,observed_heap_exhaustion,OutOfMemoryError: Java heap space,.local/iterations/i04-matrix-replication/runs/i04-matrix-replication__generation_s__boundaries__r5/submission-1/evaluation/report.json,53e0b5e7aaa1165a506122d8cb870f3dbc0ce36cd511784f7fb1a902845042b0,038b774b1b104676d0348317d760e6ae5f07c6c8ebb6f2ab02dbfe9b6ff646a1
i04-matrix-replication__generation_s__none__r5,generation_s__none,rejectsNegativeScore,input_rejection_policy,AssertionError: Invalid record was accepted by storeRun.,.local/iterations/i04-matrix-replication/runs/i04-matrix-replication__generation_s__none__r5/submission-1/evaluation/report.json,e6a7fc28f57143c0a106194785e2e568b1d7c64ab05ed705b77243aa82ba42e7,f8456fff153d4120458e690e5dbe4db785437e5428ce3758b4a3c727e1cf89ec
i04-matrix-replication__generation_s__none__r5,generation_s__none,rejectsNegativeTime,input_rejection_policy,AssertionError: Invalid record was accepted by storeRun.,.local/iterations/i04-matrix-replication/runs/i04-matrix-replication__generation_s__none__r5/submission-1/evaluation/report.json,e6a7fc28f57143c0a106194785e2e568b1d7c64ab05ed705b77243aa82ba42e7,f8456fff153d4120458e690e5dbe4db785437e5428ce3758b4a3c727e1cf89ec
i04-matrix-replication__generation_s__none__r5,generation_s__none,rejectsNullName,input_rejection_policy,AssertionError: Invalid record was accepted by storeRun.,.local/iterations/i04-matrix-replication/runs/i04-matrix-replication__generation_s__none__r5/submission-1/evaluation/report.json,e6a7fc28f57143c0a106194785e2e568b1d7c64ab05ed705b77243aa82ba42e7,f8456fff153d4120458e690e5dbe4db785437e5428ce3758b4a3c727e1cf89ec
i04-matrix-replication__generation_s__none__r5,generation_s__none,rejectsBlankName,input_rejection_policy,AssertionError: Invalid record was accepted by storeRun.,.local/iterations/i04-matrix-replication/runs/i04-matrix-replication__generation_s__none__r5/submission-1/evaluation/report.json,e6a7fc28f57143c0a106194785e2e568b1d7c64ab05ed705b77243aa82ba42e7,f8456fff153d4120458e690e5dbe4db785437e5428ce3758b4a3c727e1cf89ec
i04-matrix-replication__generation_s__none__r5,generation_s__none,rejectsExcessiveName,input_rejection_policy,AssertionError: Invalid record was accepted by storeRun.,.local/iterations/i04-matrix-replication/runs/i04-matrix-replication__generation_s__none__r5/submission-1/evaluation/report.json,e6a7fc28f57143c0a106194785e2e568b1d7c64ab05ed705b77243aa82ba42e7,f8456fff153d4120458e690e5dbe4db785437e5428ce3758b4a3c727e1cf89ec
i04-matrix-replication__generation_s__none__r5,generation_s__none,oversizedPhysicalLine,observed_heap_exhaustion,OutOfMemoryError: Java heap space,.local/iterations/i04-matrix-replication/runs/i04-matrix-replication__generation_s__none__r5/submission-1/evaluation/report.json,e6a7fc28f57143c0a106194785e2e568b1d7c64ab05ed705b77243aa82ba42e7,f8456fff153d4120458e690e5dbe4db785437e5428ce3758b4a3c727e1cf89ec
i04-matrix-replication__generation_s__none__r5,generation_s__none,largePersistedRecordSet,observed_heap_exhaustion,OutOfMemoryError: Java heap space,.local/iterations/i04-matrix-replication/runs/i04-matrix-replication__generation_s__none__r5/submission-1/evaluation/report.json,e6a7fc28f57143c0a106194785e2e568b1d7c64ab05ed705b77243aa82ba42e7,f8456fff153d4120458e690e5dbe4db785437e5428ce3758b4a3c727e1cf89ec
i04-matrix-replication__reuse_sb__requirements__r5,reuse_sb__requirements,oversizedPhysicalLine,observed_heap_exhaustion,OutOfMemoryError: Java heap space,.local/iterations/i04-matrix-replication/runs/i04-matrix-replication__reuse_sb__requirements__r5/submission-1/evaluation/report.json,04e832d7a28cf1436eb9698131b11823d2cab330c842fd57fff9541af6fd9749,b7d9861a4167ff554af02529f8b5a4836d236ddc422250420b2be1d0d5312c68
i04-matrix-replication__reuse_b__requirements__r5,reuse_b__requirements,oversizedPhysicalLine,observed_heap_exhaustion,OutOfMemoryError: Java heap space,.local/iterations/i04-matrix-replication/runs/i04-matrix-replication__reuse_b__requirements__r5/submission-3/evaluation/report.json,4e3b54c6c8ed4267cec34593e80dcb882867666c2461af9dcafeb6130fd612c0,38894994917f6327a15dca5a8f9079ad5688bf7a65daf93f833ba7e93b33f9c0
i04-matrix-replication__generation_sfb__boundaries__r5,generation_sfb__boundaries,rejectsNegativeScore,input_rejection_policy,AssertionError: Invalid record was accepted by storeRun.,.local/iterations/i04-matrix-replication/runs/i04-matrix-replication__generation_sfb__boundaries__r5/submission-3/evaluation/report.json,964023b68ac36da03eb61811b685fa604376ae6ba72c7e667da98c340a12665c,c1ee25b820f770ccf9f7e019a4bc5df1a1fcfc2c945ac6a214453fc5d3bb4892
i04-matrix-replication__generation_sfb__boundaries__r5,generation_sfb__boundaries,rejectsExcessiveName,input_rejection_policy,AssertionError: Invalid record was accepted by storeRun.,.local/iterations/i04-matrix-replication/runs/i04-matrix-replication__generation_sfb__boundaries__r5/submission-3/evaluation/report.json,964023b68ac36da03eb61811b685fa604376ae6ba72c7e667da98c340a12665c,c1ee25b820f770ccf9f7e019a4bc5df1a1fcfc2c945ac6a214453fc5d3bb4892
i04-matrix-replication__generation_sfb__boundaries__r5,generation_sfb__boundaries,oversizedPhysicalLine,observed_heap_exhaustion,OutOfMemoryError: Java heap space,.local/iterations/i04-matrix-replication/runs/i04-matrix-replication__generation_sfb__boundaries__r5/submission-3/evaluation/report.json,964023b68ac36da03eb61811b685fa604376ae6ba72c7e667da98c340a12665c,c1ee25b820f770ccf9f7e019a4bc5df1a1fcfc2c945ac6a214453fc5d3bb4892
i04-matrix-replication__generation_s__requirements__r5,generation_s__requirements,rejectsNegativeScore,input_rejection_policy,AssertionError: Invalid record was accepted by storeRun.,.local/iterations/i04-matrix-replication/runs/i04-matrix-replication__generation_s__requirements__r5/submission-2/evaluation/report.json,1ff180f915ac84b7bed0e2433b17eab7c5ad3a4473fd459436771ca240ff2200,6d9f8fa259a00e561e2eeff82e44bf6a7c955dd503ca1a4857b8985152b6791b
i04-matrix-replication__generation_s__requirements__r5,generation_s__requirements,oversizedPhysicalLine,observed_heap_exhaustion,OutOfMemoryError: Java heap space,.local/iterations/i04-matrix-replication/runs/i04-matrix-replication__generation_s__requirements__r5/submission-2/evaluation/report.json,1ff180f915ac84b7bed0e2433b17eab7c5ad3a4473fd459436771ca240ff2200,6d9f8fa259a00e561e2eeff82e44bf6a7c955dd503ca1a4857b8985152b6791b
i04-matrix-replication__reuse_b__overview__r5,reuse_b__overview,rejectsNegativeScore,input_rejection_policy,AssertionError: Invalid record was accepted by storeRun.,.local/iterations/i04-matrix-replication/runs/i04-matrix-replication__reuse_b__overview__r5/submission-1/evaluation/report.json,2bfe45a8358fd237f01dfefcd25f5913ebb6292b7d8b90c58ee31abcc04dda9c,ae9f90ae2b3218a03d1d99a35df3c11a777b368294757c6faefc400a778adecb
i04-matrix-replication__reuse_b__overview__r5,reuse_b__overview,rejectsNegativeTime,input_rejection_policy,AssertionError: Invalid record was accepted by storeRun.,.local/iterations/i04-matrix-replication/runs/i04-matrix-replication__reuse_b__overview__r5/submission-1/evaluation/report.json,2bfe45a8358fd237f01dfefcd25f5913ebb6292b7d8b90c58ee31abcc04dda9c,ae9f90ae2b3218a03d1d99a35df3c11a777b368294757c6faefc400a778adecb
i04-matrix-replication__reuse_b__overview__r5,reuse_b__overview,rejectsNullName,input_rejection_policy,AssertionError: Invalid record was accepted by storeRun.,.local/iterations/i04-matrix-replication/runs/i04-matrix-replication__reuse_b__overview__r5/submission-1/evaluation/report.json,2bfe45a8358fd237f01dfefcd25f5913ebb6292b7d8b90c58ee31abcc04dda9c,ae9f90ae2b3218a03d1d99a35df3c11a777b368294757c6faefc400a778adecb
i04-matrix-replication__reuse_b__overview__r5,reuse_b__overview,rejectsBlankName,input_rejection_policy,AssertionError: Invalid record was accepted by storeRun.,.local/iterations/i04-matrix-replication/runs/i04-matrix-replication__reuse_b__overview__r5/submission-1/evaluation/report.json,2bfe45a8358fd237f01dfefcd25f5913ebb6292b7d8b90c58ee31abcc04dda9c,ae9f90ae2b3218a03d1d99a35df3c11a777b368294757c6faefc400a778adecb
i04-matrix-replication__reuse_b__overview__r5,reuse_b__overview,rejectsExcessiveName,input_rejection_policy,AssertionError: Invalid record was accepted by storeRun.,.local/iterations/i04-matrix-replication/runs/i04-matrix-replication__reuse_b__overview__r5/submission-1/evaluation/report.json,2bfe45a8358fd237f01dfefcd25f5913ebb6292b7d8b90c58ee31abcc04dda9c,ae9f90ae2b3218a03d1d99a35df3c11a777b368294757c6faefc400a778adecb
i04-matrix-replication__reuse_b__overview__r5,reuse_b__overview,boundsRetainedEntries,retention_threshold,AssertionError: More than 100 entries retained.,.local/iterations/i04-matrix-replication/runs/i04-matrix-replication__reuse_b__overview__r5/submission-1/evaluation/report.json,2bfe45a8358fd237f01dfefcd25f5913ebb6292b7d8b90c58ee31abcc04dda9c,ae9f90ae2b3218a03d1d99a35df3c11a777b368294757c6faefc400a778adecb
i04-matrix-replication__reuse_b__overview__r5,reuse_b__overview,oversizedPhysicalLine,observed_heap_exhaustion,OutOfMemoryError: Java heap space,.local/iterations/i04-matrix-replication/runs/i04-matrix-replication__reuse_b__overview__r5/submission-1/evaluation/report.json,2bfe45a8358fd237f01dfefcd25f5913ebb6292b7d8b90c58ee31abcc04dda9c,ae9f90ae2b3218a03d1d99a35df3c11a777b368294757c6faefc400a778adecb
