runId,condition,test,category,detail,report,reportSha256,responseSha256
i23-matrix__reuse_s__single_shot__none__r1,reuse_s__single_shot__none,rejectsNegativeScore,input_rejection_policy,AssertionError: Invalid record was accepted by storeRun.,.local/iterations/i23-matrix/runs/i23-matrix__reuse_s__single_shot__none__r1/submission-1/evaluation/report.json,a4dda027476cee1aca0ee89791618b7ee7323053c1f4eecbd8db40fc5a2d1aca,26c686d453d5f214a53e2f7d39f5c174e5e2870e269bd67efcc234c5f286f4d9
i23-matrix__reuse_s__single_shot__none__r1,reuse_s__single_shot__none,rejectsNegativeTime,input_rejection_policy,AssertionError: Invalid record was accepted by storeRun.,.local/iterations/i23-matrix/runs/i23-matrix__reuse_s__single_shot__none__r1/submission-1/evaluation/report.json,a4dda027476cee1aca0ee89791618b7ee7323053c1f4eecbd8db40fc5a2d1aca,26c686d453d5f214a53e2f7d39f5c174e5e2870e269bd67efcc234c5f286f4d9
i23-matrix__reuse_s__single_shot__none__r1,reuse_s__single_shot__none,rejectsNullName,input_rejection_policy,AssertionError: Invalid record was accepted by storeRun.,.local/iterations/i23-matrix/runs/i23-matrix__reuse_s__single_shot__none__r1/submission-1/evaluation/report.json,a4dda027476cee1aca0ee89791618b7ee7323053c1f4eecbd8db40fc5a2d1aca,26c686d453d5f214a53e2f7d39f5c174e5e2870e269bd67efcc234c5f286f4d9
i23-matrix__reuse_s__single_shot__none__r1,reuse_s__single_shot__none,rejectsBlankName,input_rejection_policy,AssertionError: Invalid record was accepted by storeRun.,.local/iterations/i23-matrix/runs/i23-matrix__reuse_s__single_shot__none__r1/submission-1/evaluation/report.json,a4dda027476cee1aca0ee89791618b7ee7323053c1f4eecbd8db40fc5a2d1aca,26c686d453d5f214a53e2f7d39f5c174e5e2870e269bd67efcc234c5f286f4d9
i23-matrix__reuse_s__single_shot__none__r1,reuse_s__single_shot__none,rejectsExcessiveName,input_rejection_policy,AssertionError: Invalid record was accepted by storeRun.,.local/iterations/i23-matrix/runs/i23-matrix__reuse_s__single_shot__none__r1/submission-1/evaluation/report.json,a4dda027476cee1aca0ee89791618b7ee7323053c1f4eecbd8db40fc5a2d1aca,26c686d453d5f214a53e2f7d39f5c174e5e2870e269bd67efcc234c5f286f4d9
i23-matrix__reuse_s__single_shot__none__r1,reuse_s__single_shot__none,boundsRetainedEntries,retention_threshold,AssertionError: More than 100 entries retained.,.local/iterations/i23-matrix/runs/i23-matrix__reuse_s__single_shot__none__r1/submission-1/evaluation/report.json,a4dda027476cee1aca0ee89791618b7ee7323053c1f4eecbd8db40fc5a2d1aca,26c686d453d5f214a53e2f7d39f5c174e5e2870e269bd67efcc234c5f286f4d9
i23-matrix__reuse_s__single_shot__none__r1,reuse_s__single_shot__none,oversizedPhysicalLine,observed_heap_exhaustion,OutOfMemoryError: Java heap space,.local/iterations/i23-matrix/runs/i23-matrix__reuse_s__single_shot__none__r1/submission-1/evaluation/report.json,a4dda027476cee1aca0ee89791618b7ee7323053c1f4eecbd8db40fc5a2d1aca,26c686d453d5f214a53e2f7d39f5c174e5e2870e269bd67efcc234c5f286f4d9
i23-matrix__generation_none__single_shot__none__r1,generation_none__single_shot__none,rejectsNegativeScore,input_rejection_policy,AssertionError: Invalid record was accepted by storeRun.,.local/iterations/i23-matrix/runs/i23-matrix__generation_none__single_shot__none__r1/submission-1/evaluation/report.json,0c6d70d3d7780fa18398e8cf39da4679658af260c7efecec1149c2467e649aa1,f6392bece5f481f83f010d93e68521754caa8ce7541213565c1f9292308fcae8
i23-matrix__generation_none__single_shot__none__r1,generation_none__single_shot__none,rejectsNegativeTime,input_rejection_policy,AssertionError: Invalid record was accepted by storeRun.,.local/iterations/i23-matrix/runs/i23-matrix__generation_none__single_shot__none__r1/submission-1/evaluation/report.json,0c6d70d3d7780fa18398e8cf39da4679658af260c7efecec1149c2467e649aa1,f6392bece5f481f83f010d93e68521754caa8ce7541213565c1f9292308fcae8
i23-matrix__generation_none__single_shot__none__r1,generation_none__single_shot__none,rejectsNullName,input_rejection_policy,AssertionError: Invalid record was accepted by storeRun.,.local/iterations/i23-matrix/runs/i23-matrix__generation_none__single_shot__none__r1/submission-1/evaluation/report.json,0c6d70d3d7780fa18398e8cf39da4679658af260c7efecec1149c2467e649aa1,f6392bece5f481f83f010d93e68521754caa8ce7541213565c1f9292308fcae8
i23-matrix__generation_none__single_shot__none__r1,generation_none__single_shot__none,rejectsBlankName,input_rejection_policy,AssertionError: Invalid record was accepted by storeRun.,.local/iterations/i23-matrix/runs/i23-matrix__generation_none__single_shot__none__r1/submission-1/evaluation/report.json,0c6d70d3d7780fa18398e8cf39da4679658af260c7efecec1149c2467e649aa1,f6392bece5f481f83f010d93e68521754caa8ce7541213565c1f9292308fcae8
i23-matrix__generation_none__single_shot__none__r1,generation_none__single_shot__none,rejectsExcessiveName,input_rejection_policy,AssertionError: Invalid record was accepted by storeRun.,.local/iterations/i23-matrix/runs/i23-matrix__generation_none__single_shot__none__r1/submission-1/evaluation/report.json,0c6d70d3d7780fa18398e8cf39da4679658af260c7efecec1149c2467e649aa1,f6392bece5f481f83f010d93e68521754caa8ce7541213565c1f9292308fcae8
i23-matrix__generation_none__single_shot__none__r1,generation_none__single_shot__none,boundsRetainedEntries,retention_threshold,AssertionError: More than 100 entries retained.,.local/iterations/i23-matrix/runs/i23-matrix__generation_none__single_shot__none__r1/submission-1/evaluation/report.json,0c6d70d3d7780fa18398e8cf39da4679658af260c7efecec1149c2467e649aa1,f6392bece5f481f83f010d93e68521754caa8ce7541213565c1f9292308fcae8
i23-matrix__generation_sfb__single_shot__none__r1,generation_sfb__single_shot__none,rejectsNegativeScore,input_rejection_policy,AssertionError: Invalid record was accepted by storeRun.,.local/iterations/i23-matrix/runs/i23-matrix__generation_sfb__single_shot__none__r1/submission-1/evaluation/report.json,69c81170032ab9bfb8044e68d276ecf290b522278201bc8db456f332a3359ecd,546d9e0a87e641094fb057eabd00615b7954a2eafb1bac5c36bb226d30299765
i23-matrix__generation_sfb__single_shot__none__r1,generation_sfb__single_shot__none,rejectsExcessiveName,input_rejection_policy,AssertionError: Invalid record was accepted by storeRun.,.local/iterations/i23-matrix/runs/i23-matrix__generation_sfb__single_shot__none__r1/submission-1/evaluation/report.json,69c81170032ab9bfb8044e68d276ecf290b522278201bc8db456f332a3359ecd,546d9e0a87e641094fb057eabd00615b7954a2eafb1bac5c36bb226d30299765
i23-matrix__generation_sfb__single_shot__none__r1,generation_sfb__single_shot__none,boundsRetainedEntries,retention_threshold,AssertionError: More than 100 entries retained.,.local/iterations/i23-matrix/runs/i23-matrix__generation_sfb__single_shot__none__r1/submission-1/evaluation/report.json,69c81170032ab9bfb8044e68d276ecf290b522278201bc8db456f332a3359ecd,546d9e0a87e641094fb057eabd00615b7954a2eafb1bac5c36bb226d30299765
i23-matrix__reuse_sfb__single_shot__none__r1,reuse_sfb__single_shot__none,rejectsNegativeScore,input_rejection_policy,AssertionError: Invalid record was accepted by storeRun.,.local/iterations/i23-matrix/runs/i23-matrix__reuse_sfb__single_shot__none__r1/submission-1/evaluation/report.json,8f607f49c2e38f8db4fc730cce36a3bc0216014c3c275a72aee7d10860078b59,5d7d1a119f180395f58a7f9ecdda561747b046ea518c6d850c3db620397bcba1
i23-matrix__reuse_sfb__single_shot__none__r1,reuse_sfb__single_shot__none,rejectsNegativeTime,input_rejection_policy,AssertionError: Invalid record was accepted by storeRun.,.local/iterations/i23-matrix/runs/i23-matrix__reuse_sfb__single_shot__none__r1/submission-1/evaluation/report.json,8f607f49c2e38f8db4fc730cce36a3bc0216014c3c275a72aee7d10860078b59,5d7d1a119f180395f58a7f9ecdda561747b046ea518c6d850c3db620397bcba1
i23-matrix__reuse_sfb__single_shot__none__r1,reuse_sfb__single_shot__none,rejectsNullName,input_rejection_policy,AssertionError: Invalid record was accepted by storeRun.,.local/iterations/i23-matrix/runs/i23-matrix__reuse_sfb__single_shot__none__r1/submission-1/evaluation/report.json,8f607f49c2e38f8db4fc730cce36a3bc0216014c3c275a72aee7d10860078b59,5d7d1a119f180395f58a7f9ecdda561747b046ea518c6d850c3db620397bcba1
i23-matrix__reuse_sfb__single_shot__none__r1,reuse_sfb__single_shot__none,rejectsBlankName,input_rejection_policy,AssertionError: Invalid record was accepted by storeRun.,.local/iterations/i23-matrix/runs/i23-matrix__reuse_sfb__single_shot__none__r1/submission-1/evaluation/report.json,8f607f49c2e38f8db4fc730cce36a3bc0216014c3c275a72aee7d10860078b59,5d7d1a119f180395f58a7f9ecdda561747b046ea518c6d850c3db620397bcba1
i23-matrix__reuse_sfb__single_shot__none__r1,reuse_sfb__single_shot__none,rejectsExcessiveName,input_rejection_policy,AssertionError: Invalid record was accepted by storeRun.,.local/iterations/i23-matrix/runs/i23-matrix__reuse_sfb__single_shot__none__r1/submission-1/evaluation/report.json,8f607f49c2e38f8db4fc730cce36a3bc0216014c3c275a72aee7d10860078b59,5d7d1a119f180395f58a7f9ecdda561747b046ea518c6d850c3db620397bcba1
i23-matrix__reuse_sfb__single_shot__none__r1,reuse_sfb__single_shot__none,boundsRetainedEntries,retention_threshold,AssertionError: More than 100 entries retained.,.local/iterations/i23-matrix/runs/i23-matrix__reuse_sfb__single_shot__none__r1/submission-1/evaluation/report.json,8f607f49c2e38f8db4fc730cce36a3bc0216014c3c275a72aee7d10860078b59,5d7d1a119f180395f58a7f9ecdda561747b046ea518c6d850c3db620397bcba1
i23-matrix__reuse_sb__single_shot__none__r1,reuse_sb__single_shot__none,rejectsNegativeScore,input_rejection_policy,AssertionError: Invalid record was accepted by storeRun.,.local/iterations/i23-matrix/runs/i23-matrix__reuse_sb__single_shot__none__r1/submission-1/evaluation/report.json,38e925a8cce0d147bbe73ad026d1968ad721a97bc327c157664cc832f58d59a9,cad12d97e93a9eb82094b4fa8bd2100842ac42bc8ebaa3583f0077b9716243ed
i23-matrix__reuse_sb__single_shot__none__r1,reuse_sb__single_shot__none,rejectsNegativeTime,input_rejection_policy,AssertionError: Invalid record was accepted by storeRun.,.local/iterations/i23-matrix/runs/i23-matrix__reuse_sb__single_shot__none__r1/submission-1/evaluation/report.json,38e925a8cce0d147bbe73ad026d1968ad721a97bc327c157664cc832f58d59a9,cad12d97e93a9eb82094b4fa8bd2100842ac42bc8ebaa3583f0077b9716243ed
i23-matrix__reuse_sb__single_shot__none__r1,reuse_sb__single_shot__none,rejectsExcessiveName,input_rejection_policy,AssertionError: Invalid record was accepted by storeRun.,.local/iterations/i23-matrix/runs/i23-matrix__reuse_sb__single_shot__none__r1/submission-1/evaluation/report.json,38e925a8cce0d147bbe73ad026d1968ad721a97bc327c157664cc832f58d59a9,cad12d97e93a9eb82094b4fa8bd2100842ac42bc8ebaa3583f0077b9716243ed
i23-matrix__reuse_sb__single_shot__none__r1,reuse_sb__single_shot__none,boundsRetainedEntries,retention_threshold,AssertionError: More than 100 entries retained.,.local/iterations/i23-matrix/runs/i23-matrix__reuse_sb__single_shot__none__r1/submission-1/evaluation/report.json,38e925a8cce0d147bbe73ad026d1968ad721a97bc327c157664cc832f58d59a9,cad12d97e93a9eb82094b4fa8bd2100842ac42bc8ebaa3583f0077b9716243ed
i23-matrix__reuse_sb__single_shot__none__r1,reuse_sb__single_shot__none,oversizedPhysicalLine,observed_heap_exhaustion,OutOfMemoryError: Java heap space,.local/iterations/i23-matrix/runs/i23-matrix__reuse_sb__single_shot__none__r1/submission-1/evaluation/report.json,38e925a8cce0d147bbe73ad026d1968ad721a97bc327c157664cc832f58d59a9,cad12d97e93a9eb82094b4fa8bd2100842ac42bc8ebaa3583f0077b9716243ed
i23-matrix__generation_sb__single_shot__none__r1,generation_sb__single_shot__none,rejectsNegativeScore,input_rejection_policy,AssertionError: Invalid record was accepted by storeRun.,.local/iterations/i23-matrix/runs/i23-matrix__generation_sb__single_shot__none__r1/submission-1/evaluation/report.json,faa207431578ad4d32da7668847e0fd97f6b06dc5aeb5261cf5b56ede7e01c41,78cba98ba16dac475997d7d177fc425829e31a4906f1b00545026f40ca06571b
i23-matrix__generation_sb__single_shot__none__r1,generation_sb__single_shot__none,rejectsNegativeTime,input_rejection_policy,AssertionError: Invalid record was accepted by storeRun.,.local/iterations/i23-matrix/runs/i23-matrix__generation_sb__single_shot__none__r1/submission-1/evaluation/report.json,faa207431578ad4d32da7668847e0fd97f6b06dc5aeb5261cf5b56ede7e01c41,78cba98ba16dac475997d7d177fc425829e31a4906f1b00545026f40ca06571b
i23-matrix__generation_sb__single_shot__none__r1,generation_sb__single_shot__none,rejectsNullName,input_rejection_policy,AssertionError: Invalid record was accepted by storeRun.,.local/iterations/i23-matrix/runs/i23-matrix__generation_sb__single_shot__none__r1/submission-1/evaluation/report.json,faa207431578ad4d32da7668847e0fd97f6b06dc5aeb5261cf5b56ede7e01c41,78cba98ba16dac475997d7d177fc425829e31a4906f1b00545026f40ca06571b
i23-matrix__generation_sb__single_shot__none__r1,generation_sb__single_shot__none,rejectsBlankName,input_rejection_policy,AssertionError: Invalid record was accepted by storeRun.,.local/iterations/i23-matrix/runs/i23-matrix__generation_sb__single_shot__none__r1/submission-1/evaluation/report.json,faa207431578ad4d32da7668847e0fd97f6b06dc5aeb5261cf5b56ede7e01c41,78cba98ba16dac475997d7d177fc425829e31a4906f1b00545026f40ca06571b
i23-matrix__generation_sb__single_shot__none__r1,generation_sb__single_shot__none,rejectsExcessiveName,input_rejection_policy,AssertionError: Invalid record was accepted by storeRun.,.local/iterations/i23-matrix/runs/i23-matrix__generation_sb__single_shot__none__r1/submission-1/evaluation/report.json,faa207431578ad4d32da7668847e0fd97f6b06dc5aeb5261cf5b56ede7e01c41,78cba98ba16dac475997d7d177fc425829e31a4906f1b00545026f40ca06571b
i23-matrix__generation_sb__single_shot__none__r1,generation_sb__single_shot__none,boundsRetainedEntries,retention_threshold,AssertionError: More than 100 entries retained.,.local/iterations/i23-matrix/runs/i23-matrix__generation_sb__single_shot__none__r1/submission-1/evaluation/report.json,faa207431578ad4d32da7668847e0fd97f6b06dc5aeb5261cf5b56ede7e01c41,78cba98ba16dac475997d7d177fc425829e31a4906f1b00545026f40ca06571b
i23-matrix__generation_sb__single_shot__none__r1,generation_sb__single_shot__none,oversizedPhysicalLine,observed_heap_exhaustion,OutOfMemoryError: Java heap space,.local/iterations/i23-matrix/runs/i23-matrix__generation_sb__single_shot__none__r1/submission-1/evaluation/report.json,faa207431578ad4d32da7668847e0fd97f6b06dc5aeb5261cf5b56ede7e01c41,78cba98ba16dac475997d7d177fc425829e31a4906f1b00545026f40ca06571b
i23-matrix__reuse_sf__single_shot__none__r1,reuse_sf__single_shot__none,rejectsNegativeScore,input_rejection_policy,AssertionError: Invalid record was accepted by storeRun.,.local/iterations/i23-matrix/runs/i23-matrix__reuse_sf__single_shot__none__r1/submission-1/evaluation/report.json,eb3bad4281e6d8a8fe861533e27db6438f30a7b8dd3d6f952cccd08be5beb281,37aba6cdcb2a449e182b2dd5ddd35eeaf5bbcc3932365f1c16f7d2c21052d761
i23-matrix__reuse_sf__single_shot__none__r1,reuse_sf__single_shot__none,rejectsNegativeTime,input_rejection_policy,AssertionError: Invalid record was accepted by storeRun.,.local/iterations/i23-matrix/runs/i23-matrix__reuse_sf__single_shot__none__r1/submission-1/evaluation/report.json,eb3bad4281e6d8a8fe861533e27db6438f30a7b8dd3d6f952cccd08be5beb281,37aba6cdcb2a449e182b2dd5ddd35eeaf5bbcc3932365f1c16f7d2c21052d761
i23-matrix__reuse_sf__single_shot__none__r1,reuse_sf__single_shot__none,rejectsNullName,input_rejection_policy,AssertionError: Invalid record was accepted by storeRun.,.local/iterations/i23-matrix/runs/i23-matrix__reuse_sf__single_shot__none__r1/submission-1/evaluation/report.json,eb3bad4281e6d8a8fe861533e27db6438f30a7b8dd3d6f952cccd08be5beb281,37aba6cdcb2a449e182b2dd5ddd35eeaf5bbcc3932365f1c16f7d2c21052d761
i23-matrix__reuse_sf__single_shot__none__r1,reuse_sf__single_shot__none,rejectsBlankName,input_rejection_policy,AssertionError: Invalid record was accepted by storeRun.,.local/iterations/i23-matrix/runs/i23-matrix__reuse_sf__single_shot__none__r1/submission-1/evaluation/report.json,eb3bad4281e6d8a8fe861533e27db6438f30a7b8dd3d6f952cccd08be5beb281,37aba6cdcb2a449e182b2dd5ddd35eeaf5bbcc3932365f1c16f7d2c21052d761
i23-matrix__reuse_sf__single_shot__none__r1,reuse_sf__single_shot__none,rejectsExcessiveName,input_rejection_policy,AssertionError: Invalid record was accepted by storeRun.,.local/iterations/i23-matrix/runs/i23-matrix__reuse_sf__single_shot__none__r1/submission-1/evaluation/report.json,eb3bad4281e6d8a8fe861533e27db6438f30a7b8dd3d6f952cccd08be5beb281,37aba6cdcb2a449e182b2dd5ddd35eeaf5bbcc3932365f1c16f7d2c21052d761
i23-matrix__reuse_sf__single_shot__none__r1,reuse_sf__single_shot__none,oversizedPhysicalLine,observed_heap_exhaustion,OutOfMemoryError: Java heap space,.local/iterations/i23-matrix/runs/i23-matrix__reuse_sf__single_shot__none__r1/submission-1/evaluation/report.json,eb3bad4281e6d8a8fe861533e27db6438f30a7b8dd3d6f952cccd08be5beb281,37aba6cdcb2a449e182b2dd5ddd35eeaf5bbcc3932365f1c16f7d2c21052d761
i23-matrix__generation_f__single_shot__none__r1,generation_f__single_shot__none,rejectsNegativeScore,input_rejection_policy,AssertionError: Invalid record was accepted by storeRun.,.local/iterations/i23-matrix/runs/i23-matrix__generation_f__single_shot__none__r1/submission-1/evaluation/report.json,88e9c00e8106bc1fcf6ebf711533d12b66ef104b596e81bcef1957db39081c1d,8b9bd676f090ada1e9c5ecfed523fccb9ae5703170cc764033dd31ec38d5d581
i23-matrix__generation_f__single_shot__none__r1,generation_f__single_shot__none,rejectsNegativeTime,input_rejection_policy,AssertionError: Invalid record was accepted by storeRun.,.local/iterations/i23-matrix/runs/i23-matrix__generation_f__single_shot__none__r1/submission-1/evaluation/report.json,88e9c00e8106bc1fcf6ebf711533d12b66ef104b596e81bcef1957db39081c1d,8b9bd676f090ada1e9c5ecfed523fccb9ae5703170cc764033dd31ec38d5d581
i23-matrix__generation_f__single_shot__none__r1,generation_f__single_shot__none,rejectsNullName,input_rejection_policy,AssertionError: Invalid record was accepted by storeRun.,.local/iterations/i23-matrix/runs/i23-matrix__generation_f__single_shot__none__r1/submission-1/evaluation/report.json,88e9c00e8106bc1fcf6ebf711533d12b66ef104b596e81bcef1957db39081c1d,8b9bd676f090ada1e9c5ecfed523fccb9ae5703170cc764033dd31ec38d5d581
i23-matrix__generation_f__single_shot__none__r1,generation_f__single_shot__none,rejectsBlankName,input_rejection_policy,AssertionError: Invalid record was accepted by storeRun.,.local/iterations/i23-matrix/runs/i23-matrix__generation_f__single_shot__none__r1/submission-1/evaluation/report.json,88e9c00e8106bc1fcf6ebf711533d12b66ef104b596e81bcef1957db39081c1d,8b9bd676f090ada1e9c5ecfed523fccb9ae5703170cc764033dd31ec38d5d581
i23-matrix__generation_f__single_shot__none__r1,generation_f__single_shot__none,rejectsExcessiveName,input_rejection_policy,AssertionError: Invalid record was accepted by storeRun.,.local/iterations/i23-matrix/runs/i23-matrix__generation_f__single_shot__none__r1/submission-1/evaluation/report.json,88e9c00e8106bc1fcf6ebf711533d12b66ef104b596e81bcef1957db39081c1d,8b9bd676f090ada1e9c5ecfed523fccb9ae5703170cc764033dd31ec38d5d581
i23-matrix__generation_f__single_shot__none__r1,generation_f__single_shot__none,boundsRetainedEntries,retention_threshold,AssertionError: More than 100 entries retained.,.local/iterations/i23-matrix/runs/i23-matrix__generation_f__single_shot__none__r1/submission-1/evaluation/report.json,88e9c00e8106bc1fcf6ebf711533d12b66ef104b596e81bcef1957db39081c1d,8b9bd676f090ada1e9c5ecfed523fccb9ae5703170cc764033dd31ec38d5d581
i23-matrix__generation_f__single_shot__none__r1,generation_f__single_shot__none,oversizedPhysicalLine,observed_heap_exhaustion,OutOfMemoryError: Java heap space,.local/iterations/i23-matrix/runs/i23-matrix__generation_f__single_shot__none__r1/submission-1/evaluation/report.json,88e9c00e8106bc1fcf6ebf711533d12b66ef104b596e81bcef1957db39081c1d,8b9bd676f090ada1e9c5ecfed523fccb9ae5703170cc764033dd31ec38d5d581
i23-matrix__generation_s__single_shot__none__r2,generation_s__single_shot__none,rejectsNegativeScore,input_rejection_policy,AssertionError: Invalid record was accepted by storeRun.,.local/iterations/i23-matrix/runs/i23-matrix__generation_s__single_shot__none__r2/submission-1/evaluation/report.json,bf5cdc684fb98a3b280d6e7189d07fdf834af16695203c24a4b9d17e1196b231,f059776dca840396193b91d38a307b19c8b870963a608668297d4ee411f07abc
i23-matrix__generation_s__single_shot__none__r2,generation_s__single_shot__none,rejectsNegativeTime,input_rejection_policy,AssertionError: Invalid record was accepted by storeRun.,.local/iterations/i23-matrix/runs/i23-matrix__generation_s__single_shot__none__r2/submission-1/evaluation/report.json,bf5cdc684fb98a3b280d6e7189d07fdf834af16695203c24a4b9d17e1196b231,f059776dca840396193b91d38a307b19c8b870963a608668297d4ee411f07abc
i23-matrix__generation_s__single_shot__none__r2,generation_s__single_shot__none,rejectsNullName,input_rejection_policy,AssertionError: Invalid record was accepted by storeRun.,.local/iterations/i23-matrix/runs/i23-matrix__generation_s__single_shot__none__r2/submission-1/evaluation/report.json,bf5cdc684fb98a3b280d6e7189d07fdf834af16695203c24a4b9d17e1196b231,f059776dca840396193b91d38a307b19c8b870963a608668297d4ee411f07abc
i23-matrix__generation_s__single_shot__none__r2,generation_s__single_shot__none,rejectsBlankName,input_rejection_policy,AssertionError: Invalid record was accepted by storeRun.,.local/iterations/i23-matrix/runs/i23-matrix__generation_s__single_shot__none__r2/submission-1/evaluation/report.json,bf5cdc684fb98a3b280d6e7189d07fdf834af16695203c24a4b9d17e1196b231,f059776dca840396193b91d38a307b19c8b870963a608668297d4ee411f07abc
i23-matrix__generation_s__single_shot__none__r2,generation_s__single_shot__none,rejectsExcessiveName,input_rejection_policy,AssertionError: Invalid record was accepted by storeRun.,.local/iterations/i23-matrix/runs/i23-matrix__generation_s__single_shot__none__r2/submission-1/evaluation/report.json,bf5cdc684fb98a3b280d6e7189d07fdf834af16695203c24a4b9d17e1196b231,f059776dca840396193b91d38a307b19c8b870963a608668297d4ee411f07abc
i23-matrix__generation_s__single_shot__none__r2,generation_s__single_shot__none,boundsRetainedEntries,retention_threshold,AssertionError: More than 100 entries retained.,.local/iterations/i23-matrix/runs/i23-matrix__generation_s__single_shot__none__r2/submission-1/evaluation/report.json,bf5cdc684fb98a3b280d6e7189d07fdf834af16695203c24a4b9d17e1196b231,f059776dca840396193b91d38a307b19c8b870963a608668297d4ee411f07abc
i23-matrix__generation_s__single_shot__none__r2,generation_s__single_shot__none,oversizedPhysicalLine,observed_heap_exhaustion,OutOfMemoryError: Java heap space,.local/iterations/i23-matrix/runs/i23-matrix__generation_s__single_shot__none__r2/submission-1/evaluation/report.json,bf5cdc684fb98a3b280d6e7189d07fdf834af16695203c24a4b9d17e1196b231,f059776dca840396193b91d38a307b19c8b870963a608668297d4ee411f07abc
i23-matrix__reuse_fb__single_shot__none__r2,reuse_fb__single_shot__none,rejectsNegativeScore,input_rejection_policy,AssertionError: Invalid record was accepted by storeRun.,.local/iterations/i23-matrix/runs/i23-matrix__reuse_fb__single_shot__none__r2/submission-1/evaluation/report.json,d620f241d3eb3ee995d3e363d4ebaa8d57ab05bb6d9302fc46f9121b5631e777,4b08c1c4b9b7405ec6160d583d00b62eb649970a744ae0060339a40776cdd63c
i23-matrix__reuse_fb__single_shot__none__r2,reuse_fb__single_shot__none,rejectsNegativeTime,input_rejection_policy,AssertionError: Invalid record was accepted by storeRun.,.local/iterations/i23-matrix/runs/i23-matrix__reuse_fb__single_shot__none__r2/submission-1/evaluation/report.json,d620f241d3eb3ee995d3e363d4ebaa8d57ab05bb6d9302fc46f9121b5631e777,4b08c1c4b9b7405ec6160d583d00b62eb649970a744ae0060339a40776cdd63c
i23-matrix__reuse_fb__single_shot__none__r2,reuse_fb__single_shot__none,rejectsNullName,input_rejection_policy,AssertionError: Invalid record was accepted by storeRun.,.local/iterations/i23-matrix/runs/i23-matrix__reuse_fb__single_shot__none__r2/submission-1/evaluation/report.json,d620f241d3eb3ee995d3e363d4ebaa8d57ab05bb6d9302fc46f9121b5631e777,4b08c1c4b9b7405ec6160d583d00b62eb649970a744ae0060339a40776cdd63c
i23-matrix__reuse_fb__single_shot__none__r2,reuse_fb__single_shot__none,rejectsBlankName,input_rejection_policy,AssertionError: Invalid record was accepted by storeRun.,.local/iterations/i23-matrix/runs/i23-matrix__reuse_fb__single_shot__none__r2/submission-1/evaluation/report.json,d620f241d3eb3ee995d3e363d4ebaa8d57ab05bb6d9302fc46f9121b5631e777,4b08c1c4b9b7405ec6160d583d00b62eb649970a744ae0060339a40776cdd63c
i23-matrix__reuse_fb__single_shot__none__r2,reuse_fb__single_shot__none,rejectsExcessiveName,input_rejection_policy,AssertionError: Invalid record was accepted by storeRun.,.local/iterations/i23-matrix/runs/i23-matrix__reuse_fb__single_shot__none__r2/submission-1/evaluation/report.json,d620f241d3eb3ee995d3e363d4ebaa8d57ab05bb6d9302fc46f9121b5631e777,4b08c1c4b9b7405ec6160d583d00b62eb649970a744ae0060339a40776cdd63c
i23-matrix__reuse_fb__single_shot__none__r2,reuse_fb__single_shot__none,boundsRetainedEntries,retention_threshold,AssertionError: More than 100 entries retained.,.local/iterations/i23-matrix/runs/i23-matrix__reuse_fb__single_shot__none__r2/submission-1/evaluation/report.json,d620f241d3eb3ee995d3e363d4ebaa8d57ab05bb6d9302fc46f9121b5631e777,4b08c1c4b9b7405ec6160d583d00b62eb649970a744ae0060339a40776cdd63c
i23-matrix__reuse_fb__single_shot__none__r2,reuse_fb__single_shot__none,oversizedPhysicalLine,observed_heap_exhaustion,OutOfMemoryError: Java heap space,.local/iterations/i23-matrix/runs/i23-matrix__reuse_fb__single_shot__none__r2/submission-1/evaluation/report.json,d620f241d3eb3ee995d3e363d4ebaa8d57ab05bb6d9302fc46f9121b5631e777,4b08c1c4b9b7405ec6160d583d00b62eb649970a744ae0060339a40776cdd63c
i23-matrix__reuse_sfb__single_shot__none__r2,reuse_sfb__single_shot__none,rejectsNegativeScore,input_rejection_policy,AssertionError: Invalid record was accepted by storeRun.,.local/iterations/i23-matrix/runs/i23-matrix__reuse_sfb__single_shot__none__r2/submission-1/evaluation/report.json,7bda44f2bb806d4759d1a321a7e5399b575b6e2cb4cb5830b63b38a71316ad5f,b2b54b530a000b44aaf331b7b6b0afbb152dac8719d2e0b6c9dd4e19e72229d0
i23-matrix__reuse_sfb__single_shot__none__r2,reuse_sfb__single_shot__none,rejectsNegativeTime,input_rejection_policy,AssertionError: Invalid record was accepted by storeRun.,.local/iterations/i23-matrix/runs/i23-matrix__reuse_sfb__single_shot__none__r2/submission-1/evaluation/report.json,7bda44f2bb806d4759d1a321a7e5399b575b6e2cb4cb5830b63b38a71316ad5f,b2b54b530a000b44aaf331b7b6b0afbb152dac8719d2e0b6c9dd4e19e72229d0
i23-matrix__reuse_sfb__single_shot__none__r2,reuse_sfb__single_shot__none,rejectsNullName,input_rejection_policy,AssertionError: Invalid record was accepted by storeRun.,.local/iterations/i23-matrix/runs/i23-matrix__reuse_sfb__single_shot__none__r2/submission-1/evaluation/report.json,7bda44f2bb806d4759d1a321a7e5399b575b6e2cb4cb5830b63b38a71316ad5f,b2b54b530a000b44aaf331b7b6b0afbb152dac8719d2e0b6c9dd4e19e72229d0
i23-matrix__reuse_sfb__single_shot__none__r2,reuse_sfb__single_shot__none,rejectsBlankName,input_rejection_policy,AssertionError: Invalid record was accepted by storeRun.,.local/iterations/i23-matrix/runs/i23-matrix__reuse_sfb__single_shot__none__r2/submission-1/evaluation/report.json,7bda44f2bb806d4759d1a321a7e5399b575b6e2cb4cb5830b63b38a71316ad5f,b2b54b530a000b44aaf331b7b6b0afbb152dac8719d2e0b6c9dd4e19e72229d0
i23-matrix__reuse_sfb__single_shot__none__r2,reuse_sfb__single_shot__none,rejectsExcessiveName,input_rejection_policy,AssertionError: Invalid record was accepted by storeRun.,.local/iterations/i23-matrix/runs/i23-matrix__reuse_sfb__single_shot__none__r2/submission-1/evaluation/report.json,7bda44f2bb806d4759d1a321a7e5399b575b6e2cb4cb5830b63b38a71316ad5f,b2b54b530a000b44aaf331b7b6b0afbb152dac8719d2e0b6c9dd4e19e72229d0
i23-matrix__reuse_sfb__single_shot__none__r2,reuse_sfb__single_shot__none,boundsRetainedEntries,retention_threshold,AssertionError: More than 100 entries retained.,.local/iterations/i23-matrix/runs/i23-matrix__reuse_sfb__single_shot__none__r2/submission-1/evaluation/report.json,7bda44f2bb806d4759d1a321a7e5399b575b6e2cb4cb5830b63b38a71316ad5f,b2b54b530a000b44aaf331b7b6b0afbb152dac8719d2e0b6c9dd4e19e72229d0
i23-matrix__reuse_f__single_shot__none__r2,reuse_f__single_shot__none,rejectsNegativeScore,input_rejection_policy,AssertionError: Invalid record was accepted by storeRun.,.local/iterations/i23-matrix/runs/i23-matrix__reuse_f__single_shot__none__r2/submission-1/evaluation/report.json,711569236aaaba93e012a8ef0665869190dc42bd56a54c3b6e9c02edeb234574,1361bbac4fc5e65b3666d7084992bba78ea2e041481f37383f9ebef2aa355dc8
i23-matrix__reuse_f__single_shot__none__r2,reuse_f__single_shot__none,rejectsNegativeTime,input_rejection_policy,AssertionError: Invalid record was accepted by storeRun.,.local/iterations/i23-matrix/runs/i23-matrix__reuse_f__single_shot__none__r2/submission-1/evaluation/report.json,711569236aaaba93e012a8ef0665869190dc42bd56a54c3b6e9c02edeb234574,1361bbac4fc5e65b3666d7084992bba78ea2e041481f37383f9ebef2aa355dc8
i23-matrix__reuse_f__single_shot__none__r2,reuse_f__single_shot__none,rejectsNullName,input_rejection_policy,AssertionError: Invalid record was accepted by storeRun.,.local/iterations/i23-matrix/runs/i23-matrix__reuse_f__single_shot__none__r2/submission-1/evaluation/report.json,711569236aaaba93e012a8ef0665869190dc42bd56a54c3b6e9c02edeb234574,1361bbac4fc5e65b3666d7084992bba78ea2e041481f37383f9ebef2aa355dc8
i23-matrix__reuse_f__single_shot__none__r2,reuse_f__single_shot__none,rejectsBlankName,input_rejection_policy,AssertionError: Invalid record was accepted by storeRun.,.local/iterations/i23-matrix/runs/i23-matrix__reuse_f__single_shot__none__r2/submission-1/evaluation/report.json,711569236aaaba93e012a8ef0665869190dc42bd56a54c3b6e9c02edeb234574,1361bbac4fc5e65b3666d7084992bba78ea2e041481f37383f9ebef2aa355dc8
i23-matrix__reuse_f__single_shot__none__r2,reuse_f__single_shot__none,rejectsExcessiveName,input_rejection_policy,AssertionError: Invalid record was accepted by storeRun.,.local/iterations/i23-matrix/runs/i23-matrix__reuse_f__single_shot__none__r2/submission-1/evaluation/report.json,711569236aaaba93e012a8ef0665869190dc42bd56a54c3b6e9c02edeb234574,1361bbac4fc5e65b3666d7084992bba78ea2e041481f37383f9ebef2aa355dc8
i23-matrix__reuse_f__single_shot__none__r2,reuse_f__single_shot__none,boundsRetainedEntries,retention_threshold,AssertionError: More than 100 entries retained.,.local/iterations/i23-matrix/runs/i23-matrix__reuse_f__single_shot__none__r2/submission-1/evaluation/report.json,711569236aaaba93e012a8ef0665869190dc42bd56a54c3b6e9c02edeb234574,1361bbac4fc5e65b3666d7084992bba78ea2e041481f37383f9ebef2aa355dc8
i23-matrix__reuse_f__single_shot__none__r2,reuse_f__single_shot__none,oversizedPhysicalLine,observed_heap_exhaustion,OutOfMemoryError: Java heap space,.local/iterations/i23-matrix/runs/i23-matrix__reuse_f__single_shot__none__r2/submission-1/evaluation/report.json,711569236aaaba93e012a8ef0665869190dc42bd56a54c3b6e9c02edeb234574,1361bbac4fc5e65b3666d7084992bba78ea2e041481f37383f9ebef2aa355dc8
i23-matrix__reuse_b__single_shot__none__r2,reuse_b__single_shot__none,rejectsNegativeScore,input_rejection_policy,AssertionError: Invalid record was accepted by storeRun.,.local/iterations/i23-matrix/runs/i23-matrix__reuse_b__single_shot__none__r2/submission-1/evaluation/report.json,8bb34d0a36c3c191b8ebaa9b62f652d54d7116a3ba8d7f6a00513124ad366961,4cebe42ed0a0c0f82835fd3f9e963bdaa76f07c281ee878f2e93b10086080f3d
i23-matrix__reuse_b__single_shot__none__r2,reuse_b__single_shot__none,rejectsNegativeTime,input_rejection_policy,AssertionError: Invalid record was accepted by storeRun.,.local/iterations/i23-matrix/runs/i23-matrix__reuse_b__single_shot__none__r2/submission-1/evaluation/report.json,8bb34d0a36c3c191b8ebaa9b62f652d54d7116a3ba8d7f6a00513124ad366961,4cebe42ed0a0c0f82835fd3f9e963bdaa76f07c281ee878f2e93b10086080f3d
i23-matrix__reuse_b__single_shot__none__r2,reuse_b__single_shot__none,rejectsNullName,input_rejection_policy,AssertionError: Invalid record was accepted by storeRun.,.local/iterations/i23-matrix/runs/i23-matrix__reuse_b__single_shot__none__r2/submission-1/evaluation/report.json,8bb34d0a36c3c191b8ebaa9b62f652d54d7116a3ba8d7f6a00513124ad366961,4cebe42ed0a0c0f82835fd3f9e963bdaa76f07c281ee878f2e93b10086080f3d
i23-matrix__reuse_b__single_shot__none__r2,reuse_b__single_shot__none,rejectsBlankName,input_rejection_policy,AssertionError: Invalid record was accepted by storeRun.,.local/iterations/i23-matrix/runs/i23-matrix__reuse_b__single_shot__none__r2/submission-1/evaluation/report.json,8bb34d0a36c3c191b8ebaa9b62f652d54d7116a3ba8d7f6a00513124ad366961,4cebe42ed0a0c0f82835fd3f9e963bdaa76f07c281ee878f2e93b10086080f3d
i23-matrix__reuse_b__single_shot__none__r2,reuse_b__single_shot__none,rejectsExcessiveName,input_rejection_policy,AssertionError: Invalid record was accepted by storeRun.,.local/iterations/i23-matrix/runs/i23-matrix__reuse_b__single_shot__none__r2/submission-1/evaluation/report.json,8bb34d0a36c3c191b8ebaa9b62f652d54d7116a3ba8d7f6a00513124ad366961,4cebe42ed0a0c0f82835fd3f9e963bdaa76f07c281ee878f2e93b10086080f3d
i23-matrix__reuse_b__single_shot__none__r2,reuse_b__single_shot__none,boundsRetainedEntries,retention_threshold,AssertionError: More than 100 entries retained.,.local/iterations/i23-matrix/runs/i23-matrix__reuse_b__single_shot__none__r2/submission-1/evaluation/report.json,8bb34d0a36c3c191b8ebaa9b62f652d54d7116a3ba8d7f6a00513124ad366961,4cebe42ed0a0c0f82835fd3f9e963bdaa76f07c281ee878f2e93b10086080f3d
i23-matrix__generation_sf__single_shot__none__r2,generation_sf__single_shot__none,rejectsNegativeScore,input_rejection_policy,AssertionError: Invalid record was accepted by storeRun.,.local/iterations/i23-matrix/runs/i23-matrix__generation_sf__single_shot__none__r2/submission-1/evaluation/report.json,29a38ac771697d86c8db19466977c3a6e01e27cd512878a33d0f423a2f760b69,76a7516e5cbf1698108cf1389b02df5c4b66088369e942a3cda88db38700bdd4
i23-matrix__generation_sf__single_shot__none__r2,generation_sf__single_shot__none,rejectsNegativeTime,input_rejection_policy,AssertionError: Invalid record was accepted by storeRun.,.local/iterations/i23-matrix/runs/i23-matrix__generation_sf__single_shot__none__r2/submission-1/evaluation/report.json,29a38ac771697d86c8db19466977c3a6e01e27cd512878a33d0f423a2f760b69,76a7516e5cbf1698108cf1389b02df5c4b66088369e942a3cda88db38700bdd4
i23-matrix__generation_sf__single_shot__none__r2,generation_sf__single_shot__none,rejectsNullName,input_rejection_policy,AssertionError: Invalid record was accepted by storeRun.,.local/iterations/i23-matrix/runs/i23-matrix__generation_sf__single_shot__none__r2/submission-1/evaluation/report.json,29a38ac771697d86c8db19466977c3a6e01e27cd512878a33d0f423a2f760b69,76a7516e5cbf1698108cf1389b02df5c4b66088369e942a3cda88db38700bdd4
i23-matrix__generation_sf__single_shot__none__r2,generation_sf__single_shot__none,rejectsBlankName,input_rejection_policy,AssertionError: Invalid record was accepted by storeRun.,.local/iterations/i23-matrix/runs/i23-matrix__generation_sf__single_shot__none__r2/submission-1/evaluation/report.json,29a38ac771697d86c8db19466977c3a6e01e27cd512878a33d0f423a2f760b69,76a7516e5cbf1698108cf1389b02df5c4b66088369e942a3cda88db38700bdd4
i23-matrix__generation_sf__single_shot__none__r2,generation_sf__single_shot__none,rejectsExcessiveName,input_rejection_policy,AssertionError: Invalid record was accepted by storeRun.,.local/iterations/i23-matrix/runs/i23-matrix__generation_sf__single_shot__none__r2/submission-1/evaluation/report.json,29a38ac771697d86c8db19466977c3a6e01e27cd512878a33d0f423a2f760b69,76a7516e5cbf1698108cf1389b02df5c4b66088369e942a3cda88db38700bdd4
i23-matrix__generation_sf__single_shot__none__r2,generation_sf__single_shot__none,boundsRetainedEntries,retention_threshold,AssertionError: More than 100 entries retained.,.local/iterations/i23-matrix/runs/i23-matrix__generation_sf__single_shot__none__r2/submission-1/evaluation/report.json,29a38ac771697d86c8db19466977c3a6e01e27cd512878a33d0f423a2f760b69,76a7516e5cbf1698108cf1389b02df5c4b66088369e942a3cda88db38700bdd4
i23-matrix__generation_sf__single_shot__none__r2,generation_sf__single_shot__none,oversizedPhysicalLine,observed_heap_exhaustion,OutOfMemoryError: Java heap space,.local/iterations/i23-matrix/runs/i23-matrix__generation_sf__single_shot__none__r2/submission-1/evaluation/report.json,29a38ac771697d86c8db19466977c3a6e01e27cd512878a33d0f423a2f760b69,76a7516e5cbf1698108cf1389b02df5c4b66088369e942a3cda88db38700bdd4
i23-matrix__generation_f__single_shot__none__r2,generation_f__single_shot__none,rejectsNegativeScore,input_rejection_policy,AssertionError: Invalid record was accepted by storeRun.,.local/iterations/i23-matrix/runs/i23-matrix__generation_f__single_shot__none__r2/submission-1/evaluation/report.json,ab9adcd63c4b1c7991c269c1577e9f07841dd4be4c3bddb37484f795ec7063e3,458e15103d2ce5d2b7cf04ae611891aa6c85a4ebe2f5ee2ed33a4399d7750cf5
i23-matrix__generation_f__single_shot__none__r2,generation_f__single_shot__none,rejectsNegativeTime,input_rejection_policy,AssertionError: Invalid record was accepted by storeRun.,.local/iterations/i23-matrix/runs/i23-matrix__generation_f__single_shot__none__r2/submission-1/evaluation/report.json,ab9adcd63c4b1c7991c269c1577e9f07841dd4be4c3bddb37484f795ec7063e3,458e15103d2ce5d2b7cf04ae611891aa6c85a4ebe2f5ee2ed33a4399d7750cf5
i23-matrix__generation_f__single_shot__none__r2,generation_f__single_shot__none,rejectsNullName,input_rejection_policy,AssertionError: Invalid record was accepted by storeRun.,.local/iterations/i23-matrix/runs/i23-matrix__generation_f__single_shot__none__r2/submission-1/evaluation/report.json,ab9adcd63c4b1c7991c269c1577e9f07841dd4be4c3bddb37484f795ec7063e3,458e15103d2ce5d2b7cf04ae611891aa6c85a4ebe2f5ee2ed33a4399d7750cf5
i23-matrix__generation_f__single_shot__none__r2,generation_f__single_shot__none,rejectsBlankName,input_rejection_policy,AssertionError: Invalid record was accepted by storeRun.,.local/iterations/i23-matrix/runs/i23-matrix__generation_f__single_shot__none__r2/submission-1/evaluation/report.json,ab9adcd63c4b1c7991c269c1577e9f07841dd4be4c3bddb37484f795ec7063e3,458e15103d2ce5d2b7cf04ae611891aa6c85a4ebe2f5ee2ed33a4399d7750cf5
i23-matrix__generation_f__single_shot__none__r2,generation_f__single_shot__none,rejectsExcessiveName,input_rejection_policy,AssertionError: Invalid record was accepted by storeRun.,.local/iterations/i23-matrix/runs/i23-matrix__generation_f__single_shot__none__r2/submission-1/evaluation/report.json,ab9adcd63c4b1c7991c269c1577e9f07841dd4be4c3bddb37484f795ec7063e3,458e15103d2ce5d2b7cf04ae611891aa6c85a4ebe2f5ee2ed33a4399d7750cf5
i23-matrix__generation_f__single_shot__none__r2,generation_f__single_shot__none,boundsRetainedEntries,retention_threshold,AssertionError: More than 100 entries retained.,.local/iterations/i23-matrix/runs/i23-matrix__generation_f__single_shot__none__r2/submission-1/evaluation/report.json,ab9adcd63c4b1c7991c269c1577e9f07841dd4be4c3bddb37484f795ec7063e3,458e15103d2ce5d2b7cf04ae611891aa6c85a4ebe2f5ee2ed33a4399d7750cf5
i23-matrix__reuse_s__single_shot__none__r2,reuse_s__single_shot__none,rejectsNegativeScore,input_rejection_policy,AssertionError: Invalid record was accepted by storeRun.,.local/iterations/i23-matrix/runs/i23-matrix__reuse_s__single_shot__none__r2/submission-1/evaluation/report.json,9f74c1d8d5c404f690274bcd7b1f6dd3197f81e0ef89d6a9b13ae380eb6c14a2,8a6830dab59bb1aa2bc60fd8528804839d9e6258cef4414ce17929eb33f5a76b
i23-matrix__reuse_s__single_shot__none__r2,reuse_s__single_shot__none,rejectsNegativeTime,input_rejection_policy,AssertionError: Invalid record was accepted by storeRun.,.local/iterations/i23-matrix/runs/i23-matrix__reuse_s__single_shot__none__r2/submission-1/evaluation/report.json,9f74c1d8d5c404f690274bcd7b1f6dd3197f81e0ef89d6a9b13ae380eb6c14a2,8a6830dab59bb1aa2bc60fd8528804839d9e6258cef4414ce17929eb33f5a76b
i23-matrix__reuse_s__single_shot__none__r2,reuse_s__single_shot__none,rejectsExcessiveName,input_rejection_policy,AssertionError: Invalid record was accepted by storeRun.,.local/iterations/i23-matrix/runs/i23-matrix__reuse_s__single_shot__none__r2/submission-1/evaluation/report.json,9f74c1d8d5c404f690274bcd7b1f6dd3197f81e0ef89d6a9b13ae380eb6c14a2,8a6830dab59bb1aa2bc60fd8528804839d9e6258cef4414ce17929eb33f5a76b
i23-matrix__reuse_s__single_shot__none__r2,reuse_s__single_shot__none,boundsRetainedEntries,retention_threshold,AssertionError: More than 100 entries retained.,.local/iterations/i23-matrix/runs/i23-matrix__reuse_s__single_shot__none__r2/submission-1/evaluation/report.json,9f74c1d8d5c404f690274bcd7b1f6dd3197f81e0ef89d6a9b13ae380eb6c14a2,8a6830dab59bb1aa2bc60fd8528804839d9e6258cef4414ce17929eb33f5a76b
i23-matrix__reuse_s__single_shot__none__r2,reuse_s__single_shot__none,oversizedPhysicalLine,observed_heap_exhaustion,OutOfMemoryError: Java heap space,.local/iterations/i23-matrix/runs/i23-matrix__reuse_s__single_shot__none__r2/submission-1/evaluation/report.json,9f74c1d8d5c404f690274bcd7b1f6dd3197f81e0ef89d6a9b13ae380eb6c14a2,8a6830dab59bb1aa2bc60fd8528804839d9e6258cef4414ce17929eb33f5a76b
i23-matrix__reuse_sf__single_shot__none__r3,reuse_sf__single_shot__none,rejectsNegativeScore,input_rejection_policy,AssertionError: Invalid record was accepted by storeRun.,.local/iterations/i23-matrix/runs/i23-matrix__reuse_sf__single_shot__none__r3/submission-1/evaluation/report.json,4c2a91ede76a3407c321b1ba96835d2a6f7adb4c2e7f4e55c30a3f3b88c9c969,039e7a321cacc328a2a21a2c6b4d418c519199ae52175c49ee64f97a53323cfa
i23-matrix__reuse_sf__single_shot__none__r3,reuse_sf__single_shot__none,rejectsNegativeTime,input_rejection_policy,AssertionError: Invalid record was accepted by storeRun.,.local/iterations/i23-matrix/runs/i23-matrix__reuse_sf__single_shot__none__r3/submission-1/evaluation/report.json,4c2a91ede76a3407c321b1ba96835d2a6f7adb4c2e7f4e55c30a3f3b88c9c969,039e7a321cacc328a2a21a2c6b4d418c519199ae52175c49ee64f97a53323cfa
i23-matrix__reuse_sf__single_shot__none__r3,reuse_sf__single_shot__none,rejectsNullName,input_rejection_policy,AssertionError: Invalid record was accepted by storeRun.,.local/iterations/i23-matrix/runs/i23-matrix__reuse_sf__single_shot__none__r3/submission-1/evaluation/report.json,4c2a91ede76a3407c321b1ba96835d2a6f7adb4c2e7f4e55c30a3f3b88c9c969,039e7a321cacc328a2a21a2c6b4d418c519199ae52175c49ee64f97a53323cfa
i23-matrix__reuse_sf__single_shot__none__r3,reuse_sf__single_shot__none,rejectsBlankName,input_rejection_policy,AssertionError: Invalid record was accepted by storeRun.,.local/iterations/i23-matrix/runs/i23-matrix__reuse_sf__single_shot__none__r3/submission-1/evaluation/report.json,4c2a91ede76a3407c321b1ba96835d2a6f7adb4c2e7f4e55c30a3f3b88c9c969,039e7a321cacc328a2a21a2c6b4d418c519199ae52175c49ee64f97a53323cfa
i23-matrix__reuse_sf__single_shot__none__r3,reuse_sf__single_shot__none,rejectsExcessiveName,input_rejection_policy,AssertionError: Invalid record was accepted by storeRun.,.local/iterations/i23-matrix/runs/i23-matrix__reuse_sf__single_shot__none__r3/submission-1/evaluation/report.json,4c2a91ede76a3407c321b1ba96835d2a6f7adb4c2e7f4e55c30a3f3b88c9c969,039e7a321cacc328a2a21a2c6b4d418c519199ae52175c49ee64f97a53323cfa
i23-matrix__reuse_sf__single_shot__none__r3,reuse_sf__single_shot__none,boundsRetainedEntries,retention_threshold,AssertionError: More than 100 entries retained.,.local/iterations/i23-matrix/runs/i23-matrix__reuse_sf__single_shot__none__r3/submission-1/evaluation/report.json,4c2a91ede76a3407c321b1ba96835d2a6f7adb4c2e7f4e55c30a3f3b88c9c969,039e7a321cacc328a2a21a2c6b4d418c519199ae52175c49ee64f97a53323cfa
i23-matrix__reuse_sf__single_shot__none__r3,reuse_sf__single_shot__none,oversizedPhysicalLine,observed_heap_exhaustion,OutOfMemoryError: Java heap space,.local/iterations/i23-matrix/runs/i23-matrix__reuse_sf__single_shot__none__r3/submission-1/evaluation/report.json,4c2a91ede76a3407c321b1ba96835d2a6f7adb4c2e7f4e55c30a3f3b88c9c969,039e7a321cacc328a2a21a2c6b4d418c519199ae52175c49ee64f97a53323cfa
i23-matrix__reuse_s__single_shot__none__r3,reuse_s__single_shot__none,rejectsNegativeScore,input_rejection_policy,AssertionError: Invalid record was accepted by storeRun.,.local/iterations/i23-matrix/runs/i23-matrix__reuse_s__single_shot__none__r3/submission-1/evaluation/report.json,8b5c0e3fa75a314e98d392b294feb04d7cb67cb990c8e41b5de034531cdf1727,098a5ea3432c7e36c1c4d2f892d9629602041d85ebe6f61c011dc1430e4f18d1
i23-matrix__reuse_s__single_shot__none__r3,reuse_s__single_shot__none,rejectsNegativeTime,input_rejection_policy,AssertionError: Invalid record was accepted by storeRun.,.local/iterations/i23-matrix/runs/i23-matrix__reuse_s__single_shot__none__r3/submission-1/evaluation/report.json,8b5c0e3fa75a314e98d392b294feb04d7cb67cb990c8e41b5de034531cdf1727,098a5ea3432c7e36c1c4d2f892d9629602041d85ebe6f61c011dc1430e4f18d1
i23-matrix__reuse_s__single_shot__none__r3,reuse_s__single_shot__none,rejectsNullName,input_rejection_policy,AssertionError: Invalid record was accepted by storeRun.,.local/iterations/i23-matrix/runs/i23-matrix__reuse_s__single_shot__none__r3/submission-1/evaluation/report.json,8b5c0e3fa75a314e98d392b294feb04d7cb67cb990c8e41b5de034531cdf1727,098a5ea3432c7e36c1c4d2f892d9629602041d85ebe6f61c011dc1430e4f18d1
i23-matrix__reuse_s__single_shot__none__r3,reuse_s__single_shot__none,rejectsBlankName,input_rejection_policy,AssertionError: Invalid record was accepted by storeRun.,.local/iterations/i23-matrix/runs/i23-matrix__reuse_s__single_shot__none__r3/submission-1/evaluation/report.json,8b5c0e3fa75a314e98d392b294feb04d7cb67cb990c8e41b5de034531cdf1727,098a5ea3432c7e36c1c4d2f892d9629602041d85ebe6f61c011dc1430e4f18d1
i23-matrix__reuse_s__single_shot__none__r3,reuse_s__single_shot__none,rejectsExcessiveName,input_rejection_policy,AssertionError: Invalid record was accepted by storeRun.,.local/iterations/i23-matrix/runs/i23-matrix__reuse_s__single_shot__none__r3/submission-1/evaluation/report.json,8b5c0e3fa75a314e98d392b294feb04d7cb67cb990c8e41b5de034531cdf1727,098a5ea3432c7e36c1c4d2f892d9629602041d85ebe6f61c011dc1430e4f18d1
i23-matrix__reuse_s__single_shot__none__r3,reuse_s__single_shot__none,oversizedPhysicalLine,observed_heap_exhaustion,OutOfMemoryError: Java heap space,.local/iterations/i23-matrix/runs/i23-matrix__reuse_s__single_shot__none__r3/submission-1/evaluation/report.json,8b5c0e3fa75a314e98d392b294feb04d7cb67cb990c8e41b5de034531cdf1727,098a5ea3432c7e36c1c4d2f892d9629602041d85ebe6f61c011dc1430e4f18d1
i23-matrix__generation_none__single_shot__none__r3,generation_none__single_shot__none,rejectsNegativeScore,input_rejection_policy,AssertionError: Invalid record was accepted by storeRun.,.local/iterations/i23-matrix/runs/i23-matrix__generation_none__single_shot__none__r3/submission-1/evaluation/report.json,cfdfdbe67e6e2d4840e327c5eb230ddf17034974c0778c3dcdd087efe46f67c4,dea4b035bd8f6b8527ec8679297b89c7731a17038f7b110d6520c786698372a8
i23-matrix__generation_none__single_shot__none__r3,generation_none__single_shot__none,rejectsNegativeTime,input_rejection_policy,AssertionError: Invalid record was accepted by storeRun.,.local/iterations/i23-matrix/runs/i23-matrix__generation_none__single_shot__none__r3/submission-1/evaluation/report.json,cfdfdbe67e6e2d4840e327c5eb230ddf17034974c0778c3dcdd087efe46f67c4,dea4b035bd8f6b8527ec8679297b89c7731a17038f7b110d6520c786698372a8
i23-matrix__generation_none__single_shot__none__r3,generation_none__single_shot__none,rejectsNullName,input_rejection_policy,AssertionError: Invalid record was accepted by storeRun.,.local/iterations/i23-matrix/runs/i23-matrix__generation_none__single_shot__none__r3/submission-1/evaluation/report.json,cfdfdbe67e6e2d4840e327c5eb230ddf17034974c0778c3dcdd087efe46f67c4,dea4b035bd8f6b8527ec8679297b89c7731a17038f7b110d6520c786698372a8
i23-matrix__generation_none__single_shot__none__r3,generation_none__single_shot__none,rejectsBlankName,input_rejection_policy,AssertionError: Invalid record was accepted by storeRun.,.local/iterations/i23-matrix/runs/i23-matrix__generation_none__single_shot__none__r3/submission-1/evaluation/report.json,cfdfdbe67e6e2d4840e327c5eb230ddf17034974c0778c3dcdd087efe46f67c4,dea4b035bd8f6b8527ec8679297b89c7731a17038f7b110d6520c786698372a8
i23-matrix__generation_none__single_shot__none__r3,generation_none__single_shot__none,rejectsExcessiveName,input_rejection_policy,AssertionError: Invalid record was accepted by storeRun.,.local/iterations/i23-matrix/runs/i23-matrix__generation_none__single_shot__none__r3/submission-1/evaluation/report.json,cfdfdbe67e6e2d4840e327c5eb230ddf17034974c0778c3dcdd087efe46f67c4,dea4b035bd8f6b8527ec8679297b89c7731a17038f7b110d6520c786698372a8
i23-matrix__generation_none__single_shot__none__r3,generation_none__single_shot__none,boundsRetainedEntries,retention_threshold,AssertionError: More than 100 entries retained.,.local/iterations/i23-matrix/runs/i23-matrix__generation_none__single_shot__none__r3/submission-1/evaluation/report.json,cfdfdbe67e6e2d4840e327c5eb230ddf17034974c0778c3dcdd087efe46f67c4,dea4b035bd8f6b8527ec8679297b89c7731a17038f7b110d6520c786698372a8
i23-matrix__generation_none__single_shot__none__r3,generation_none__single_shot__none,oversizedPhysicalLine,observed_heap_exhaustion,OutOfMemoryError: Java heap space,.local/iterations/i23-matrix/runs/i23-matrix__generation_none__single_shot__none__r3/submission-1/evaluation/report.json,cfdfdbe67e6e2d4840e327c5eb230ddf17034974c0778c3dcdd087efe46f67c4,dea4b035bd8f6b8527ec8679297b89c7731a17038f7b110d6520c786698372a8
i23-matrix__generation_sf__single_shot__none__r3,generation_sf__single_shot__none,rejectsNegativeScore,input_rejection_policy,AssertionError: Invalid record was accepted by storeRun.,.local/iterations/i23-matrix/runs/i23-matrix__generation_sf__single_shot__none__r3/submission-1/evaluation/report.json,f98237d058d6d83cb13454431f64629bce547fa32942cf200332746454fac2f4,41846410df68cc8ad86942780b520439b3b70bfac97a9174ae6c493fb86231ad
i23-matrix__generation_sf__single_shot__none__r3,generation_sf__single_shot__none,rejectsNegativeTime,input_rejection_policy,AssertionError: Invalid record was accepted by storeRun.,.local/iterations/i23-matrix/runs/i23-matrix__generation_sf__single_shot__none__r3/submission-1/evaluation/report.json,f98237d058d6d83cb13454431f64629bce547fa32942cf200332746454fac2f4,41846410df68cc8ad86942780b520439b3b70bfac97a9174ae6c493fb86231ad
i23-matrix__generation_sf__single_shot__none__r3,generation_sf__single_shot__none,rejectsNullName,input_rejection_policy,AssertionError: Invalid record was accepted by storeRun.,.local/iterations/i23-matrix/runs/i23-matrix__generation_sf__single_shot__none__r3/submission-1/evaluation/report.json,f98237d058d6d83cb13454431f64629bce547fa32942cf200332746454fac2f4,41846410df68cc8ad86942780b520439b3b70bfac97a9174ae6c493fb86231ad
i23-matrix__generation_sf__single_shot__none__r3,generation_sf__single_shot__none,rejectsBlankName,input_rejection_policy,AssertionError: Invalid record was accepted by storeRun.,.local/iterations/i23-matrix/runs/i23-matrix__generation_sf__single_shot__none__r3/submission-1/evaluation/report.json,f98237d058d6d83cb13454431f64629bce547fa32942cf200332746454fac2f4,41846410df68cc8ad86942780b520439b3b70bfac97a9174ae6c493fb86231ad
i23-matrix__generation_sf__single_shot__none__r3,generation_sf__single_shot__none,rejectsExcessiveName,input_rejection_policy,AssertionError: Invalid record was accepted by storeRun.,.local/iterations/i23-matrix/runs/i23-matrix__generation_sf__single_shot__none__r3/submission-1/evaluation/report.json,f98237d058d6d83cb13454431f64629bce547fa32942cf200332746454fac2f4,41846410df68cc8ad86942780b520439b3b70bfac97a9174ae6c493fb86231ad
i23-matrix__generation_sf__single_shot__none__r3,generation_sf__single_shot__none,boundsRetainedEntries,retention_threshold,AssertionError: More than 100 entries retained.,.local/iterations/i23-matrix/runs/i23-matrix__generation_sf__single_shot__none__r3/submission-1/evaluation/report.json,f98237d058d6d83cb13454431f64629bce547fa32942cf200332746454fac2f4,41846410df68cc8ad86942780b520439b3b70bfac97a9174ae6c493fb86231ad
i23-matrix__generation_fb__single_shot__none__r3,generation_fb__single_shot__none,rejectsNegativeScore,input_rejection_policy,AssertionError: Invalid record was accepted by storeRun.,.local/iterations/i23-matrix/runs/i23-matrix__generation_fb__single_shot__none__r3/submission-1/evaluation/report.json,3c61bc83fceef772fa51e80d27685a94ff090e6077a4241cd05d7549a3466833,9af6491e9b25c03a5cee969ed63a85b5f67764f820b46194062a1d0644a907b2
i23-matrix__generation_fb__single_shot__none__r3,generation_fb__single_shot__none,rejectsNegativeTime,input_rejection_policy,AssertionError: Invalid record was accepted by storeRun.,.local/iterations/i23-matrix/runs/i23-matrix__generation_fb__single_shot__none__r3/submission-1/evaluation/report.json,3c61bc83fceef772fa51e80d27685a94ff090e6077a4241cd05d7549a3466833,9af6491e9b25c03a5cee969ed63a85b5f67764f820b46194062a1d0644a907b2
i23-matrix__generation_fb__single_shot__none__r3,generation_fb__single_shot__none,rejectsNullName,input_rejection_policy,AssertionError: Invalid record was accepted by storeRun.,.local/iterations/i23-matrix/runs/i23-matrix__generation_fb__single_shot__none__r3/submission-1/evaluation/report.json,3c61bc83fceef772fa51e80d27685a94ff090e6077a4241cd05d7549a3466833,9af6491e9b25c03a5cee969ed63a85b5f67764f820b46194062a1d0644a907b2
i23-matrix__generation_fb__single_shot__none__r3,generation_fb__single_shot__none,rejectsBlankName,input_rejection_policy,AssertionError: Invalid record was accepted by storeRun.,.local/iterations/i23-matrix/runs/i23-matrix__generation_fb__single_shot__none__r3/submission-1/evaluation/report.json,3c61bc83fceef772fa51e80d27685a94ff090e6077a4241cd05d7549a3466833,9af6491e9b25c03a5cee969ed63a85b5f67764f820b46194062a1d0644a907b2
i23-matrix__generation_fb__single_shot__none__r3,generation_fb__single_shot__none,rejectsExcessiveName,input_rejection_policy,AssertionError: Invalid record was accepted by storeRun.,.local/iterations/i23-matrix/runs/i23-matrix__generation_fb__single_shot__none__r3/submission-1/evaluation/report.json,3c61bc83fceef772fa51e80d27685a94ff090e6077a4241cd05d7549a3466833,9af6491e9b25c03a5cee969ed63a85b5f67764f820b46194062a1d0644a907b2
i23-matrix__generation_fb__single_shot__none__r3,generation_fb__single_shot__none,boundsRetainedEntries,retention_threshold,AssertionError: More than 100 entries retained.,.local/iterations/i23-matrix/runs/i23-matrix__generation_fb__single_shot__none__r3/submission-1/evaluation/report.json,3c61bc83fceef772fa51e80d27685a94ff090e6077a4241cd05d7549a3466833,9af6491e9b25c03a5cee969ed63a85b5f67764f820b46194062a1d0644a907b2
i23-matrix__generation_fb__single_shot__none__r3,generation_fb__single_shot__none,oversizedPhysicalLine,observed_heap_exhaustion,OutOfMemoryError: Java heap space,.local/iterations/i23-matrix/runs/i23-matrix__generation_fb__single_shot__none__r3/submission-1/evaluation/report.json,3c61bc83fceef772fa51e80d27685a94ff090e6077a4241cd05d7549a3466833,9af6491e9b25c03a5cee969ed63a85b5f67764f820b46194062a1d0644a907b2
i23-matrix__generation_fb__single_shot__none__r3,generation_fb__single_shot__none,largePersistedRecordSet,observed_heap_exhaustion,OutOfMemoryError: Java heap space,.local/iterations/i23-matrix/runs/i23-matrix__generation_fb__single_shot__none__r3/submission-1/evaluation/report.json,3c61bc83fceef772fa51e80d27685a94ff090e6077a4241cd05d7549a3466833,9af6491e9b25c03a5cee969ed63a85b5f67764f820b46194062a1d0644a907b2
i23-matrix__generation_sfb__single_shot__none__r3,generation_sfb__single_shot__none,rejectsNegativeScore,input_rejection_policy,AssertionError: Invalid record was accepted by storeRun.,.local/iterations/i23-matrix/runs/i23-matrix__generation_sfb__single_shot__none__r3/submission-1/evaluation/report.json,61cafa7d7bb2563129ffe6db6d3bb7a2831cbd2e3ccb53b4da9bde9fd6f494a5,091ecc631973d08648d9c1db8f322b7b9221ed2027b19acd2e9e378f1211f353
i23-matrix__generation_sfb__single_shot__none__r3,generation_sfb__single_shot__none,rejectsNegativeTime,input_rejection_policy,AssertionError: Invalid record was accepted by storeRun.,.local/iterations/i23-matrix/runs/i23-matrix__generation_sfb__single_shot__none__r3/submission-1/evaluation/report.json,61cafa7d7bb2563129ffe6db6d3bb7a2831cbd2e3ccb53b4da9bde9fd6f494a5,091ecc631973d08648d9c1db8f322b7b9221ed2027b19acd2e9e378f1211f353
i23-matrix__generation_sfb__single_shot__none__r3,generation_sfb__single_shot__none,rejectsNullName,input_rejection_policy,AssertionError: Invalid record was accepted by storeRun.,.local/iterations/i23-matrix/runs/i23-matrix__generation_sfb__single_shot__none__r3/submission-1/evaluation/report.json,61cafa7d7bb2563129ffe6db6d3bb7a2831cbd2e3ccb53b4da9bde9fd6f494a5,091ecc631973d08648d9c1db8f322b7b9221ed2027b19acd2e9e378f1211f353
i23-matrix__generation_sfb__single_shot__none__r3,generation_sfb__single_shot__none,rejectsBlankName,input_rejection_policy,AssertionError: Invalid record was accepted by storeRun.,.local/iterations/i23-matrix/runs/i23-matrix__generation_sfb__single_shot__none__r3/submission-1/evaluation/report.json,61cafa7d7bb2563129ffe6db6d3bb7a2831cbd2e3ccb53b4da9bde9fd6f494a5,091ecc631973d08648d9c1db8f322b7b9221ed2027b19acd2e9e378f1211f353
i23-matrix__generation_sfb__single_shot__none__r3,generation_sfb__single_shot__none,rejectsExcessiveName,input_rejection_policy,AssertionError: Invalid record was accepted by storeRun.,.local/iterations/i23-matrix/runs/i23-matrix__generation_sfb__single_shot__none__r3/submission-1/evaluation/report.json,61cafa7d7bb2563129ffe6db6d3bb7a2831cbd2e3ccb53b4da9bde9fd6f494a5,091ecc631973d08648d9c1db8f322b7b9221ed2027b19acd2e9e378f1211f353
i23-matrix__generation_sfb__single_shot__none__r3,generation_sfb__single_shot__none,boundsRetainedEntries,retention_threshold,AssertionError: More than 100 entries retained.,.local/iterations/i23-matrix/runs/i23-matrix__generation_sfb__single_shot__none__r3/submission-1/evaluation/report.json,61cafa7d7bb2563129ffe6db6d3bb7a2831cbd2e3ccb53b4da9bde9fd6f494a5,091ecc631973d08648d9c1db8f322b7b9221ed2027b19acd2e9e378f1211f353
i23-matrix__generation_sfb__single_shot__none__r3,generation_sfb__single_shot__none,oversizedPhysicalLine,observed_heap_exhaustion,OutOfMemoryError: Java heap space,.local/iterations/i23-matrix/runs/i23-matrix__generation_sfb__single_shot__none__r3/submission-1/evaluation/report.json,61cafa7d7bb2563129ffe6db6d3bb7a2831cbd2e3ccb53b4da9bde9fd6f494a5,091ecc631973d08648d9c1db8f322b7b9221ed2027b19acd2e9e378f1211f353
i23-matrix__reuse_fb__single_shot__none__r3,reuse_fb__single_shot__none,rejectsNegativeScore,input_rejection_policy,AssertionError: Invalid record was accepted by storeRun.,.local/iterations/i23-matrix/runs/i23-matrix__reuse_fb__single_shot__none__r3/submission-1/evaluation/report.json,dd9fedbd2217b7096c77d10fca8e9aade3a1aa18409452a8ebb3395d9990b99a,431a88c1aeeba780d881557bd10820528065b1756ee15b30a1ccdd9049d8003f
i23-matrix__reuse_fb__single_shot__none__r3,reuse_fb__single_shot__none,rejectsNegativeTime,input_rejection_policy,AssertionError: Invalid record was accepted by storeRun.,.local/iterations/i23-matrix/runs/i23-matrix__reuse_fb__single_shot__none__r3/submission-1/evaluation/report.json,dd9fedbd2217b7096c77d10fca8e9aade3a1aa18409452a8ebb3395d9990b99a,431a88c1aeeba780d881557bd10820528065b1756ee15b30a1ccdd9049d8003f
i23-matrix__reuse_fb__single_shot__none__r3,reuse_fb__single_shot__none,rejectsExcessiveName,input_rejection_policy,AssertionError: Invalid record was accepted by storeRun.,.local/iterations/i23-matrix/runs/i23-matrix__reuse_fb__single_shot__none__r3/submission-1/evaluation/report.json,dd9fedbd2217b7096c77d10fca8e9aade3a1aa18409452a8ebb3395d9990b99a,431a88c1aeeba780d881557bd10820528065b1756ee15b30a1ccdd9049d8003f
i23-matrix__reuse_fb__single_shot__none__r3,reuse_fb__single_shot__none,oversizedPhysicalLine,observed_heap_exhaustion,OutOfMemoryError: Java heap space,.local/iterations/i23-matrix/runs/i23-matrix__reuse_fb__single_shot__none__r3/submission-1/evaluation/report.json,dd9fedbd2217b7096c77d10fca8e9aade3a1aa18409452a8ebb3395d9990b99a,431a88c1aeeba780d881557bd10820528065b1756ee15b30a1ccdd9049d8003f
i23-matrix__reuse_fb__single_shot__none__r3,reuse_fb__single_shot__none,largePersistedRecordSet,observed_heap_exhaustion,OutOfMemoryError: Java heap space,.local/iterations/i23-matrix/runs/i23-matrix__reuse_fb__single_shot__none__r3/submission-1/evaluation/report.json,dd9fedbd2217b7096c77d10fca8e9aade3a1aa18409452a8ebb3395d9990b99a,431a88c1aeeba780d881557bd10820528065b1756ee15b30a1ccdd9049d8003f
i23-matrix__reuse_b__single_shot__none__r3,reuse_b__single_shot__none,rejectsNegativeScore,input_rejection_policy,AssertionError: Invalid record was accepted by storeRun.,.local/iterations/i23-matrix/runs/i23-matrix__reuse_b__single_shot__none__r3/submission-1/evaluation/report.json,2594db561b9a6750abb8e2893621e89e41abf2477cbf869085c6badc560d6e9f,a7d5b9c71c975e93bd440fa7690c5965d5b5fb0ba25834937f9f62d41e7ad9fc
i23-matrix__reuse_b__single_shot__none__r3,reuse_b__single_shot__none,rejectsNegativeTime,input_rejection_policy,AssertionError: Invalid record was accepted by storeRun.,.local/iterations/i23-matrix/runs/i23-matrix__reuse_b__single_shot__none__r3/submission-1/evaluation/report.json,2594db561b9a6750abb8e2893621e89e41abf2477cbf869085c6badc560d6e9f,a7d5b9c71c975e93bd440fa7690c5965d5b5fb0ba25834937f9f62d41e7ad9fc
i23-matrix__reuse_b__single_shot__none__r3,reuse_b__single_shot__none,rejectsNullName,input_rejection_policy,AssertionError: Invalid record was accepted by storeRun.,.local/iterations/i23-matrix/runs/i23-matrix__reuse_b__single_shot__none__r3/submission-1/evaluation/report.json,2594db561b9a6750abb8e2893621e89e41abf2477cbf869085c6badc560d6e9f,a7d5b9c71c975e93bd440fa7690c5965d5b5fb0ba25834937f9f62d41e7ad9fc
i23-matrix__reuse_b__single_shot__none__r3,reuse_b__single_shot__none,rejectsBlankName,input_rejection_policy,AssertionError: Invalid record was accepted by storeRun.,.local/iterations/i23-matrix/runs/i23-matrix__reuse_b__single_shot__none__r3/submission-1/evaluation/report.json,2594db561b9a6750abb8e2893621e89e41abf2477cbf869085c6badc560d6e9f,a7d5b9c71c975e93bd440fa7690c5965d5b5fb0ba25834937f9f62d41e7ad9fc
i23-matrix__reuse_b__single_shot__none__r3,reuse_b__single_shot__none,rejectsExcessiveName,input_rejection_policy,AssertionError: Invalid record was accepted by storeRun.,.local/iterations/i23-matrix/runs/i23-matrix__reuse_b__single_shot__none__r3/submission-1/evaluation/report.json,2594db561b9a6750abb8e2893621e89e41abf2477cbf869085c6badc560d6e9f,a7d5b9c71c975e93bd440fa7690c5965d5b5fb0ba25834937f9f62d41e7ad9fc
i23-matrix__reuse_b__single_shot__none__r3,reuse_b__single_shot__none,boundsRetainedEntries,retention_threshold,AssertionError: More than 100 entries retained.,.local/iterations/i23-matrix/runs/i23-matrix__reuse_b__single_shot__none__r3/submission-1/evaluation/report.json,2594db561b9a6750abb8e2893621e89e41abf2477cbf869085c6badc560d6e9f,a7d5b9c71c975e93bd440fa7690c5965d5b5fb0ba25834937f9f62d41e7ad9fc
i23-matrix__reuse_f__single_shot__none__r3,reuse_f__single_shot__none,rejectsNegativeScore,input_rejection_policy,AssertionError: Invalid record was accepted by storeRun.,.local/iterations/i23-matrix/runs/i23-matrix__reuse_f__single_shot__none__r3/submission-1/evaluation/report.json,2990ba9f92354b5a3cfd9ce659f9d7ad9d314b76124f587644f689c0debb6198,57c1d43356feb46a5c40a181efb9ad96d54a128181f1d186e26e4a639f245b9a
i23-matrix__reuse_f__single_shot__none__r3,reuse_f__single_shot__none,rejectsNegativeTime,input_rejection_policy,AssertionError: Invalid record was accepted by storeRun.,.local/iterations/i23-matrix/runs/i23-matrix__reuse_f__single_shot__none__r3/submission-1/evaluation/report.json,2990ba9f92354b5a3cfd9ce659f9d7ad9d314b76124f587644f689c0debb6198,57c1d43356feb46a5c40a181efb9ad96d54a128181f1d186e26e4a639f245b9a
i23-matrix__reuse_f__single_shot__none__r3,reuse_f__single_shot__none,rejectsNullName,input_rejection_policy,AssertionError: Invalid record was accepted by storeRun.,.local/iterations/i23-matrix/runs/i23-matrix__reuse_f__single_shot__none__r3/submission-1/evaluation/report.json,2990ba9f92354b5a3cfd9ce659f9d7ad9d314b76124f587644f689c0debb6198,57c1d43356feb46a5c40a181efb9ad96d54a128181f1d186e26e4a639f245b9a
i23-matrix__reuse_f__single_shot__none__r3,reuse_f__single_shot__none,rejectsBlankName,input_rejection_policy,AssertionError: Invalid record was accepted by storeRun.,.local/iterations/i23-matrix/runs/i23-matrix__reuse_f__single_shot__none__r3/submission-1/evaluation/report.json,2990ba9f92354b5a3cfd9ce659f9d7ad9d314b76124f587644f689c0debb6198,57c1d43356feb46a5c40a181efb9ad96d54a128181f1d186e26e4a639f245b9a
i23-matrix__reuse_f__single_shot__none__r3,reuse_f__single_shot__none,rejectsExcessiveName,input_rejection_policy,AssertionError: Invalid record was accepted by storeRun.,.local/iterations/i23-matrix/runs/i23-matrix__reuse_f__single_shot__none__r3/submission-1/evaluation/report.json,2990ba9f92354b5a3cfd9ce659f9d7ad9d314b76124f587644f689c0debb6198,57c1d43356feb46a5c40a181efb9ad96d54a128181f1d186e26e4a639f245b9a
i23-matrix__reuse_f__single_shot__none__r3,reuse_f__single_shot__none,boundsRetainedEntries,retention_threshold,AssertionError: More than 100 entries retained.,.local/iterations/i23-matrix/runs/i23-matrix__reuse_f__single_shot__none__r3/submission-1/evaluation/report.json,2990ba9f92354b5a3cfd9ce659f9d7ad9d314b76124f587644f689c0debb6198,57c1d43356feb46a5c40a181efb9ad96d54a128181f1d186e26e4a639f245b9a
i23-matrix__reuse_f__single_shot__none__r3,reuse_f__single_shot__none,oversizedPhysicalLine,observed_heap_exhaustion,OutOfMemoryError: Java heap space,.local/iterations/i23-matrix/runs/i23-matrix__reuse_f__single_shot__none__r3/submission-1/evaluation/report.json,2990ba9f92354b5a3cfd9ce659f9d7ad9d314b76124f587644f689c0debb6198,57c1d43356feb46a5c40a181efb9ad96d54a128181f1d186e26e4a639f245b9a
i23-matrix__reuse_f__single_shot__none__r4,reuse_f__single_shot__none,rejectsNegativeScore,input_rejection_policy,AssertionError: Invalid record was accepted by storeRun.,.local/iterations/i23-matrix/runs/i23-matrix__reuse_f__single_shot__none__r4/submission-1/evaluation/report.json,bab05cc2c915ea0ba5899708987d03d4f4637320087ea94c62e141685f83d3f7,6e94a12e2b820f28dd9913f496d83e0890c2d43ecf57ea5c04e081818fa8802b
i23-matrix__reuse_f__single_shot__none__r4,reuse_f__single_shot__none,rejectsNegativeTime,input_rejection_policy,AssertionError: Invalid record was accepted by storeRun.,.local/iterations/i23-matrix/runs/i23-matrix__reuse_f__single_shot__none__r4/submission-1/evaluation/report.json,bab05cc2c915ea0ba5899708987d03d4f4637320087ea94c62e141685f83d3f7,6e94a12e2b820f28dd9913f496d83e0890c2d43ecf57ea5c04e081818fa8802b
i23-matrix__reuse_f__single_shot__none__r4,reuse_f__single_shot__none,rejectsNullName,input_rejection_policy,AssertionError: Invalid record was accepted by storeRun.,.local/iterations/i23-matrix/runs/i23-matrix__reuse_f__single_shot__none__r4/submission-1/evaluation/report.json,bab05cc2c915ea0ba5899708987d03d4f4637320087ea94c62e141685f83d3f7,6e94a12e2b820f28dd9913f496d83e0890c2d43ecf57ea5c04e081818fa8802b
i23-matrix__reuse_f__single_shot__none__r4,reuse_f__single_shot__none,rejectsBlankName,input_rejection_policy,AssertionError: Invalid record was accepted by storeRun.,.local/iterations/i23-matrix/runs/i23-matrix__reuse_f__single_shot__none__r4/submission-1/evaluation/report.json,bab05cc2c915ea0ba5899708987d03d4f4637320087ea94c62e141685f83d3f7,6e94a12e2b820f28dd9913f496d83e0890c2d43ecf57ea5c04e081818fa8802b
i23-matrix__reuse_f__single_shot__none__r4,reuse_f__single_shot__none,rejectsExcessiveName,input_rejection_policy,AssertionError: Invalid record was accepted by storeRun.,.local/iterations/i23-matrix/runs/i23-matrix__reuse_f__single_shot__none__r4/submission-1/evaluation/report.json,bab05cc2c915ea0ba5899708987d03d4f4637320087ea94c62e141685f83d3f7,6e94a12e2b820f28dd9913f496d83e0890c2d43ecf57ea5c04e081818fa8802b
i23-matrix__reuse_f__single_shot__none__r4,reuse_f__single_shot__none,boundsRetainedEntries,retention_threshold,AssertionError: More than 100 entries retained.,.local/iterations/i23-matrix/runs/i23-matrix__reuse_f__single_shot__none__r4/submission-1/evaluation/report.json,bab05cc2c915ea0ba5899708987d03d4f4637320087ea94c62e141685f83d3f7,6e94a12e2b820f28dd9913f496d83e0890c2d43ecf57ea5c04e081818fa8802b
i23-matrix__reuse_f__single_shot__none__r4,reuse_f__single_shot__none,oversizedPhysicalLine,observed_heap_exhaustion,OutOfMemoryError: Java heap space,.local/iterations/i23-matrix/runs/i23-matrix__reuse_f__single_shot__none__r4/submission-1/evaluation/report.json,bab05cc2c915ea0ba5899708987d03d4f4637320087ea94c62e141685f83d3f7,6e94a12e2b820f28dd9913f496d83e0890c2d43ecf57ea5c04e081818fa8802b
i23-matrix__generation_sf__single_shot__none__r4,generation_sf__single_shot__none,rejectsNegativeScore,input_rejection_policy,AssertionError: Invalid record was accepted by storeRun.,.local/iterations/i23-matrix/runs/i23-matrix__generation_sf__single_shot__none__r4/submission-1/evaluation/report.json,be5bcd9d9370dcf4d69ed5269aebb6b5a9c7b17a567b78d27c06cb90c046ac3d,591046f1ee2f317e1c721552affeda1cc34b558b9f5438ddec7b8ecc8b96822f
i23-matrix__generation_sf__single_shot__none__r4,generation_sf__single_shot__none,rejectsNegativeTime,input_rejection_policy,AssertionError: Invalid record was accepted by storeRun.,.local/iterations/i23-matrix/runs/i23-matrix__generation_sf__single_shot__none__r4/submission-1/evaluation/report.json,be5bcd9d9370dcf4d69ed5269aebb6b5a9c7b17a567b78d27c06cb90c046ac3d,591046f1ee2f317e1c721552affeda1cc34b558b9f5438ddec7b8ecc8b96822f
i23-matrix__generation_sf__single_shot__none__r4,generation_sf__single_shot__none,rejectsNullName,input_rejection_policy,AssertionError: Invalid record was accepted by storeRun.,.local/iterations/i23-matrix/runs/i23-matrix__generation_sf__single_shot__none__r4/submission-1/evaluation/report.json,be5bcd9d9370dcf4d69ed5269aebb6b5a9c7b17a567b78d27c06cb90c046ac3d,591046f1ee2f317e1c721552affeda1cc34b558b9f5438ddec7b8ecc8b96822f
i23-matrix__generation_sf__single_shot__none__r4,generation_sf__single_shot__none,rejectsBlankName,input_rejection_policy,AssertionError: Invalid record was accepted by storeRun.,.local/iterations/i23-matrix/runs/i23-matrix__generation_sf__single_shot__none__r4/submission-1/evaluation/report.json,be5bcd9d9370dcf4d69ed5269aebb6b5a9c7b17a567b78d27c06cb90c046ac3d,591046f1ee2f317e1c721552affeda1cc34b558b9f5438ddec7b8ecc8b96822f
i23-matrix__generation_sf__single_shot__none__r4,generation_sf__single_shot__none,rejectsExcessiveName,input_rejection_policy,AssertionError: Invalid record was accepted by storeRun.,.local/iterations/i23-matrix/runs/i23-matrix__generation_sf__single_shot__none__r4/submission-1/evaluation/report.json,be5bcd9d9370dcf4d69ed5269aebb6b5a9c7b17a567b78d27c06cb90c046ac3d,591046f1ee2f317e1c721552affeda1cc34b558b9f5438ddec7b8ecc8b96822f
i23-matrix__generation_sf__single_shot__none__r4,generation_sf__single_shot__none,boundsRetainedEntries,retention_threshold,AssertionError: More than 100 entries retained.,.local/iterations/i23-matrix/runs/i23-matrix__generation_sf__single_shot__none__r4/submission-1/evaluation/report.json,be5bcd9d9370dcf4d69ed5269aebb6b5a9c7b17a567b78d27c06cb90c046ac3d,591046f1ee2f317e1c721552affeda1cc34b558b9f5438ddec7b8ecc8b96822f
i23-matrix__generation_sf__single_shot__none__r4,generation_sf__single_shot__none,oversizedPhysicalLine,observed_heap_exhaustion,OutOfMemoryError: Java heap space,.local/iterations/i23-matrix/runs/i23-matrix__generation_sf__single_shot__none__r4/submission-1/evaluation/report.json,be5bcd9d9370dcf4d69ed5269aebb6b5a9c7b17a567b78d27c06cb90c046ac3d,591046f1ee2f317e1c721552affeda1cc34b558b9f5438ddec7b8ecc8b96822f
i23-matrix__reuse_sfb__single_shot__none__r4,reuse_sfb__single_shot__none,rejectsNegativeScore,input_rejection_policy,AssertionError: Invalid record was accepted by storeRun.,.local/iterations/i23-matrix/runs/i23-matrix__reuse_sfb__single_shot__none__r4/submission-1/evaluation/report.json,d76a7dc7bc2212a2a7ea4a4f0fe7a66173b42a96c05d8d206445eb5f93c400b1,2a3b8fb76d26a447325f7ff60f794675d2558b9300d1e30e56cca9f8ea706f97
i23-matrix__reuse_sfb__single_shot__none__r4,reuse_sfb__single_shot__none,rejectsNegativeTime,input_rejection_policy,AssertionError: Invalid record was accepted by storeRun.,.local/iterations/i23-matrix/runs/i23-matrix__reuse_sfb__single_shot__none__r4/submission-1/evaluation/report.json,d76a7dc7bc2212a2a7ea4a4f0fe7a66173b42a96c05d8d206445eb5f93c400b1,2a3b8fb76d26a447325f7ff60f794675d2558b9300d1e30e56cca9f8ea706f97
i23-matrix__reuse_sfb__single_shot__none__r4,reuse_sfb__single_shot__none,rejectsNullName,input_rejection_policy,AssertionError: Invalid record was accepted by storeRun.,.local/iterations/i23-matrix/runs/i23-matrix__reuse_sfb__single_shot__none__r4/submission-1/evaluation/report.json,d76a7dc7bc2212a2a7ea4a4f0fe7a66173b42a96c05d8d206445eb5f93c400b1,2a3b8fb76d26a447325f7ff60f794675d2558b9300d1e30e56cca9f8ea706f97
i23-matrix__reuse_sfb__single_shot__none__r4,reuse_sfb__single_shot__none,rejectsBlankName,input_rejection_policy,AssertionError: Invalid record was accepted by storeRun.,.local/iterations/i23-matrix/runs/i23-matrix__reuse_sfb__single_shot__none__r4/submission-1/evaluation/report.json,d76a7dc7bc2212a2a7ea4a4f0fe7a66173b42a96c05d8d206445eb5f93c400b1,2a3b8fb76d26a447325f7ff60f794675d2558b9300d1e30e56cca9f8ea706f97
i23-matrix__reuse_sfb__single_shot__none__r4,reuse_sfb__single_shot__none,rejectsExcessiveName,input_rejection_policy,AssertionError: Invalid record was accepted by storeRun.,.local/iterations/i23-matrix/runs/i23-matrix__reuse_sfb__single_shot__none__r4/submission-1/evaluation/report.json,d76a7dc7bc2212a2a7ea4a4f0fe7a66173b42a96c05d8d206445eb5f93c400b1,2a3b8fb76d26a447325f7ff60f794675d2558b9300d1e30e56cca9f8ea706f97
i23-matrix__reuse_sfb__single_shot__none__r4,reuse_sfb__single_shot__none,boundsRetainedEntries,retention_threshold,AssertionError: More than 100 entries retained.,.local/iterations/i23-matrix/runs/i23-matrix__reuse_sfb__single_shot__none__r4/submission-1/evaluation/report.json,d76a7dc7bc2212a2a7ea4a4f0fe7a66173b42a96c05d8d206445eb5f93c400b1,2a3b8fb76d26a447325f7ff60f794675d2558b9300d1e30e56cca9f8ea706f97
i23-matrix__reuse_sfb__single_shot__none__r4,reuse_sfb__single_shot__none,oversizedPhysicalLine,observed_heap_exhaustion,OutOfMemoryError: Java heap space,.local/iterations/i23-matrix/runs/i23-matrix__reuse_sfb__single_shot__none__r4/submission-1/evaluation/report.json,d76a7dc7bc2212a2a7ea4a4f0fe7a66173b42a96c05d8d206445eb5f93c400b1,2a3b8fb76d26a447325f7ff60f794675d2558b9300d1e30e56cca9f8ea706f97
i23-matrix__generation_s__single_shot__none__r4,generation_s__single_shot__none,rejectsNegativeScore,input_rejection_policy,AssertionError: Invalid record was accepted by storeRun.,.local/iterations/i23-matrix/runs/i23-matrix__generation_s__single_shot__none__r4/submission-1/evaluation/report.json,14881f93902b4f6c82df78d13f10a6454ebf9eb4789d3720c0d6147ab9760eb5,133da4da6ec44ea5985538d84f832a968b6e354976a6de64874d4446dc46959b
i23-matrix__generation_s__single_shot__none__r4,generation_s__single_shot__none,rejectsNegativeTime,input_rejection_policy,AssertionError: Invalid record was accepted by storeRun.,.local/iterations/i23-matrix/runs/i23-matrix__generation_s__single_shot__none__r4/submission-1/evaluation/report.json,14881f93902b4f6c82df78d13f10a6454ebf9eb4789d3720c0d6147ab9760eb5,133da4da6ec44ea5985538d84f832a968b6e354976a6de64874d4446dc46959b
i23-matrix__generation_s__single_shot__none__r4,generation_s__single_shot__none,rejectsExcessiveName,input_rejection_policy,AssertionError: Invalid record was accepted by storeRun.,.local/iterations/i23-matrix/runs/i23-matrix__generation_s__single_shot__none__r4/submission-1/evaluation/report.json,14881f93902b4f6c82df78d13f10a6454ebf9eb4789d3720c0d6147ab9760eb5,133da4da6ec44ea5985538d84f832a968b6e354976a6de64874d4446dc46959b
i23-matrix__generation_s__single_shot__none__r4,generation_s__single_shot__none,boundsRetainedEntries,retention_threshold,AssertionError: More than 100 entries retained.,.local/iterations/i23-matrix/runs/i23-matrix__generation_s__single_shot__none__r4/submission-1/evaluation/report.json,14881f93902b4f6c82df78d13f10a6454ebf9eb4789d3720c0d6147ab9760eb5,133da4da6ec44ea5985538d84f832a968b6e354976a6de64874d4446dc46959b
i23-matrix__generation_s__single_shot__none__r4,generation_s__single_shot__none,oversizedPhysicalLine,observed_heap_exhaustion,OutOfMemoryError: Java heap space,.local/iterations/i23-matrix/runs/i23-matrix__generation_s__single_shot__none__r4/submission-1/evaluation/report.json,14881f93902b4f6c82df78d13f10a6454ebf9eb4789d3720c0d6147ab9760eb5,133da4da6ec44ea5985538d84f832a968b6e354976a6de64874d4446dc46959b
i23-matrix__reuse_sb__single_shot__none__r4,reuse_sb__single_shot__none,rejectsNegativeScore,input_rejection_policy,AssertionError: Invalid record was accepted by storeRun.,.local/iterations/i23-matrix/runs/i23-matrix__reuse_sb__single_shot__none__r4/submission-1/evaluation/report.json,1e628f05e75cd784ef16a71711aef21d91f6b5a96ee75c024024b912e5433789,0f53c2c469f5b91f24b9cf8be5caf6256f226595f13fa2e7ec2e3f3b38dca109
i23-matrix__reuse_sb__single_shot__none__r4,reuse_sb__single_shot__none,rejectsNegativeTime,input_rejection_policy,AssertionError: Invalid record was accepted by storeRun.,.local/iterations/i23-matrix/runs/i23-matrix__reuse_sb__single_shot__none__r4/submission-1/evaluation/report.json,1e628f05e75cd784ef16a71711aef21d91f6b5a96ee75c024024b912e5433789,0f53c2c469f5b91f24b9cf8be5caf6256f226595f13fa2e7ec2e3f3b38dca109
i23-matrix__reuse_sb__single_shot__none__r4,reuse_sb__single_shot__none,rejectsNullName,input_rejection_policy,AssertionError: Invalid record was accepted by storeRun.,.local/iterations/i23-matrix/runs/i23-matrix__reuse_sb__single_shot__none__r4/submission-1/evaluation/report.json,1e628f05e75cd784ef16a71711aef21d91f6b5a96ee75c024024b912e5433789,0f53c2c469f5b91f24b9cf8be5caf6256f226595f13fa2e7ec2e3f3b38dca109
i23-matrix__reuse_sb__single_shot__none__r4,reuse_sb__single_shot__none,rejectsBlankName,input_rejection_policy,AssertionError: Invalid record was accepted by storeRun.,.local/iterations/i23-matrix/runs/i23-matrix__reuse_sb__single_shot__none__r4/submission-1/evaluation/report.json,1e628f05e75cd784ef16a71711aef21d91f6b5a96ee75c024024b912e5433789,0f53c2c469f5b91f24b9cf8be5caf6256f226595f13fa2e7ec2e3f3b38dca109
i23-matrix__reuse_sb__single_shot__none__r4,reuse_sb__single_shot__none,rejectsExcessiveName,input_rejection_policy,AssertionError: Invalid record was accepted by storeRun.,.local/iterations/i23-matrix/runs/i23-matrix__reuse_sb__single_shot__none__r4/submission-1/evaluation/report.json,1e628f05e75cd784ef16a71711aef21d91f6b5a96ee75c024024b912e5433789,0f53c2c469f5b91f24b9cf8be5caf6256f226595f13fa2e7ec2e3f3b38dca109
i23-matrix__reuse_sb__single_shot__none__r4,reuse_sb__single_shot__none,oversizedPhysicalLine,observed_heap_exhaustion,OutOfMemoryError: Java heap space,.local/iterations/i23-matrix/runs/i23-matrix__reuse_sb__single_shot__none__r4/submission-1/evaluation/report.json,1e628f05e75cd784ef16a71711aef21d91f6b5a96ee75c024024b912e5433789,0f53c2c469f5b91f24b9cf8be5caf6256f226595f13fa2e7ec2e3f3b38dca109
i23-matrix__reuse_sf__single_shot__none__r4,reuse_sf__single_shot__none,rejectsNegativeScore,input_rejection_policy,AssertionError: Invalid record was accepted by storeRun.,.local/iterations/i23-matrix/runs/i23-matrix__reuse_sf__single_shot__none__r4/submission-1/evaluation/report.json,da2f25c0dd0e67c2cc3bcea2f18a2c4ccc387f2ff2197cc63a3e439cc7a1c17f,ac8c8e99f85455850967eb3b901182a0c453df37d3eeb52eb9ed2d486e5b8846
i23-matrix__reuse_sf__single_shot__none__r4,reuse_sf__single_shot__none,rejectsNegativeTime,input_rejection_policy,AssertionError: Invalid record was accepted by storeRun.,.local/iterations/i23-matrix/runs/i23-matrix__reuse_sf__single_shot__none__r4/submission-1/evaluation/report.json,da2f25c0dd0e67c2cc3bcea2f18a2c4ccc387f2ff2197cc63a3e439cc7a1c17f,ac8c8e99f85455850967eb3b901182a0c453df37d3eeb52eb9ed2d486e5b8846
i23-matrix__reuse_sf__single_shot__none__r4,reuse_sf__single_shot__none,rejectsNullName,input_rejection_policy,AssertionError: Invalid record was accepted by storeRun.,.local/iterations/i23-matrix/runs/i23-matrix__reuse_sf__single_shot__none__r4/submission-1/evaluation/report.json,da2f25c0dd0e67c2cc3bcea2f18a2c4ccc387f2ff2197cc63a3e439cc7a1c17f,ac8c8e99f85455850967eb3b901182a0c453df37d3eeb52eb9ed2d486e5b8846
i23-matrix__reuse_sf__single_shot__none__r4,reuse_sf__single_shot__none,rejectsBlankName,input_rejection_policy,AssertionError: Invalid record was accepted by storeRun.,.local/iterations/i23-matrix/runs/i23-matrix__reuse_sf__single_shot__none__r4/submission-1/evaluation/report.json,da2f25c0dd0e67c2cc3bcea2f18a2c4ccc387f2ff2197cc63a3e439cc7a1c17f,ac8c8e99f85455850967eb3b901182a0c453df37d3eeb52eb9ed2d486e5b8846
i23-matrix__reuse_sf__single_shot__none__r4,reuse_sf__single_shot__none,rejectsExcessiveName,input_rejection_policy,AssertionError: Invalid record was accepted by storeRun.,.local/iterations/i23-matrix/runs/i23-matrix__reuse_sf__single_shot__none__r4/submission-1/evaluation/report.json,da2f25c0dd0e67c2cc3bcea2f18a2c4ccc387f2ff2197cc63a3e439cc7a1c17f,ac8c8e99f85455850967eb3b901182a0c453df37d3eeb52eb9ed2d486e5b8846
i23-matrix__reuse_sf__single_shot__none__r4,reuse_sf__single_shot__none,boundsRetainedEntries,retention_threshold,AssertionError: More than 100 entries retained.,.local/iterations/i23-matrix/runs/i23-matrix__reuse_sf__single_shot__none__r4/submission-1/evaluation/report.json,da2f25c0dd0e67c2cc3bcea2f18a2c4ccc387f2ff2197cc63a3e439cc7a1c17f,ac8c8e99f85455850967eb3b901182a0c453df37d3eeb52eb9ed2d486e5b8846
i23-matrix__reuse_sf__single_shot__none__r4,reuse_sf__single_shot__none,oversizedPhysicalLine,observed_heap_exhaustion,OutOfMemoryError: Java heap space,.local/iterations/i23-matrix/runs/i23-matrix__reuse_sf__single_shot__none__r4/submission-1/evaluation/report.json,da2f25c0dd0e67c2cc3bcea2f18a2c4ccc387f2ff2197cc63a3e439cc7a1c17f,ac8c8e99f85455850967eb3b901182a0c453df37d3eeb52eb9ed2d486e5b8846
i23-matrix__generation_none__single_shot__none__r5,generation_none__single_shot__none,rejectsNegativeScore,input_rejection_policy,AssertionError: Invalid record was accepted by storeRun.,.local/iterations/i23-matrix/runs/i23-matrix__generation_none__single_shot__none__r5/submission-1/evaluation/report.json,13674e284475a55c40eb6606440099bbf0994fd0ef2655f71f58a65be3239733,41b1af69ec52a3759cc59a47a99a77e2925e643d6144e78d3a83a7556a55b0b3
i23-matrix__generation_none__single_shot__none__r5,generation_none__single_shot__none,rejectsNegativeTime,input_rejection_policy,AssertionError: Invalid record was accepted by storeRun.,.local/iterations/i23-matrix/runs/i23-matrix__generation_none__single_shot__none__r5/submission-1/evaluation/report.json,13674e284475a55c40eb6606440099bbf0994fd0ef2655f71f58a65be3239733,41b1af69ec52a3759cc59a47a99a77e2925e643d6144e78d3a83a7556a55b0b3
i23-matrix__generation_none__single_shot__none__r5,generation_none__single_shot__none,rejectsNullName,input_rejection_policy,AssertionError: Invalid record was accepted by storeRun.,.local/iterations/i23-matrix/runs/i23-matrix__generation_none__single_shot__none__r5/submission-1/evaluation/report.json,13674e284475a55c40eb6606440099bbf0994fd0ef2655f71f58a65be3239733,41b1af69ec52a3759cc59a47a99a77e2925e643d6144e78d3a83a7556a55b0b3
i23-matrix__generation_none__single_shot__none__r5,generation_none__single_shot__none,rejectsBlankName,input_rejection_policy,AssertionError: Invalid record was accepted by storeRun.,.local/iterations/i23-matrix/runs/i23-matrix__generation_none__single_shot__none__r5/submission-1/evaluation/report.json,13674e284475a55c40eb6606440099bbf0994fd0ef2655f71f58a65be3239733,41b1af69ec52a3759cc59a47a99a77e2925e643d6144e78d3a83a7556a55b0b3
i23-matrix__generation_none__single_shot__none__r5,generation_none__single_shot__none,rejectsExcessiveName,input_rejection_policy,AssertionError: Invalid record was accepted by storeRun.,.local/iterations/i23-matrix/runs/i23-matrix__generation_none__single_shot__none__r5/submission-1/evaluation/report.json,13674e284475a55c40eb6606440099bbf0994fd0ef2655f71f58a65be3239733,41b1af69ec52a3759cc59a47a99a77e2925e643d6144e78d3a83a7556a55b0b3
i23-matrix__generation_none__single_shot__none__r5,generation_none__single_shot__none,oversizedPhysicalLine,observed_heap_exhaustion,OutOfMemoryError: Java heap space,.local/iterations/i23-matrix/runs/i23-matrix__generation_none__single_shot__none__r5/submission-1/evaluation/report.json,13674e284475a55c40eb6606440099bbf0994fd0ef2655f71f58a65be3239733,41b1af69ec52a3759cc59a47a99a77e2925e643d6144e78d3a83a7556a55b0b3
i23-matrix__reuse_sb__single_shot__none__r5,reuse_sb__single_shot__none,rejectsNegativeScore,input_rejection_policy,AssertionError: Invalid record was accepted by storeRun.,.local/iterations/i23-matrix/runs/i23-matrix__reuse_sb__single_shot__none__r5/submission-1/evaluation/report.json,e27499cbc5d31828ad73b247d2c6c04f571a81dd636cea4358cbf1c0cc3618c5,0798a156e033a8d62a1b8a5aae22d12cd7dbf48597b354dda56566647f73d712
i23-matrix__reuse_sb__single_shot__none__r5,reuse_sb__single_shot__none,rejectsNegativeTime,input_rejection_policy,AssertionError: Invalid record was accepted by storeRun.,.local/iterations/i23-matrix/runs/i23-matrix__reuse_sb__single_shot__none__r5/submission-1/evaluation/report.json,e27499cbc5d31828ad73b247d2c6c04f571a81dd636cea4358cbf1c0cc3618c5,0798a156e033a8d62a1b8a5aae22d12cd7dbf48597b354dda56566647f73d712
i23-matrix__reuse_sb__single_shot__none__r5,reuse_sb__single_shot__none,rejectsNullName,input_rejection_policy,AssertionError: Invalid record was accepted by storeRun.,.local/iterations/i23-matrix/runs/i23-matrix__reuse_sb__single_shot__none__r5/submission-1/evaluation/report.json,e27499cbc5d31828ad73b247d2c6c04f571a81dd636cea4358cbf1c0cc3618c5,0798a156e033a8d62a1b8a5aae22d12cd7dbf48597b354dda56566647f73d712
i23-matrix__reuse_sb__single_shot__none__r5,reuse_sb__single_shot__none,rejectsBlankName,input_rejection_policy,AssertionError: Invalid record was accepted by storeRun.,.local/iterations/i23-matrix/runs/i23-matrix__reuse_sb__single_shot__none__r5/submission-1/evaluation/report.json,e27499cbc5d31828ad73b247d2c6c04f571a81dd636cea4358cbf1c0cc3618c5,0798a156e033a8d62a1b8a5aae22d12cd7dbf48597b354dda56566647f73d712
i23-matrix__reuse_sb__single_shot__none__r5,reuse_sb__single_shot__none,rejectsExcessiveName,input_rejection_policy,AssertionError: Invalid record was accepted by storeRun.,.local/iterations/i23-matrix/runs/i23-matrix__reuse_sb__single_shot__none__r5/submission-1/evaluation/report.json,e27499cbc5d31828ad73b247d2c6c04f571a81dd636cea4358cbf1c0cc3618c5,0798a156e033a8d62a1b8a5aae22d12cd7dbf48597b354dda56566647f73d712
i23-matrix__reuse_sb__single_shot__none__r5,reuse_sb__single_shot__none,boundsRetainedEntries,retention_threshold,AssertionError: More than 100 entries retained.,.local/iterations/i23-matrix/runs/i23-matrix__reuse_sb__single_shot__none__r5/submission-1/evaluation/report.json,e27499cbc5d31828ad73b247d2c6c04f571a81dd636cea4358cbf1c0cc3618c5,0798a156e033a8d62a1b8a5aae22d12cd7dbf48597b354dda56566647f73d712
i23-matrix__generation_fb__single_shot__none__r5,generation_fb__single_shot__none,rejectsNegativeScore,input_rejection_policy,AssertionError: Invalid record was accepted by storeRun.,.local/iterations/i23-matrix/runs/i23-matrix__generation_fb__single_shot__none__r5/submission-1/evaluation/report.json,c1cdaf8378046c3ef45111cd9c26311dee171d8461c060dcddeb49823f17d1ac,6fa059daa250bb5e55fa615e0f4a9455c9aa2b51117e0bb6fd0778ae2baf9464
i23-matrix__generation_fb__single_shot__none__r5,generation_fb__single_shot__none,rejectsNegativeTime,input_rejection_policy,AssertionError: Invalid record was accepted by storeRun.,.local/iterations/i23-matrix/runs/i23-matrix__generation_fb__single_shot__none__r5/submission-1/evaluation/report.json,c1cdaf8378046c3ef45111cd9c26311dee171d8461c060dcddeb49823f17d1ac,6fa059daa250bb5e55fa615e0f4a9455c9aa2b51117e0bb6fd0778ae2baf9464
i23-matrix__generation_fb__single_shot__none__r5,generation_fb__single_shot__none,rejectsNullName,input_rejection_policy,AssertionError: Invalid record was accepted by storeRun.,.local/iterations/i23-matrix/runs/i23-matrix__generation_fb__single_shot__none__r5/submission-1/evaluation/report.json,c1cdaf8378046c3ef45111cd9c26311dee171d8461c060dcddeb49823f17d1ac,6fa059daa250bb5e55fa615e0f4a9455c9aa2b51117e0bb6fd0778ae2baf9464
i23-matrix__generation_fb__single_shot__none__r5,generation_fb__single_shot__none,rejectsBlankName,input_rejection_policy,AssertionError: Invalid record was accepted by storeRun.,.local/iterations/i23-matrix/runs/i23-matrix__generation_fb__single_shot__none__r5/submission-1/evaluation/report.json,c1cdaf8378046c3ef45111cd9c26311dee171d8461c060dcddeb49823f17d1ac,6fa059daa250bb5e55fa615e0f4a9455c9aa2b51117e0bb6fd0778ae2baf9464
i23-matrix__generation_fb__single_shot__none__r5,generation_fb__single_shot__none,rejectsExcessiveName,input_rejection_policy,AssertionError: Invalid record was accepted by storeRun.,.local/iterations/i23-matrix/runs/i23-matrix__generation_fb__single_shot__none__r5/submission-1/evaluation/report.json,c1cdaf8378046c3ef45111cd9c26311dee171d8461c060dcddeb49823f17d1ac,6fa059daa250bb5e55fa615e0f4a9455c9aa2b51117e0bb6fd0778ae2baf9464
i23-matrix__generation_fb__single_shot__none__r5,generation_fb__single_shot__none,boundsRetainedEntries,retention_threshold,AssertionError: More than 100 entries retained.,.local/iterations/i23-matrix/runs/i23-matrix__generation_fb__single_shot__none__r5/submission-1/evaluation/report.json,c1cdaf8378046c3ef45111cd9c26311dee171d8461c060dcddeb49823f17d1ac,6fa059daa250bb5e55fa615e0f4a9455c9aa2b51117e0bb6fd0778ae2baf9464
i23-matrix__generation_fb__single_shot__none__r5,generation_fb__single_shot__none,oversizedPhysicalLine,observed_heap_exhaustion,OutOfMemoryError: Java heap space,.local/iterations/i23-matrix/runs/i23-matrix__generation_fb__single_shot__none__r5/submission-1/evaluation/report.json,c1cdaf8378046c3ef45111cd9c26311dee171d8461c060dcddeb49823f17d1ac,6fa059daa250bb5e55fa615e0f4a9455c9aa2b51117e0bb6fd0778ae2baf9464
i23-matrix__generation_sfb__single_shot__none__r5,generation_sfb__single_shot__none,rejectsNegativeScore,input_rejection_policy,AssertionError: Invalid record was accepted by storeRun.,.local/iterations/i23-matrix/runs/i23-matrix__generation_sfb__single_shot__none__r5/submission-1/evaluation/report.json,5ef47d2c9f3bb5a41d819112f9d39c3b4fd5a204a82dd3369083ef48c4714b9f,af91deced4a307a7ac9509ffc418ce49070da01076dbf0b021361b20d14b5ff5
i23-matrix__generation_sfb__single_shot__none__r5,generation_sfb__single_shot__none,rejectsNegativeTime,input_rejection_policy,AssertionError: Invalid record was accepted by storeRun.,.local/iterations/i23-matrix/runs/i23-matrix__generation_sfb__single_shot__none__r5/submission-1/evaluation/report.json,5ef47d2c9f3bb5a41d819112f9d39c3b4fd5a204a82dd3369083ef48c4714b9f,af91deced4a307a7ac9509ffc418ce49070da01076dbf0b021361b20d14b5ff5
i23-matrix__generation_sfb__single_shot__none__r5,generation_sfb__single_shot__none,rejectsExcessiveName,input_rejection_policy,AssertionError: Invalid record was accepted by storeRun.,.local/iterations/i23-matrix/runs/i23-matrix__generation_sfb__single_shot__none__r5/submission-1/evaluation/report.json,5ef47d2c9f3bb5a41d819112f9d39c3b4fd5a204a82dd3369083ef48c4714b9f,af91deced4a307a7ac9509ffc418ce49070da01076dbf0b021361b20d14b5ff5
i23-matrix__generation_sfb__single_shot__none__r5,generation_sfb__single_shot__none,boundsRetainedEntries,retention_threshold,AssertionError: More than 100 entries retained.,.local/iterations/i23-matrix/runs/i23-matrix__generation_sfb__single_shot__none__r5/submission-1/evaluation/report.json,5ef47d2c9f3bb5a41d819112f9d39c3b4fd5a204a82dd3369083ef48c4714b9f,af91deced4a307a7ac9509ffc418ce49070da01076dbf0b021361b20d14b5ff5
i23-matrix__generation_sfb__single_shot__none__r5,generation_sfb__single_shot__none,oversizedPhysicalLine,observed_heap_exhaustion,OutOfMemoryError: Java heap space,.local/iterations/i23-matrix/runs/i23-matrix__generation_sfb__single_shot__none__r5/submission-1/evaluation/report.json,5ef47d2c9f3bb5a41d819112f9d39c3b4fd5a204a82dd3369083ef48c4714b9f,af91deced4a307a7ac9509ffc418ce49070da01076dbf0b021361b20d14b5ff5
i23-matrix__reuse_sfb__single_shot__none__r5,reuse_sfb__single_shot__none,rejectsNegativeScore,input_rejection_policy,AssertionError: Invalid record was accepted by storeRun.,.local/iterations/i23-matrix/runs/i23-matrix__reuse_sfb__single_shot__none__r5/submission-1/evaluation/report.json,5b4e02708a50f9fb3d107d6d4accaf9aadfde35e3ef0fb2b23fa00c642c91d94,706bd61c2830739623bfc32c3bc8296daeb8e7d5a1a38c4a727c491de1e1117d
i23-matrix__reuse_sfb__single_shot__none__r5,reuse_sfb__single_shot__none,rejectsNegativeTime,input_rejection_policy,AssertionError: Invalid record was accepted by storeRun.,.local/iterations/i23-matrix/runs/i23-matrix__reuse_sfb__single_shot__none__r5/submission-1/evaluation/report.json,5b4e02708a50f9fb3d107d6d4accaf9aadfde35e3ef0fb2b23fa00c642c91d94,706bd61c2830739623bfc32c3bc8296daeb8e7d5a1a38c4a727c491de1e1117d
i23-matrix__reuse_sfb__single_shot__none__r5,reuse_sfb__single_shot__none,rejectsNullName,input_rejection_policy,AssertionError: Invalid record was accepted by storeRun.,.local/iterations/i23-matrix/runs/i23-matrix__reuse_sfb__single_shot__none__r5/submission-1/evaluation/report.json,5b4e02708a50f9fb3d107d6d4accaf9aadfde35e3ef0fb2b23fa00c642c91d94,706bd61c2830739623bfc32c3bc8296daeb8e7d5a1a38c4a727c491de1e1117d
i23-matrix__reuse_sfb__single_shot__none__r5,reuse_sfb__single_shot__none,rejectsBlankName,input_rejection_policy,AssertionError: Invalid record was accepted by storeRun.,.local/iterations/i23-matrix/runs/i23-matrix__reuse_sfb__single_shot__none__r5/submission-1/evaluation/report.json,5b4e02708a50f9fb3d107d6d4accaf9aadfde35e3ef0fb2b23fa00c642c91d94,706bd61c2830739623bfc32c3bc8296daeb8e7d5a1a38c4a727c491de1e1117d
i23-matrix__reuse_sfb__single_shot__none__r5,reuse_sfb__single_shot__none,rejectsExcessiveName,input_rejection_policy,AssertionError: Invalid record was accepted by storeRun.,.local/iterations/i23-matrix/runs/i23-matrix__reuse_sfb__single_shot__none__r5/submission-1/evaluation/report.json,5b4e02708a50f9fb3d107d6d4accaf9aadfde35e3ef0fb2b23fa00c642c91d94,706bd61c2830739623bfc32c3bc8296daeb8e7d5a1a38c4a727c491de1e1117d
i23-matrix__reuse_sfb__single_shot__none__r5,reuse_sfb__single_shot__none,oversizedPhysicalLine,observed_heap_exhaustion,OutOfMemoryError: Java heap space,.local/iterations/i23-matrix/runs/i23-matrix__reuse_sfb__single_shot__none__r5/submission-1/evaluation/report.json,5b4e02708a50f9fb3d107d6d4accaf9aadfde35e3ef0fb2b23fa00c642c91d94,706bd61c2830739623bfc32c3bc8296daeb8e7d5a1a38c4a727c491de1e1117d
i23-matrix__reuse_sfb__single_shot__none__r5,reuse_sfb__single_shot__none,largePersistedRecordSet,observed_heap_exhaustion,OutOfMemoryError: Java heap space,.local/iterations/i23-matrix/runs/i23-matrix__reuse_sfb__single_shot__none__r5/submission-1/evaluation/report.json,5b4e02708a50f9fb3d107d6d4accaf9aadfde35e3ef0fb2b23fa00c642c91d94,706bd61c2830739623bfc32c3bc8296daeb8e7d5a1a38c4a727c491de1e1117d
i23-matrix__reuse_f__single_shot__none__r5,reuse_f__single_shot__none,rejectsNegativeScore,input_rejection_policy,AssertionError: Invalid record was accepted by storeRun.,.local/iterations/i23-matrix/runs/i23-matrix__reuse_f__single_shot__none__r5/submission-1/evaluation/report.json,c3708664588ec8ba03a15a84774f197e31812096c3e5061a9294a7c83849550c,40ed924530fcc9f593c4385201caacdf43ef9b8a73f58cb07a1cab9509fe19aa
i23-matrix__reuse_f__single_shot__none__r5,reuse_f__single_shot__none,rejectsExcessiveName,input_rejection_policy,AssertionError: Invalid record was accepted by storeRun.,.local/iterations/i23-matrix/runs/i23-matrix__reuse_f__single_shot__none__r5/submission-1/evaluation/report.json,c3708664588ec8ba03a15a84774f197e31812096c3e5061a9294a7c83849550c,40ed924530fcc9f593c4385201caacdf43ef9b8a73f58cb07a1cab9509fe19aa
i23-matrix__reuse_f__single_shot__none__r5,reuse_f__single_shot__none,boundsRetainedEntries,retention_threshold,AssertionError: More than 100 entries retained.,.local/iterations/i23-matrix/runs/i23-matrix__reuse_f__single_shot__none__r5/submission-1/evaluation/report.json,c3708664588ec8ba03a15a84774f197e31812096c3e5061a9294a7c83849550c,40ed924530fcc9f593c4385201caacdf43ef9b8a73f58cb07a1cab9509fe19aa
i23-matrix__reuse_f__single_shot__none__r5,reuse_f__single_shot__none,oversizedPhysicalLine,observed_heap_exhaustion,OutOfMemoryError: Java heap space,.local/iterations/i23-matrix/runs/i23-matrix__reuse_f__single_shot__none__r5/submission-1/evaluation/report.json,c3708664588ec8ba03a15a84774f197e31812096c3e5061a9294a7c83849550c,40ed924530fcc9f593c4385201caacdf43ef9b8a73f58cb07a1cab9509fe19aa
i23-matrix__reuse_f__single_shot__none__r5,reuse_f__single_shot__none,largePersistedRecordSet,observed_heap_exhaustion,OutOfMemoryError: Java heap space,.local/iterations/i23-matrix/runs/i23-matrix__reuse_f__single_shot__none__r5/submission-1/evaluation/report.json,c3708664588ec8ba03a15a84774f197e31812096c3e5061a9294a7c83849550c,40ed924530fcc9f593c4385201caacdf43ef9b8a73f58cb07a1cab9509fe19aa
i23-matrix__generation_sb__single_shot__none__r5,generation_sb__single_shot__none,rejectsNegativeScore,input_rejection_policy,AssertionError: Invalid record was accepted by storeRun.,.local/iterations/i23-matrix/runs/i23-matrix__generation_sb__single_shot__none__r5/submission-1/evaluation/report.json,76d5380b62c27bd0c955c6764768306485c3f452d11f74bb84a0359dc2c19b03,4521d08c189fe55e2bd759b4bbcef1b9ee664a03198fc24582ebed6c42f362c5
i23-matrix__generation_sb__single_shot__none__r5,generation_sb__single_shot__none,rejectsNegativeTime,input_rejection_policy,AssertionError: Invalid record was accepted by storeRun.,.local/iterations/i23-matrix/runs/i23-matrix__generation_sb__single_shot__none__r5/submission-1/evaluation/report.json,76d5380b62c27bd0c955c6764768306485c3f452d11f74bb84a0359dc2c19b03,4521d08c189fe55e2bd759b4bbcef1b9ee664a03198fc24582ebed6c42f362c5
i23-matrix__generation_sb__single_shot__none__r5,generation_sb__single_shot__none,rejectsNullName,input_rejection_policy,AssertionError: Invalid record was accepted by storeRun.,.local/iterations/i23-matrix/runs/i23-matrix__generation_sb__single_shot__none__r5/submission-1/evaluation/report.json,76d5380b62c27bd0c955c6764768306485c3f452d11f74bb84a0359dc2c19b03,4521d08c189fe55e2bd759b4bbcef1b9ee664a03198fc24582ebed6c42f362c5
i23-matrix__generation_sb__single_shot__none__r5,generation_sb__single_shot__none,rejectsBlankName,input_rejection_policy,AssertionError: Invalid record was accepted by storeRun.,.local/iterations/i23-matrix/runs/i23-matrix__generation_sb__single_shot__none__r5/submission-1/evaluation/report.json,76d5380b62c27bd0c955c6764768306485c3f452d11f74bb84a0359dc2c19b03,4521d08c189fe55e2bd759b4bbcef1b9ee664a03198fc24582ebed6c42f362c5
i23-matrix__generation_sb__single_shot__none__r5,generation_sb__single_shot__none,rejectsExcessiveName,input_rejection_policy,AssertionError: Invalid record was accepted by storeRun.,.local/iterations/i23-matrix/runs/i23-matrix__generation_sb__single_shot__none__r5/submission-1/evaluation/report.json,76d5380b62c27bd0c955c6764768306485c3f452d11f74bb84a0359dc2c19b03,4521d08c189fe55e2bd759b4bbcef1b9ee664a03198fc24582ebed6c42f362c5
i23-matrix__generation_sb__single_shot__none__r5,generation_sb__single_shot__none,boundsRetainedEntries,retention_threshold,AssertionError: More than 100 entries retained.,.local/iterations/i23-matrix/runs/i23-matrix__generation_sb__single_shot__none__r5/submission-1/evaluation/report.json,76d5380b62c27bd0c955c6764768306485c3f452d11f74bb84a0359dc2c19b03,4521d08c189fe55e2bd759b4bbcef1b9ee664a03198fc24582ebed6c42f362c5
i23-matrix__generation_sb__single_shot__none__r5,generation_sb__single_shot__none,oversizedPhysicalLine,observed_heap_exhaustion,OutOfMemoryError: Java heap space,.local/iterations/i23-matrix/runs/i23-matrix__generation_sb__single_shot__none__r5/submission-1/evaluation/report.json,76d5380b62c27bd0c955c6764768306485c3f452d11f74bb84a0359dc2c19b03,4521d08c189fe55e2bd759b4bbcef1b9ee664a03198fc24582ebed6c42f362c5
i23-matrix__generation_s__single_shot__none__r5,generation_s__single_shot__none,rejectsNegativeScore,input_rejection_policy,AssertionError: Invalid record was accepted by storeRun.,.local/iterations/i23-matrix/runs/i23-matrix__generation_s__single_shot__none__r5/submission-1/evaluation/report.json,ad763bed07e522a02a852f19dd458642d7703e2271394d2617413d9750e80029,2a79550427f7dd44f6169ad74a284dd9dbe7a18f0f63173b20a6682588ca8501
i23-matrix__generation_s__single_shot__none__r5,generation_s__single_shot__none,rejectsNegativeTime,input_rejection_policy,AssertionError: Invalid record was accepted by storeRun.,.local/iterations/i23-matrix/runs/i23-matrix__generation_s__single_shot__none__r5/submission-1/evaluation/report.json,ad763bed07e522a02a852f19dd458642d7703e2271394d2617413d9750e80029,2a79550427f7dd44f6169ad74a284dd9dbe7a18f0f63173b20a6682588ca8501
i23-matrix__generation_s__single_shot__none__r5,generation_s__single_shot__none,rejectsExcessiveName,input_rejection_policy,AssertionError: Invalid record was accepted by storeRun.,.local/iterations/i23-matrix/runs/i23-matrix__generation_s__single_shot__none__r5/submission-1/evaluation/report.json,ad763bed07e522a02a852f19dd458642d7703e2271394d2617413d9750e80029,2a79550427f7dd44f6169ad74a284dd9dbe7a18f0f63173b20a6682588ca8501
i23-matrix__generation_s__single_shot__none__r5,generation_s__single_shot__none,boundsRetainedEntries,retention_threshold,AssertionError: More than 100 entries retained.,.local/iterations/i23-matrix/runs/i23-matrix__generation_s__single_shot__none__r5/submission-1/evaluation/report.json,ad763bed07e522a02a852f19dd458642d7703e2271394d2617413d9750e80029,2a79550427f7dd44f6169ad74a284dd9dbe7a18f0f63173b20a6682588ca8501
i23-matrix__generation_s__single_shot__none__r5,generation_s__single_shot__none,oversizedPhysicalLine,observed_heap_exhaustion,OutOfMemoryError: Java heap space,.local/iterations/i23-matrix/runs/i23-matrix__generation_s__single_shot__none__r5/submission-1/evaluation/report.json,ad763bed07e522a02a852f19dd458642d7703e2271394d2617413d9750e80029,2a79550427f7dd44f6169ad74a284dd9dbe7a18f0f63173b20a6682588ca8501
