runId,condition,test,category,detail,report,reportSha256,responseSha256
i06-operational-guards__generation_s__boundaries__r1,generation_s__boundaries,rejectsNegativeScore,input_rejection_policy,AssertionError: Invalid record was accepted by storeRun.,.local/iterations/i06-operational-guards/runs/i06-operational-guards__generation_s__boundaries__r1/submission-1/evaluation/report.json,f97df81da452237e77420702fd07a234ed864e87dd45c522f6bbcd19b67ad673,4ea2d410da83bbb61e36974a62a54a754f6c3e234aefca4c78ea309b44e5d71d
i06-operational-guards__generation_s__boundaries__r1,generation_s__boundaries,rejectsNegativeTime,input_rejection_policy,AssertionError: Invalid record was accepted by storeRun.,.local/iterations/i06-operational-guards/runs/i06-operational-guards__generation_s__boundaries__r1/submission-1/evaluation/report.json,f97df81da452237e77420702fd07a234ed864e87dd45c522f6bbcd19b67ad673,4ea2d410da83bbb61e36974a62a54a754f6c3e234aefca4c78ea309b44e5d71d
i06-operational-guards__generation_s__boundaries__r1,generation_s__boundaries,rejectsExcessiveName,input_rejection_policy,AssertionError: Invalid record was accepted by storeRun.,.local/iterations/i06-operational-guards/runs/i06-operational-guards__generation_s__boundaries__r1/submission-1/evaluation/report.json,f97df81da452237e77420702fd07a234ed864e87dd45c522f6bbcd19b67ad673,4ea2d410da83bbb61e36974a62a54a754f6c3e234aefca4c78ea309b44e5d71d
i06-operational-guards__generation_s__boundaries__r1,generation_s__boundaries,oversizedPhysicalLine,observed_heap_exhaustion,OutOfMemoryError: Java heap space,.local/iterations/i06-operational-guards/runs/i06-operational-guards__generation_s__boundaries__r1/submission-1/evaluation/report.json,f97df81da452237e77420702fd07a234ed864e87dd45c522f6bbcd19b67ad673,4ea2d410da83bbb61e36974a62a54a754f6c3e234aefca4c78ea309b44e5d71d
i06-operational-guards__generation_s__none__r1,generation_s__none,rejectsNegativeScore,input_rejection_policy,AssertionError: Invalid record was accepted by storeRun.,.local/iterations/i06-operational-guards/runs/i06-operational-guards__generation_s__none__r1/submission-1/evaluation/report.json,65449355c899e205f02ffdb28065df063f0d9620e8c69886d1c954c96208acd0,5451e39939627c66f8253dfd73259e66029e647238369572dea8f366828a7021
i06-operational-guards__generation_s__none__r1,generation_s__none,rejectsNegativeTime,input_rejection_policy,AssertionError: Invalid record was accepted by storeRun.,.local/iterations/i06-operational-guards/runs/i06-operational-guards__generation_s__none__r1/submission-1/evaluation/report.json,65449355c899e205f02ffdb28065df063f0d9620e8c69886d1c954c96208acd0,5451e39939627c66f8253dfd73259e66029e647238369572dea8f366828a7021
i06-operational-guards__generation_s__none__r1,generation_s__none,rejectsNullName,input_rejection_policy,AssertionError: Invalid record was accepted by storeRun.,.local/iterations/i06-operational-guards/runs/i06-operational-guards__generation_s__none__r1/submission-1/evaluation/report.json,65449355c899e205f02ffdb28065df063f0d9620e8c69886d1c954c96208acd0,5451e39939627c66f8253dfd73259e66029e647238369572dea8f366828a7021
i06-operational-guards__generation_s__none__r1,generation_s__none,rejectsBlankName,input_rejection_policy,AssertionError: Invalid record was accepted by storeRun.,.local/iterations/i06-operational-guards/runs/i06-operational-guards__generation_s__none__r1/submission-1/evaluation/report.json,65449355c899e205f02ffdb28065df063f0d9620e8c69886d1c954c96208acd0,5451e39939627c66f8253dfd73259e66029e647238369572dea8f366828a7021
i06-operational-guards__generation_s__none__r1,generation_s__none,rejectsExcessiveName,input_rejection_policy,AssertionError: Invalid record was accepted by storeRun.,.local/iterations/i06-operational-guards/runs/i06-operational-guards__generation_s__none__r1/submission-1/evaluation/report.json,65449355c899e205f02ffdb28065df063f0d9620e8c69886d1c954c96208acd0,5451e39939627c66f8253dfd73259e66029e647238369572dea8f366828a7021
i06-operational-guards__generation_s__none__r1,generation_s__none,boundsRetainedEntries,retention_threshold,AssertionError: More than 100 entries retained.,.local/iterations/i06-operational-guards/runs/i06-operational-guards__generation_s__none__r1/submission-1/evaluation/report.json,65449355c899e205f02ffdb28065df063f0d9620e8c69886d1c954c96208acd0,5451e39939627c66f8253dfd73259e66029e647238369572dea8f366828a7021
i06-operational-guards__generation_s__none__r1,generation_s__none,oversizedPhysicalLine,observed_heap_exhaustion,OutOfMemoryError: Java heap space,.local/iterations/i06-operational-guards/runs/i06-operational-guards__generation_s__none__r1/submission-1/evaluation/report.json,65449355c899e205f02ffdb28065df063f0d9620e8c69886d1c954c96208acd0,5451e39939627c66f8253dfd73259e66029e647238369572dea8f366828a7021
i06-operational-guards__generation_s__operations__r1,generation_s__operations,rejectsNegativeScore,input_rejection_policy,AssertionError: Invalid record was accepted by storeRun.,.local/iterations/i06-operational-guards/runs/i06-operational-guards__generation_s__operations__r1/submission-2/evaluation/report.json,451d4de84ba6ba0679d7c089e2eeb91e8f911616b31e6b91808e1e90f71f808c,fa38f78c4d5f3c63c40626e86ecaec4bc570c653d0774e7f0e5a201b6cb2b299
i06-operational-guards__generation_s__operations__r1,generation_s__operations,rejectsExcessiveName,input_rejection_policy,AssertionError: Invalid record was accepted by storeRun.,.local/iterations/i06-operational-guards/runs/i06-operational-guards__generation_s__operations__r1/submission-2/evaluation/report.json,451d4de84ba6ba0679d7c089e2eeb91e8f911616b31e6b91808e1e90f71f808c,fa38f78c4d5f3c63c40626e86ecaec4bc570c653d0774e7f0e5a201b6cb2b299
i06-operational-guards__generation_sfb__none__r1,generation_sfb__none,rejectsNegativeScore,input_rejection_policy,AssertionError: Invalid record was accepted by storeRun.,.local/iterations/i06-operational-guards/runs/i06-operational-guards__generation_sfb__none__r1/submission-1/evaluation/report.json,cc08aa69fedcbb16cc96ec47596eda97e75751abb233b5a61435ef12fdb5b2ba,505039d90024f68447d904912ba20bbf30d47247cb6eae4aadd5aefaab4f76e0
i06-operational-guards__generation_sfb__none__r1,generation_sfb__none,rejectsNegativeTime,input_rejection_policy,AssertionError: Invalid record was accepted by storeRun.,.local/iterations/i06-operational-guards/runs/i06-operational-guards__generation_sfb__none__r1/submission-1/evaluation/report.json,cc08aa69fedcbb16cc96ec47596eda97e75751abb233b5a61435ef12fdb5b2ba,505039d90024f68447d904912ba20bbf30d47247cb6eae4aadd5aefaab4f76e0
i06-operational-guards__generation_sfb__none__r1,generation_sfb__none,rejectsNullName,input_rejection_policy,AssertionError: Invalid record was accepted by storeRun.,.local/iterations/i06-operational-guards/runs/i06-operational-guards__generation_sfb__none__r1/submission-1/evaluation/report.json,cc08aa69fedcbb16cc96ec47596eda97e75751abb233b5a61435ef12fdb5b2ba,505039d90024f68447d904912ba20bbf30d47247cb6eae4aadd5aefaab4f76e0
i06-operational-guards__generation_sfb__none__r1,generation_sfb__none,rejectsBlankName,input_rejection_policy,AssertionError: Invalid record was accepted by storeRun.,.local/iterations/i06-operational-guards/runs/i06-operational-guards__generation_sfb__none__r1/submission-1/evaluation/report.json,cc08aa69fedcbb16cc96ec47596eda97e75751abb233b5a61435ef12fdb5b2ba,505039d90024f68447d904912ba20bbf30d47247cb6eae4aadd5aefaab4f76e0
i06-operational-guards__generation_sfb__none__r1,generation_sfb__none,rejectsExcessiveName,input_rejection_policy,AssertionError: Invalid record was accepted by storeRun.,.local/iterations/i06-operational-guards/runs/i06-operational-guards__generation_sfb__none__r1/submission-1/evaluation/report.json,cc08aa69fedcbb16cc96ec47596eda97e75751abb233b5a61435ef12fdb5b2ba,505039d90024f68447d904912ba20bbf30d47247cb6eae4aadd5aefaab4f76e0
i06-operational-guards__generation_sfb__none__r1,generation_sfb__none,oversizedPhysicalLine,observed_heap_exhaustion,OutOfMemoryError: Java heap space,.local/iterations/i06-operational-guards/runs/i06-operational-guards__generation_sfb__none__r1/submission-1/evaluation/report.json,cc08aa69fedcbb16cc96ec47596eda97e75751abb233b5a61435ef12fdb5b2ba,505039d90024f68447d904912ba20bbf30d47247cb6eae4aadd5aefaab4f76e0
i06-operational-guards__reuse_sb__boundaries__r1,reuse_sb__boundaries,rejectsNegativeScore,input_rejection_policy,AssertionError: Invalid record was accepted by storeRun.,.local/iterations/i06-operational-guards/runs/i06-operational-guards__reuse_sb__boundaries__r1/submission-1/evaluation/report.json,acbb731cbe2256aec54fbc1710ff4241a1a74bc0f99068ac39cf7372948a545c,985b11e7d72ec77161c46b221e03a59fe9778eadf284777d3585c161d4e41610
i06-operational-guards__reuse_sb__boundaries__r1,reuse_sb__boundaries,rejectsNegativeTime,input_rejection_policy,AssertionError: Invalid record was accepted by storeRun.,.local/iterations/i06-operational-guards/runs/i06-operational-guards__reuse_sb__boundaries__r1/submission-1/evaluation/report.json,acbb731cbe2256aec54fbc1710ff4241a1a74bc0f99068ac39cf7372948a545c,985b11e7d72ec77161c46b221e03a59fe9778eadf284777d3585c161d4e41610
i06-operational-guards__reuse_sb__boundaries__r1,reuse_sb__boundaries,rejectsNullName,input_rejection_policy,AssertionError: Invalid record was accepted by storeRun.,.local/iterations/i06-operational-guards/runs/i06-operational-guards__reuse_sb__boundaries__r1/submission-1/evaluation/report.json,acbb731cbe2256aec54fbc1710ff4241a1a74bc0f99068ac39cf7372948a545c,985b11e7d72ec77161c46b221e03a59fe9778eadf284777d3585c161d4e41610
i06-operational-guards__reuse_sb__boundaries__r1,reuse_sb__boundaries,rejectsBlankName,input_rejection_policy,AssertionError: Invalid record was accepted by storeRun.,.local/iterations/i06-operational-guards/runs/i06-operational-guards__reuse_sb__boundaries__r1/submission-1/evaluation/report.json,acbb731cbe2256aec54fbc1710ff4241a1a74bc0f99068ac39cf7372948a545c,985b11e7d72ec77161c46b221e03a59fe9778eadf284777d3585c161d4e41610
i06-operational-guards__reuse_sb__boundaries__r1,reuse_sb__boundaries,rejectsExcessiveName,input_rejection_policy,AssertionError: Invalid record was accepted by storeRun.,.local/iterations/i06-operational-guards/runs/i06-operational-guards__reuse_sb__boundaries__r1/submission-1/evaluation/report.json,acbb731cbe2256aec54fbc1710ff4241a1a74bc0f99068ac39cf7372948a545c,985b11e7d72ec77161c46b221e03a59fe9778eadf284777d3585c161d4e41610
i06-operational-guards__generation_sfb__operations__r1,generation_sfb__operations,rejectsNegativeScore,input_rejection_policy,AssertionError: Invalid record was accepted by storeRun.,.local/iterations/i06-operational-guards/runs/i06-operational-guards__generation_sfb__operations__r1/submission-1/evaluation/report.json,713d9de209d79e5a02b6802497181be31d730b1539a3ab789a530c50e2cfdabb,8bc1287b5b44051cebbefa5fde0c768363e0e0017d7759696b85eb0dc874a37b
i06-operational-guards__generation_s__requirements__r1,generation_s__requirements,rejectsNegativeScore,input_rejection_policy,AssertionError: Invalid record was accepted by storeRun.,.local/iterations/i06-operational-guards/runs/i06-operational-guards__generation_s__requirements__r1/submission-2/evaluation/report.json,bc6fc0794f62a94b7b09176af5ebc03f685153bdcc4b9e1507daf27895537d23,6e6c8a9da873111413a6ceb4e11b9f5519519bd40fe6d9c5c31e08591cc9ddf2
i06-operational-guards__generation_s__requirements__r1,generation_s__requirements,rejectsExcessiveName,input_rejection_policy,AssertionError: Invalid record was accepted by storeRun.,.local/iterations/i06-operational-guards/runs/i06-operational-guards__generation_s__requirements__r1/submission-2/evaluation/report.json,bc6fc0794f62a94b7b09176af5ebc03f685153bdcc4b9e1507daf27895537d23,6e6c8a9da873111413a6ceb4e11b9f5519519bd40fe6d9c5c31e08591cc9ddf2
i06-operational-guards__generation_s__requirements__r1,generation_s__requirements,oversizedPhysicalLine,observed_heap_exhaustion,OutOfMemoryError: Java heap space,.local/iterations/i06-operational-guards/runs/i06-operational-guards__generation_s__requirements__r1/submission-2/evaluation/report.json,bc6fc0794f62a94b7b09176af5ebc03f685153bdcc4b9e1507daf27895537d23,6e6c8a9da873111413a6ceb4e11b9f5519519bd40fe6d9c5c31e08591cc9ddf2
i06-operational-guards__reuse_b__none__r1,reuse_b__none,rejectsNegativeScore,input_rejection_policy,AssertionError: Invalid record was accepted by storeRun.,.local/iterations/i06-operational-guards/runs/i06-operational-guards__reuse_b__none__r1/submission-1/evaluation/report.json,aa3cdc87dc044c28f16901169c3ef26ecbc76cc5bec33d39541a325a34b1f21a,2c79bfb852c03d97577199b469350b80cc384a9e71024e916ef7f99c3f9ff651
i06-operational-guards__reuse_b__none__r1,reuse_b__none,rejectsNegativeTime,input_rejection_policy,AssertionError: Invalid record was accepted by storeRun.,.local/iterations/i06-operational-guards/runs/i06-operational-guards__reuse_b__none__r1/submission-1/evaluation/report.json,aa3cdc87dc044c28f16901169c3ef26ecbc76cc5bec33d39541a325a34b1f21a,2c79bfb852c03d97577199b469350b80cc384a9e71024e916ef7f99c3f9ff651
i06-operational-guards__reuse_b__none__r1,reuse_b__none,rejectsNullName,input_rejection_policy,AssertionError: Invalid record was accepted by storeRun.,.local/iterations/i06-operational-guards/runs/i06-operational-guards__reuse_b__none__r1/submission-1/evaluation/report.json,aa3cdc87dc044c28f16901169c3ef26ecbc76cc5bec33d39541a325a34b1f21a,2c79bfb852c03d97577199b469350b80cc384a9e71024e916ef7f99c3f9ff651
i06-operational-guards__reuse_b__none__r1,reuse_b__none,rejectsBlankName,input_rejection_policy,AssertionError: Invalid record was accepted by storeRun.,.local/iterations/i06-operational-guards/runs/i06-operational-guards__reuse_b__none__r1/submission-1/evaluation/report.json,aa3cdc87dc044c28f16901169c3ef26ecbc76cc5bec33d39541a325a34b1f21a,2c79bfb852c03d97577199b469350b80cc384a9e71024e916ef7f99c3f9ff651
i06-operational-guards__reuse_b__none__r1,reuse_b__none,rejectsExcessiveName,input_rejection_policy,AssertionError: Invalid record was accepted by storeRun.,.local/iterations/i06-operational-guards/runs/i06-operational-guards__reuse_b__none__r1/submission-1/evaluation/report.json,aa3cdc87dc044c28f16901169c3ef26ecbc76cc5bec33d39541a325a34b1f21a,2c79bfb852c03d97577199b469350b80cc384a9e71024e916ef7f99c3f9ff651
i06-operational-guards__reuse_b__none__r1,reuse_b__none,boundsRetainedEntries,retention_threshold,AssertionError: More than 100 entries retained.,.local/iterations/i06-operational-guards/runs/i06-operational-guards__reuse_b__none__r1/submission-1/evaluation/report.json,aa3cdc87dc044c28f16901169c3ef26ecbc76cc5bec33d39541a325a34b1f21a,2c79bfb852c03d97577199b469350b80cc384a9e71024e916ef7f99c3f9ff651
i06-operational-guards__generation_sfb__boundaries__r1,generation_sfb__boundaries,rejectsNegativeScore,input_rejection_policy,AssertionError: Invalid record was accepted by storeRun.,.local/iterations/i06-operational-guards/runs/i06-operational-guards__generation_sfb__boundaries__r1/submission-2/evaluation/report.json,a5361f669ac8599ab6c7d98df1c846cee153e74acbd9b5636ad262ecd2755f83,9cc30d296ef89c1885014346e39fae120fc409042847dad9ea5b328f5b6f3913
i06-operational-guards__generation_sfb__boundaries__r1,generation_sfb__boundaries,rejectsNullName,input_rejection_policy,AssertionError: Invalid record was accepted by storeRun.,.local/iterations/i06-operational-guards/runs/i06-operational-guards__generation_sfb__boundaries__r1/submission-2/evaluation/report.json,a5361f669ac8599ab6c7d98df1c846cee153e74acbd9b5636ad262ecd2755f83,9cc30d296ef89c1885014346e39fae120fc409042847dad9ea5b328f5b6f3913
i06-operational-guards__generation_sfb__boundaries__r1,generation_sfb__boundaries,rejectsBlankName,input_rejection_policy,AssertionError: Invalid record was accepted by storeRun.,.local/iterations/i06-operational-guards/runs/i06-operational-guards__generation_sfb__boundaries__r1/submission-2/evaluation/report.json,a5361f669ac8599ab6c7d98df1c846cee153e74acbd9b5636ad262ecd2755f83,9cc30d296ef89c1885014346e39fae120fc409042847dad9ea5b328f5b6f3913
i06-operational-guards__generation_sfb__boundaries__r1,generation_sfb__boundaries,rejectsExcessiveName,input_rejection_policy,AssertionError: Invalid record was accepted by storeRun.,.local/iterations/i06-operational-guards/runs/i06-operational-guards__generation_sfb__boundaries__r1/submission-2/evaluation/report.json,a5361f669ac8599ab6c7d98df1c846cee153e74acbd9b5636ad262ecd2755f83,9cc30d296ef89c1885014346e39fae120fc409042847dad9ea5b328f5b6f3913
i06-operational-guards__generation_sfb__boundaries__r1,generation_sfb__boundaries,oversizedPhysicalLine,observed_heap_exhaustion,OutOfMemoryError: Java heap space,.local/iterations/i06-operational-guards/runs/i06-operational-guards__generation_sfb__boundaries__r1/submission-2/evaluation/report.json,a5361f669ac8599ab6c7d98df1c846cee153e74acbd9b5636ad262ecd2755f83,9cc30d296ef89c1885014346e39fae120fc409042847dad9ea5b328f5b6f3913
i06-operational-guards__reuse_b__requirements__r1,reuse_b__requirements,oversizedPhysicalLine,observed_heap_exhaustion,OutOfMemoryError: Java heap space,.local/iterations/i06-operational-guards/runs/i06-operational-guards__reuse_b__requirements__r1/submission-2/evaluation/report.json,694b9466359d938fec642ee11e47c6d3322c37e9d4033debc215fe2fec8d9dd3,68cf3a696cc75cb06fe97d388948d21d6b5daffda1c2a9dfb09ff136e8c107d0
i06-operational-guards__reuse_sb__none__r1,reuse_sb__none,rejectsNegativeScore,input_rejection_policy,AssertionError: Invalid record was accepted by storeRun.,.local/iterations/i06-operational-guards/runs/i06-operational-guards__reuse_sb__none__r1/submission-1/evaluation/report.json,c5e8d6ce87309477cb0191a5f43f16c13143e441fcad83349352a1b516f417f3,d31c408072a51c7ad7d184c1eeab88ac5115a3d2a15b7d479710335e7d28ef4d
i06-operational-guards__reuse_sb__none__r1,reuse_sb__none,rejectsNegativeTime,input_rejection_policy,AssertionError: Invalid record was accepted by storeRun.,.local/iterations/i06-operational-guards/runs/i06-operational-guards__reuse_sb__none__r1/submission-1/evaluation/report.json,c5e8d6ce87309477cb0191a5f43f16c13143e441fcad83349352a1b516f417f3,d31c408072a51c7ad7d184c1eeab88ac5115a3d2a15b7d479710335e7d28ef4d
i06-operational-guards__reuse_sb__none__r1,reuse_sb__none,rejectsNullName,input_rejection_policy,AssertionError: Invalid record was accepted by storeRun.,.local/iterations/i06-operational-guards/runs/i06-operational-guards__reuse_sb__none__r1/submission-1/evaluation/report.json,c5e8d6ce87309477cb0191a5f43f16c13143e441fcad83349352a1b516f417f3,d31c408072a51c7ad7d184c1eeab88ac5115a3d2a15b7d479710335e7d28ef4d
i06-operational-guards__reuse_sb__none__r1,reuse_sb__none,rejectsBlankName,input_rejection_policy,AssertionError: Invalid record was accepted by storeRun.,.local/iterations/i06-operational-guards/runs/i06-operational-guards__reuse_sb__none__r1/submission-1/evaluation/report.json,c5e8d6ce87309477cb0191a5f43f16c13143e441fcad83349352a1b516f417f3,d31c408072a51c7ad7d184c1eeab88ac5115a3d2a15b7d479710335e7d28ef4d
i06-operational-guards__reuse_sb__none__r1,reuse_sb__none,rejectsExcessiveName,input_rejection_policy,AssertionError: Invalid record was accepted by storeRun.,.local/iterations/i06-operational-guards/runs/i06-operational-guards__reuse_sb__none__r1/submission-1/evaluation/report.json,c5e8d6ce87309477cb0191a5f43f16c13143e441fcad83349352a1b516f417f3,d31c408072a51c7ad7d184c1eeab88ac5115a3d2a15b7d479710335e7d28ef4d
i06-operational-guards__reuse_sb__none__r1,reuse_sb__none,oversizedPhysicalLine,observed_heap_exhaustion,OutOfMemoryError: Java heap space,.local/iterations/i06-operational-guards/runs/i06-operational-guards__reuse_sb__none__r1/submission-1/evaluation/report.json,c5e8d6ce87309477cb0191a5f43f16c13143e441fcad83349352a1b516f417f3,d31c408072a51c7ad7d184c1eeab88ac5115a3d2a15b7d479710335e7d28ef4d
i06-operational-guards__reuse_sb__none__r1,reuse_sb__none,largePersistedRecordSet,observed_heap_exhaustion,OutOfMemoryError: Java heap space,.local/iterations/i06-operational-guards/runs/i06-operational-guards__reuse_sb__none__r1/submission-1/evaluation/report.json,c5e8d6ce87309477cb0191a5f43f16c13143e441fcad83349352a1b516f417f3,d31c408072a51c7ad7d184c1eeab88ac5115a3d2a15b7d479710335e7d28ef4d
i06-operational-guards__reuse_b__boundaries__r1,reuse_b__boundaries,rejectsNegativeScore,input_rejection_policy,AssertionError: Invalid record was accepted by storeRun.,.local/iterations/i06-operational-guards/runs/i06-operational-guards__reuse_b__boundaries__r1/submission-2/evaluation/report.json,aed1d43c5a18aee4c2b2e4f9d8558fd8b247db0a5c6b21bd700085927e511682,2edde10fad278028617eb00ded69f48a496c0bc3baeb1972275f5bae0d05244a
i06-operational-guards__reuse_b__boundaries__r1,reuse_b__boundaries,rejectsNegativeTime,input_rejection_policy,AssertionError: Invalid record was accepted by storeRun.,.local/iterations/i06-operational-guards/runs/i06-operational-guards__reuse_b__boundaries__r1/submission-2/evaluation/report.json,aed1d43c5a18aee4c2b2e4f9d8558fd8b247db0a5c6b21bd700085927e511682,2edde10fad278028617eb00ded69f48a496c0bc3baeb1972275f5bae0d05244a
i06-operational-guards__reuse_b__boundaries__r1,reuse_b__boundaries,rejectsNullName,input_rejection_policy,AssertionError: Invalid record was accepted by storeRun.,.local/iterations/i06-operational-guards/runs/i06-operational-guards__reuse_b__boundaries__r1/submission-2/evaluation/report.json,aed1d43c5a18aee4c2b2e4f9d8558fd8b247db0a5c6b21bd700085927e511682,2edde10fad278028617eb00ded69f48a496c0bc3baeb1972275f5bae0d05244a
i06-operational-guards__reuse_b__boundaries__r1,reuse_b__boundaries,rejectsBlankName,input_rejection_policy,AssertionError: Invalid record was accepted by storeRun.,.local/iterations/i06-operational-guards/runs/i06-operational-guards__reuse_b__boundaries__r1/submission-2/evaluation/report.json,aed1d43c5a18aee4c2b2e4f9d8558fd8b247db0a5c6b21bd700085927e511682,2edde10fad278028617eb00ded69f48a496c0bc3baeb1972275f5bae0d05244a
i06-operational-guards__reuse_b__boundaries__r1,reuse_b__boundaries,rejectsExcessiveName,input_rejection_policy,AssertionError: Invalid record was accepted by storeRun.,.local/iterations/i06-operational-guards/runs/i06-operational-guards__reuse_b__boundaries__r1/submission-2/evaluation/report.json,aed1d43c5a18aee4c2b2e4f9d8558fd8b247db0a5c6b21bd700085927e511682,2edde10fad278028617eb00ded69f48a496c0bc3baeb1972275f5bae0d05244a
i06-operational-guards__generation_sfb__requirements__r1,generation_sfb__requirements,rejectsNegativeScore,input_rejection_policy,AssertionError: Invalid record was accepted by storeRun.,.local/iterations/i06-operational-guards/runs/i06-operational-guards__generation_sfb__requirements__r1/submission-3/evaluation/report.json,3cb141afe2337a27af4be306fc0cec57bff13a32b699c24f11985dffb118df13,64afd7a9466ffe4a705bfcd78034205264b85808d945f88eee3b8f665a4bf6e0
i06-operational-guards__generation_sfb__requirements__r1,generation_sfb__requirements,oversizedPhysicalLine,observed_heap_exhaustion,OutOfMemoryError: Java heap space,.local/iterations/i06-operational-guards/runs/i06-operational-guards__generation_sfb__requirements__r1/submission-3/evaluation/report.json,3cb141afe2337a27af4be306fc0cec57bff13a32b699c24f11985dffb118df13,64afd7a9466ffe4a705bfcd78034205264b85808d945f88eee3b8f665a4bf6e0
i06-operational-guards__reuse_sb__operations__r1,reuse_sb__operations,rejectsNegativeScore,input_rejection_policy,AssertionError: Invalid record was accepted by storeRun.,.local/iterations/i06-operational-guards/runs/i06-operational-guards__reuse_sb__operations__r1/submission-4/evaluation/report.json,d14f570cda1635aa4b1fee4e82981317e99af79719f9dc22c4b8e9df6fc7b165,3eb3bfd00450143fcb2be6d192d5352a08461838487cb7c9cf971c7983b0c0f3
i06-operational-guards__reuse_b__operations__r2,reuse_b__operations,rejectsNegativeScore,input_rejection_policy,AssertionError: Invalid record was accepted by storeRun.,.local/iterations/i06-operational-guards/runs/i06-operational-guards__reuse_b__operations__r2/submission-4/evaluation/report.json,86c85a14b394da7c2c3bcbd54fec128321457abf23183d8a7b6aea195e92e560,4ff2c728946fb25acebbe04a5af824d8bd7b7483e67be9bf8cb0fb5f37e1e6d6
i06-operational-guards__generation_s__none__r2,generation_s__none,rejectsNegativeScore,input_rejection_policy,AssertionError: Invalid record was accepted by storeRun.,.local/iterations/i06-operational-guards/runs/i06-operational-guards__generation_s__none__r2/submission-1/evaluation/report.json,f1da660313b3db01174409606c07ae342d0284239219227726935ad58fdd5cc9,ab8386f3e5eafa337c103f95ee72ead44360539886363e9c60846d46892c2ae4
i06-operational-guards__generation_s__none__r2,generation_s__none,rejectsNegativeTime,input_rejection_policy,AssertionError: Invalid record was accepted by storeRun.,.local/iterations/i06-operational-guards/runs/i06-operational-guards__generation_s__none__r2/submission-1/evaluation/report.json,f1da660313b3db01174409606c07ae342d0284239219227726935ad58fdd5cc9,ab8386f3e5eafa337c103f95ee72ead44360539886363e9c60846d46892c2ae4
i06-operational-guards__generation_s__none__r2,generation_s__none,rejectsExcessiveName,input_rejection_policy,AssertionError: Invalid record was accepted by storeRun.,.local/iterations/i06-operational-guards/runs/i06-operational-guards__generation_s__none__r2/submission-1/evaluation/report.json,f1da660313b3db01174409606c07ae342d0284239219227726935ad58fdd5cc9,ab8386f3e5eafa337c103f95ee72ead44360539886363e9c60846d46892c2ae4
i06-operational-guards__generation_s__none__r2,generation_s__none,boundsRetainedEntries,retention_threshold,AssertionError: More than 100 entries retained.,.local/iterations/i06-operational-guards/runs/i06-operational-guards__generation_s__none__r2/submission-1/evaluation/report.json,f1da660313b3db01174409606c07ae342d0284239219227726935ad58fdd5cc9,ab8386f3e5eafa337c103f95ee72ead44360539886363e9c60846d46892c2ae4
i06-operational-guards__generation_s__none__r2,generation_s__none,oversizedPhysicalLine,observed_heap_exhaustion,OutOfMemoryError: Java heap space,.local/iterations/i06-operational-guards/runs/i06-operational-guards__generation_s__none__r2/submission-1/evaluation/report.json,f1da660313b3db01174409606c07ae342d0284239219227726935ad58fdd5cc9,ab8386f3e5eafa337c103f95ee72ead44360539886363e9c60846d46892c2ae4
i06-operational-guards__generation_s__none__r2,generation_s__none,largePersistedRecordSet,observed_heap_exhaustion,OutOfMemoryError: Java heap space,.local/iterations/i06-operational-guards/runs/i06-operational-guards__generation_s__none__r2/submission-1/evaluation/report.json,f1da660313b3db01174409606c07ae342d0284239219227726935ad58fdd5cc9,ab8386f3e5eafa337c103f95ee72ead44360539886363e9c60846d46892c2ae4
i06-operational-guards__generation_sfb__boundaries__r2,generation_sfb__boundaries,rejectsNegativeScore,input_rejection_policy,AssertionError: Invalid record was accepted by storeRun.,.local/iterations/i06-operational-guards/runs/i06-operational-guards__generation_sfb__boundaries__r2/submission-1/evaluation/report.json,778c8fbb45feac6248bce0f2a938a8fd0339143c9f6e10e2c445a0239c55209d,85a158f5e002663f2fc65b21c320bb90520d9fdd2453e6cca8196e633475d662
i06-operational-guards__generation_sfb__boundaries__r2,generation_sfb__boundaries,rejectsNegativeTime,input_rejection_policy,AssertionError: Invalid record was accepted by storeRun.,.local/iterations/i06-operational-guards/runs/i06-operational-guards__generation_sfb__boundaries__r2/submission-1/evaluation/report.json,778c8fbb45feac6248bce0f2a938a8fd0339143c9f6e10e2c445a0239c55209d,85a158f5e002663f2fc65b21c320bb90520d9fdd2453e6cca8196e633475d662
i06-operational-guards__generation_sfb__boundaries__r2,generation_sfb__boundaries,rejectsNullName,input_rejection_policy,AssertionError: Invalid record was accepted by storeRun.,.local/iterations/i06-operational-guards/runs/i06-operational-guards__generation_sfb__boundaries__r2/submission-1/evaluation/report.json,778c8fbb45feac6248bce0f2a938a8fd0339143c9f6e10e2c445a0239c55209d,85a158f5e002663f2fc65b21c320bb90520d9fdd2453e6cca8196e633475d662
i06-operational-guards__generation_sfb__boundaries__r2,generation_sfb__boundaries,rejectsBlankName,input_rejection_policy,AssertionError: Invalid record was accepted by storeRun.,.local/iterations/i06-operational-guards/runs/i06-operational-guards__generation_sfb__boundaries__r2/submission-1/evaluation/report.json,778c8fbb45feac6248bce0f2a938a8fd0339143c9f6e10e2c445a0239c55209d,85a158f5e002663f2fc65b21c320bb90520d9fdd2453e6cca8196e633475d662
i06-operational-guards__generation_sfb__boundaries__r2,generation_sfb__boundaries,rejectsExcessiveName,input_rejection_policy,AssertionError: Invalid record was accepted by storeRun.,.local/iterations/i06-operational-guards/runs/i06-operational-guards__generation_sfb__boundaries__r2/submission-1/evaluation/report.json,778c8fbb45feac6248bce0f2a938a8fd0339143c9f6e10e2c445a0239c55209d,85a158f5e002663f2fc65b21c320bb90520d9fdd2453e6cca8196e633475d662
i06-operational-guards__generation_sfb__boundaries__r2,generation_sfb__boundaries,oversizedPhysicalLine,observed_heap_exhaustion,OutOfMemoryError: Java heap space,.local/iterations/i06-operational-guards/runs/i06-operational-guards__generation_sfb__boundaries__r2/submission-1/evaluation/report.json,778c8fbb45feac6248bce0f2a938a8fd0339143c9f6e10e2c445a0239c55209d,85a158f5e002663f2fc65b21c320bb90520d9fdd2453e6cca8196e633475d662
i06-operational-guards__generation_s__requirements__r2,generation_s__requirements,rejectsNegativeScore,input_rejection_policy,AssertionError: Invalid record was accepted by storeRun.,.local/iterations/i06-operational-guards/runs/i06-operational-guards__generation_s__requirements__r2/submission-5/evaluation/report.json,bfccbf73da300b6255fbeaa96e5e840d7fe1a58e16168d474ab11f06173c2481,5db0d82977a8d2dbf0bef1b2665909737b6af1a4aee7e319ac2c342354cab6a5
i06-operational-guards__reuse_b__boundaries__r2,reuse_b__boundaries,rejectsNegativeScore,input_rejection_policy,AssertionError: Invalid record was accepted by storeRun.,.local/iterations/i06-operational-guards/runs/i06-operational-guards__reuse_b__boundaries__r2/submission-5/evaluation/report.json,71617024c0eb5c6d83fb8ca2c84acea9ca20615690257f0c50227ca7937da436,e574a7265e167941672a94ade07196f687e44a4a1fb69d7344b8d6a7c84c088c
i06-operational-guards__reuse_b__boundaries__r2,reuse_b__boundaries,rejectsNegativeTime,input_rejection_policy,AssertionError: Invalid record was accepted by storeRun.,.local/iterations/i06-operational-guards/runs/i06-operational-guards__reuse_b__boundaries__r2/submission-5/evaluation/report.json,71617024c0eb5c6d83fb8ca2c84acea9ca20615690257f0c50227ca7937da436,e574a7265e167941672a94ade07196f687e44a4a1fb69d7344b8d6a7c84c088c
i06-operational-guards__reuse_b__boundaries__r2,reuse_b__boundaries,rejectsExcessiveName,input_rejection_policy,AssertionError: Invalid record was accepted by storeRun.,.local/iterations/i06-operational-guards/runs/i06-operational-guards__reuse_b__boundaries__r2/submission-5/evaluation/report.json,71617024c0eb5c6d83fb8ca2c84acea9ca20615690257f0c50227ca7937da436,e574a7265e167941672a94ade07196f687e44a4a1fb69d7344b8d6a7c84c088c
i06-operational-guards__reuse_b__boundaries__r2,reuse_b__boundaries,boundsRetainedEntries,retention_threshold,AssertionError: More than 100 entries retained.,.local/iterations/i06-operational-guards/runs/i06-operational-guards__reuse_b__boundaries__r2/submission-5/evaluation/report.json,71617024c0eb5c6d83fb8ca2c84acea9ca20615690257f0c50227ca7937da436,e574a7265e167941672a94ade07196f687e44a4a1fb69d7344b8d6a7c84c088c
i06-operational-guards__generation_s__boundaries__r2,generation_s__boundaries,rejectsNegativeScore,input_rejection_policy,AssertionError: Invalid record was accepted by storeRun.,.local/iterations/i06-operational-guards/runs/i06-operational-guards__generation_s__boundaries__r2/submission-1/evaluation/report.json,9b094d601b6c75afb963a2dc7b74811e5524393693ecef9f58e559f871324f63,ada5020fb9b6252a2c369b83682d953bf3b022109c76b4ac1fceb939148efe6a
i06-operational-guards__generation_s__boundaries__r2,generation_s__boundaries,rejectsNegativeTime,input_rejection_policy,AssertionError: Invalid record was accepted by storeRun.,.local/iterations/i06-operational-guards/runs/i06-operational-guards__generation_s__boundaries__r2/submission-1/evaluation/report.json,9b094d601b6c75afb963a2dc7b74811e5524393693ecef9f58e559f871324f63,ada5020fb9b6252a2c369b83682d953bf3b022109c76b4ac1fceb939148efe6a
i06-operational-guards__generation_s__boundaries__r2,generation_s__boundaries,rejectsNullName,input_rejection_policy,AssertionError: Invalid record was accepted by storeRun.,.local/iterations/i06-operational-guards/runs/i06-operational-guards__generation_s__boundaries__r2/submission-1/evaluation/report.json,9b094d601b6c75afb963a2dc7b74811e5524393693ecef9f58e559f871324f63,ada5020fb9b6252a2c369b83682d953bf3b022109c76b4ac1fceb939148efe6a
i06-operational-guards__generation_s__boundaries__r2,generation_s__boundaries,rejectsBlankName,input_rejection_policy,AssertionError: Invalid record was accepted by storeRun.,.local/iterations/i06-operational-guards/runs/i06-operational-guards__generation_s__boundaries__r2/submission-1/evaluation/report.json,9b094d601b6c75afb963a2dc7b74811e5524393693ecef9f58e559f871324f63,ada5020fb9b6252a2c369b83682d953bf3b022109c76b4ac1fceb939148efe6a
i06-operational-guards__generation_s__boundaries__r2,generation_s__boundaries,rejectsExcessiveName,input_rejection_policy,AssertionError: Invalid record was accepted by storeRun.,.local/iterations/i06-operational-guards/runs/i06-operational-guards__generation_s__boundaries__r2/submission-1/evaluation/report.json,9b094d601b6c75afb963a2dc7b74811e5524393693ecef9f58e559f871324f63,ada5020fb9b6252a2c369b83682d953bf3b022109c76b4ac1fceb939148efe6a
i06-operational-guards__generation_s__boundaries__r2,generation_s__boundaries,oversizedPhysicalLine,observed_heap_exhaustion,OutOfMemoryError: Java heap space,.local/iterations/i06-operational-guards/runs/i06-operational-guards__generation_s__boundaries__r2/submission-1/evaluation/report.json,9b094d601b6c75afb963a2dc7b74811e5524393693ecef9f58e559f871324f63,ada5020fb9b6252a2c369b83682d953bf3b022109c76b4ac1fceb939148efe6a
i06-operational-guards__generation_sfb__requirements__r2,generation_sfb__requirements,rejectsNegativeScore,input_rejection_policy,AssertionError: Invalid record was accepted by storeRun.,.local/iterations/i06-operational-guards/runs/i06-operational-guards__generation_sfb__requirements__r2/submission-1/evaluation/report.json,ab54e57c1232c77bd7b9a40e1ed868db17e98cdb89fc9d85130acd4ec41f32e1,520c4cc382348e83fceac213295d682f6fdab1ed440de29e7691a09863ef5dbd
i06-operational-guards__generation_sfb__requirements__r2,generation_sfb__requirements,oversizedPhysicalLine,observed_heap_exhaustion,OutOfMemoryError: Java heap space,.local/iterations/i06-operational-guards/runs/i06-operational-guards__generation_sfb__requirements__r2/submission-1/evaluation/report.json,ab54e57c1232c77bd7b9a40e1ed868db17e98cdb89fc9d85130acd4ec41f32e1,520c4cc382348e83fceac213295d682f6fdab1ed440de29e7691a09863ef5dbd
i06-operational-guards__reuse_sb__boundaries__r2,reuse_sb__boundaries,rejectsNegativeScore,input_rejection_policy,AssertionError: Invalid record was accepted by storeRun.,.local/iterations/i06-operational-guards/runs/i06-operational-guards__reuse_sb__boundaries__r2/submission-2/evaluation/report.json,05817907dd98e7246b2cc84361f1a11e03130b1167bfb69460a7af7809aef314,1df49eeb8ced9decd07cff8483722ce2bab1fe2eeafbacc985a88e4c9a01ebe3
i06-operational-guards__reuse_sb__boundaries__r2,reuse_sb__boundaries,rejectsNegativeTime,input_rejection_policy,AssertionError: Invalid record was accepted by storeRun.,.local/iterations/i06-operational-guards/runs/i06-operational-guards__reuse_sb__boundaries__r2/submission-2/evaluation/report.json,05817907dd98e7246b2cc84361f1a11e03130b1167bfb69460a7af7809aef314,1df49eeb8ced9decd07cff8483722ce2bab1fe2eeafbacc985a88e4c9a01ebe3
i06-operational-guards__reuse_sb__boundaries__r2,reuse_sb__boundaries,rejectsNullName,input_rejection_policy,AssertionError: Invalid record was accepted by storeRun.,.local/iterations/i06-operational-guards/runs/i06-operational-guards__reuse_sb__boundaries__r2/submission-2/evaluation/report.json,05817907dd98e7246b2cc84361f1a11e03130b1167bfb69460a7af7809aef314,1df49eeb8ced9decd07cff8483722ce2bab1fe2eeafbacc985a88e4c9a01ebe3
i06-operational-guards__reuse_sb__boundaries__r2,reuse_sb__boundaries,rejectsBlankName,input_rejection_policy,AssertionError: Invalid record was accepted by storeRun.,.local/iterations/i06-operational-guards/runs/i06-operational-guards__reuse_sb__boundaries__r2/submission-2/evaluation/report.json,05817907dd98e7246b2cc84361f1a11e03130b1167bfb69460a7af7809aef314,1df49eeb8ced9decd07cff8483722ce2bab1fe2eeafbacc985a88e4c9a01ebe3
i06-operational-guards__reuse_sb__boundaries__r2,reuse_sb__boundaries,rejectsExcessiveName,input_rejection_policy,AssertionError: Invalid record was accepted by storeRun.,.local/iterations/i06-operational-guards/runs/i06-operational-guards__reuse_sb__boundaries__r2/submission-2/evaluation/report.json,05817907dd98e7246b2cc84361f1a11e03130b1167bfb69460a7af7809aef314,1df49eeb8ced9decd07cff8483722ce2bab1fe2eeafbacc985a88e4c9a01ebe3
i06-operational-guards__reuse_sb__none__r2,reuse_sb__none,rejectsNegativeScore,input_rejection_policy,AssertionError: Invalid record was accepted by storeRun.,.local/iterations/i06-operational-guards/runs/i06-operational-guards__reuse_sb__none__r2/submission-1/evaluation/report.json,8f22227e395265170a1b9999d4d857d86fb629b70aaa0c4acc14cc9c8db88d83,b4397caae1aeb07433149958e8a0bf5dafe6d554ceba1cf3b18050c30610ab7a
i06-operational-guards__reuse_sb__none__r2,reuse_sb__none,rejectsNegativeTime,input_rejection_policy,AssertionError: Invalid record was accepted by storeRun.,.local/iterations/i06-operational-guards/runs/i06-operational-guards__reuse_sb__none__r2/submission-1/evaluation/report.json,8f22227e395265170a1b9999d4d857d86fb629b70aaa0c4acc14cc9c8db88d83,b4397caae1aeb07433149958e8a0bf5dafe6d554ceba1cf3b18050c30610ab7a
i06-operational-guards__reuse_sb__none__r2,reuse_sb__none,rejectsNullName,input_rejection_policy,AssertionError: Invalid record was accepted by storeRun.,.local/iterations/i06-operational-guards/runs/i06-operational-guards__reuse_sb__none__r2/submission-1/evaluation/report.json,8f22227e395265170a1b9999d4d857d86fb629b70aaa0c4acc14cc9c8db88d83,b4397caae1aeb07433149958e8a0bf5dafe6d554ceba1cf3b18050c30610ab7a
i06-operational-guards__reuse_sb__none__r2,reuse_sb__none,rejectsBlankName,input_rejection_policy,AssertionError: Invalid record was accepted by storeRun.,.local/iterations/i06-operational-guards/runs/i06-operational-guards__reuse_sb__none__r2/submission-1/evaluation/report.json,8f22227e395265170a1b9999d4d857d86fb629b70aaa0c4acc14cc9c8db88d83,b4397caae1aeb07433149958e8a0bf5dafe6d554ceba1cf3b18050c30610ab7a
i06-operational-guards__reuse_sb__none__r2,reuse_sb__none,rejectsExcessiveName,input_rejection_policy,AssertionError: Invalid record was accepted by storeRun.,.local/iterations/i06-operational-guards/runs/i06-operational-guards__reuse_sb__none__r2/submission-1/evaluation/report.json,8f22227e395265170a1b9999d4d857d86fb629b70aaa0c4acc14cc9c8db88d83,b4397caae1aeb07433149958e8a0bf5dafe6d554ceba1cf3b18050c30610ab7a
i06-operational-guards__reuse_sb__none__r2,reuse_sb__none,oversizedPhysicalLine,observed_heap_exhaustion,OutOfMemoryError: Java heap space,.local/iterations/i06-operational-guards/runs/i06-operational-guards__reuse_sb__none__r2/submission-1/evaluation/report.json,8f22227e395265170a1b9999d4d857d86fb629b70aaa0c4acc14cc9c8db88d83,b4397caae1aeb07433149958e8a0bf5dafe6d554ceba1cf3b18050c30610ab7a
i06-operational-guards__reuse_sb__none__r2,reuse_sb__none,largePersistedRecordSet,observed_heap_exhaustion,OutOfMemoryError: Java heap space,.local/iterations/i06-operational-guards/runs/i06-operational-guards__reuse_sb__none__r2/submission-1/evaluation/report.json,8f22227e395265170a1b9999d4d857d86fb629b70aaa0c4acc14cc9c8db88d83,b4397caae1aeb07433149958e8a0bf5dafe6d554ceba1cf3b18050c30610ab7a
i06-operational-guards__generation_sfb__none__r2,generation_sfb__none,rejectsNegativeScore,input_rejection_policy,AssertionError: Invalid record was accepted by storeRun.,.local/iterations/i06-operational-guards/runs/i06-operational-guards__generation_sfb__none__r2/submission-1/evaluation/report.json,5f0245e3fdb2dd53152822f3319c4a3b7c530060606299766e49d297eee3f886,46b7803e66771a525d5cebef7ca436023f7e0347422e50b99e918940de41ddce
i06-operational-guards__generation_sfb__none__r2,generation_sfb__none,rejectsNegativeTime,input_rejection_policy,AssertionError: Invalid record was accepted by storeRun.,.local/iterations/i06-operational-guards/runs/i06-operational-guards__generation_sfb__none__r2/submission-1/evaluation/report.json,5f0245e3fdb2dd53152822f3319c4a3b7c530060606299766e49d297eee3f886,46b7803e66771a525d5cebef7ca436023f7e0347422e50b99e918940de41ddce
i06-operational-guards__generation_sfb__none__r2,generation_sfb__none,rejectsNullName,input_rejection_policy,AssertionError: Invalid record was accepted by storeRun.,.local/iterations/i06-operational-guards/runs/i06-operational-guards__generation_sfb__none__r2/submission-1/evaluation/report.json,5f0245e3fdb2dd53152822f3319c4a3b7c530060606299766e49d297eee3f886,46b7803e66771a525d5cebef7ca436023f7e0347422e50b99e918940de41ddce
i06-operational-guards__generation_sfb__none__r2,generation_sfb__none,rejectsBlankName,input_rejection_policy,AssertionError: Invalid record was accepted by storeRun.,.local/iterations/i06-operational-guards/runs/i06-operational-guards__generation_sfb__none__r2/submission-1/evaluation/report.json,5f0245e3fdb2dd53152822f3319c4a3b7c530060606299766e49d297eee3f886,46b7803e66771a525d5cebef7ca436023f7e0347422e50b99e918940de41ddce
i06-operational-guards__generation_sfb__none__r2,generation_sfb__none,rejectsExcessiveName,input_rejection_policy,AssertionError: Invalid record was accepted by storeRun.,.local/iterations/i06-operational-guards/runs/i06-operational-guards__generation_sfb__none__r2/submission-1/evaluation/report.json,5f0245e3fdb2dd53152822f3319c4a3b7c530060606299766e49d297eee3f886,46b7803e66771a525d5cebef7ca436023f7e0347422e50b99e918940de41ddce
i06-operational-guards__generation_sfb__none__r2,generation_sfb__none,oversizedPhysicalLine,observed_heap_exhaustion,OutOfMemoryError: Java heap space,.local/iterations/i06-operational-guards/runs/i06-operational-guards__generation_sfb__none__r2/submission-1/evaluation/report.json,5f0245e3fdb2dd53152822f3319c4a3b7c530060606299766e49d297eee3f886,46b7803e66771a525d5cebef7ca436023f7e0347422e50b99e918940de41ddce
i06-operational-guards__generation_sfb__none__r2,generation_sfb__none,largePersistedRecordSet,observed_heap_exhaustion,OutOfMemoryError: Java heap space,.local/iterations/i06-operational-guards/runs/i06-operational-guards__generation_sfb__none__r2/submission-1/evaluation/report.json,5f0245e3fdb2dd53152822f3319c4a3b7c530060606299766e49d297eee3f886,46b7803e66771a525d5cebef7ca436023f7e0347422e50b99e918940de41ddce
i06-operational-guards__generation_s__operations__r2,generation_s__operations,rejectsNegativeScore,input_rejection_policy,AssertionError: Invalid record was accepted by storeRun.,.local/iterations/i06-operational-guards/runs/i06-operational-guards__generation_s__operations__r2/submission-2/evaluation/report.json,00efd6dbf260894b2b99a70a2352e43999f2e24516c759c9df58720b67f5ae44,22e49adf4259a0790c5db7e4ae5278580428934154a0e26586b7ba8915c2251f
i06-operational-guards__generation_s__operations__r2,generation_s__operations,rejectsExcessiveName,input_rejection_policy,AssertionError: Invalid record was accepted by storeRun.,.local/iterations/i06-operational-guards/runs/i06-operational-guards__generation_s__operations__r2/submission-2/evaluation/report.json,00efd6dbf260894b2b99a70a2352e43999f2e24516c759c9df58720b67f5ae44,22e49adf4259a0790c5db7e4ae5278580428934154a0e26586b7ba8915c2251f
i06-operational-guards__reuse_sb__requirements__r2,reuse_sb__requirements,oversizedPhysicalLine,observed_heap_exhaustion,OutOfMemoryError: Java heap space,.local/iterations/i06-operational-guards/runs/i06-operational-guards__reuse_sb__requirements__r2/submission-2/evaluation/report.json,ec481792099aa60690c6c8ab64da9d895eb3f0354d5169acdfd4def6390d3734,2951ab83ee6aa01e7aa374fb09f907d1749642eae88c9f8b2dc5274407fec36e
i06-operational-guards__generation_sfb__operations__r2,generation_sfb__operations,rejectsNegativeScore,input_rejection_policy,AssertionError: Invalid record was accepted by storeRun.,.local/iterations/i06-operational-guards/runs/i06-operational-guards__generation_sfb__operations__r2/submission-3/evaluation/report.json,a37f158be6ad1cb7900b5a05d20b88108a601e98ce03cca76efde95d0b6ab6bd,78f4cd50737fd67df8bbfe5944c920e8e6411874b138ec70b7b7d7129e5bf18e
i06-operational-guards__generation_sfb__operations__r2,generation_sfb__operations,rejectsExcessiveName,input_rejection_policy,AssertionError: Invalid record was accepted by storeRun.,.local/iterations/i06-operational-guards/runs/i06-operational-guards__generation_sfb__operations__r2/submission-3/evaluation/report.json,a37f158be6ad1cb7900b5a05d20b88108a601e98ce03cca76efde95d0b6ab6bd,78f4cd50737fd67df8bbfe5944c920e8e6411874b138ec70b7b7d7129e5bf18e
i06-operational-guards__reuse_sb__operations__r2,reuse_sb__operations,rejectsNegativeScore,input_rejection_policy,AssertionError: Invalid record was accepted by storeRun.,.local/iterations/i06-operational-guards/runs/i06-operational-guards__reuse_sb__operations__r2/submission-4/evaluation/report.json,a02694772cb53862078b55ccde926763d2ea79e11c9a4d7b411a9970e9f3637e,fc5b4a9e0351196f135fd00d04c761b2eb658637101f4a709ed4194ae8f1fe37
i06-operational-guards__reuse_sb__operations__r2,reuse_sb__operations,boundsRetainedEntries,retention_threshold,AssertionError: More than 100 entries retained.,.local/iterations/i06-operational-guards/runs/i06-operational-guards__reuse_sb__operations__r2/submission-4/evaluation/report.json,a02694772cb53862078b55ccde926763d2ea79e11c9a4d7b411a9970e9f3637e,fc5b4a9e0351196f135fd00d04c761b2eb658637101f4a709ed4194ae8f1fe37
i06-operational-guards__reuse_b__none__r2,reuse_b__none,rejectsNegativeScore,input_rejection_policy,AssertionError: Invalid record was accepted by storeRun.,.local/iterations/i06-operational-guards/runs/i06-operational-guards__reuse_b__none__r2/submission-3/evaluation/report.json,79ad5dac74a482ba3f0707cdcd9fe1c08cc5d4ef21911c86ed49ee5ca890cc71,cd139f40724d8cf3e373f6bd4814dd07ed7076dae8b73760e1b21fcd257ca88e
i06-operational-guards__reuse_b__none__r2,reuse_b__none,rejectsNegativeTime,input_rejection_policy,AssertionError: Invalid record was accepted by storeRun.,.local/iterations/i06-operational-guards/runs/i06-operational-guards__reuse_b__none__r2/submission-3/evaluation/report.json,79ad5dac74a482ba3f0707cdcd9fe1c08cc5d4ef21911c86ed49ee5ca890cc71,cd139f40724d8cf3e373f6bd4814dd07ed7076dae8b73760e1b21fcd257ca88e
i06-operational-guards__reuse_b__none__r2,reuse_b__none,rejectsNullName,input_rejection_policy,AssertionError: Invalid record was accepted by storeRun.,.local/iterations/i06-operational-guards/runs/i06-operational-guards__reuse_b__none__r2/submission-3/evaluation/report.json,79ad5dac74a482ba3f0707cdcd9fe1c08cc5d4ef21911c86ed49ee5ca890cc71,cd139f40724d8cf3e373f6bd4814dd07ed7076dae8b73760e1b21fcd257ca88e
i06-operational-guards__reuse_b__none__r2,reuse_b__none,rejectsBlankName,input_rejection_policy,AssertionError: Invalid record was accepted by storeRun.,.local/iterations/i06-operational-guards/runs/i06-operational-guards__reuse_b__none__r2/submission-3/evaluation/report.json,79ad5dac74a482ba3f0707cdcd9fe1c08cc5d4ef21911c86ed49ee5ca890cc71,cd139f40724d8cf3e373f6bd4814dd07ed7076dae8b73760e1b21fcd257ca88e
i06-operational-guards__reuse_b__none__r2,reuse_b__none,rejectsExcessiveName,input_rejection_policy,AssertionError: Invalid record was accepted by storeRun.,.local/iterations/i06-operational-guards/runs/i06-operational-guards__reuse_b__none__r2/submission-3/evaluation/report.json,79ad5dac74a482ba3f0707cdcd9fe1c08cc5d4ef21911c86ed49ee5ca890cc71,cd139f40724d8cf3e373f6bd4814dd07ed7076dae8b73760e1b21fcd257ca88e
i06-operational-guards__reuse_b__none__r2,reuse_b__none,boundsRetainedEntries,retention_threshold,AssertionError: More than 100 entries retained.,.local/iterations/i06-operational-guards/runs/i06-operational-guards__reuse_b__none__r2/submission-3/evaluation/report.json,79ad5dac74a482ba3f0707cdcd9fe1c08cc5d4ef21911c86ed49ee5ca890cc71,cd139f40724d8cf3e373f6bd4814dd07ed7076dae8b73760e1b21fcd257ca88e
i06-operational-guards__reuse_b__none__r2,reuse_b__none,oversizedPhysicalLine,observed_heap_exhaustion,OutOfMemoryError: Java heap space,.local/iterations/i06-operational-guards/runs/i06-operational-guards__reuse_b__none__r2/submission-3/evaluation/report.json,79ad5dac74a482ba3f0707cdcd9fe1c08cc5d4ef21911c86ed49ee5ca890cc71,cd139f40724d8cf3e373f6bd4814dd07ed7076dae8b73760e1b21fcd257ca88e
i06-operational-guards__generation_sfb__operations__r3,generation_sfb__operations,rejectsNegativeScore,input_rejection_policy,AssertionError: Invalid record was accepted by storeRun.,.local/iterations/i06-operational-guards/runs/i06-operational-guards__generation_sfb__operations__r3/submission-1/evaluation/report.json,508a081212139131535002fb16f7aa6ba5749e969a8e33916dcad7b36b518a08,663fac55d7e82a01b7fd038cc60dbc530f6055dd45c5f629fb8b65fa1e90beae
i06-operational-guards__generation_sfb__operations__r3,generation_sfb__operations,rejectsExcessiveName,input_rejection_policy,AssertionError: Invalid record was accepted by storeRun.,.local/iterations/i06-operational-guards/runs/i06-operational-guards__generation_sfb__operations__r3/submission-1/evaluation/report.json,508a081212139131535002fb16f7aa6ba5749e969a8e33916dcad7b36b518a08,663fac55d7e82a01b7fd038cc60dbc530f6055dd45c5f629fb8b65fa1e90beae
i06-operational-guards__reuse_b__none__r3,reuse_b__none,rejectsNegativeScore,input_rejection_policy,AssertionError: Invalid record was accepted by storeRun.,.local/iterations/i06-operational-guards/runs/i06-operational-guards__reuse_b__none__r3/submission-3/evaluation/report.json,5cd5db84d892baaad6dd8b846533aaa144aa7de28c99cce23999cd4c2240047a,b7a830a8b05ca752ebc7b5b99988420e9fb96d8199f992def0fa0e3f7b6e7f78
i06-operational-guards__reuse_b__none__r3,reuse_b__none,rejectsNegativeTime,input_rejection_policy,AssertionError: Invalid record was accepted by storeRun.,.local/iterations/i06-operational-guards/runs/i06-operational-guards__reuse_b__none__r3/submission-3/evaluation/report.json,5cd5db84d892baaad6dd8b846533aaa144aa7de28c99cce23999cd4c2240047a,b7a830a8b05ca752ebc7b5b99988420e9fb96d8199f992def0fa0e3f7b6e7f78
i06-operational-guards__reuse_b__none__r3,reuse_b__none,rejectsNullName,input_rejection_policy,AssertionError: Invalid record was accepted by storeRun.,.local/iterations/i06-operational-guards/runs/i06-operational-guards__reuse_b__none__r3/submission-3/evaluation/report.json,5cd5db84d892baaad6dd8b846533aaa144aa7de28c99cce23999cd4c2240047a,b7a830a8b05ca752ebc7b5b99988420e9fb96d8199f992def0fa0e3f7b6e7f78
i06-operational-guards__reuse_b__none__r3,reuse_b__none,rejectsBlankName,input_rejection_policy,AssertionError: Invalid record was accepted by storeRun.,.local/iterations/i06-operational-guards/runs/i06-operational-guards__reuse_b__none__r3/submission-3/evaluation/report.json,5cd5db84d892baaad6dd8b846533aaa144aa7de28c99cce23999cd4c2240047a,b7a830a8b05ca752ebc7b5b99988420e9fb96d8199f992def0fa0e3f7b6e7f78
i06-operational-guards__reuse_b__none__r3,reuse_b__none,rejectsExcessiveName,input_rejection_policy,AssertionError: Invalid record was accepted by storeRun.,.local/iterations/i06-operational-guards/runs/i06-operational-guards__reuse_b__none__r3/submission-3/evaluation/report.json,5cd5db84d892baaad6dd8b846533aaa144aa7de28c99cce23999cd4c2240047a,b7a830a8b05ca752ebc7b5b99988420e9fb96d8199f992def0fa0e3f7b6e7f78
i06-operational-guards__reuse_b__none__r3,reuse_b__none,oversizedPhysicalLine,observed_heap_exhaustion,OutOfMemoryError: Java heap space,.local/iterations/i06-operational-guards/runs/i06-operational-guards__reuse_b__none__r3/submission-3/evaluation/report.json,5cd5db84d892baaad6dd8b846533aaa144aa7de28c99cce23999cd4c2240047a,b7a830a8b05ca752ebc7b5b99988420e9fb96d8199f992def0fa0e3f7b6e7f78
i06-operational-guards__reuse_b__none__r3,reuse_b__none,largePersistedRecordSet,observed_heap_exhaustion,OutOfMemoryError: Java heap space,.local/iterations/i06-operational-guards/runs/i06-operational-guards__reuse_b__none__r3/submission-3/evaluation/report.json,5cd5db84d892baaad6dd8b846533aaa144aa7de28c99cce23999cd4c2240047a,b7a830a8b05ca752ebc7b5b99988420e9fb96d8199f992def0fa0e3f7b6e7f78
i06-operational-guards__generation_sfb__requirements__r3,generation_sfb__requirements,rejectsNegativeScore,input_rejection_policy,AssertionError: Invalid record was accepted by storeRun.,.local/iterations/i06-operational-guards/runs/i06-operational-guards__generation_sfb__requirements__r3/submission-4/evaluation/report.json,2249f75844515f6d47ae90b19f0731d5ccbbf201c10e9e1ac9316c09b87b94bc,e0581a0a47fec5faf4b84620c59d8136f57ab3c651b8badc276bb3df7a05ce8c
i06-operational-guards__generation_sfb__requirements__r3,generation_sfb__requirements,rejectsBlankName,input_rejection_policy,AssertionError: Invalid record was accepted by storeRun.,.local/iterations/i06-operational-guards/runs/i06-operational-guards__generation_sfb__requirements__r3/submission-4/evaluation/report.json,2249f75844515f6d47ae90b19f0731d5ccbbf201c10e9e1ac9316c09b87b94bc,e0581a0a47fec5faf4b84620c59d8136f57ab3c651b8badc276bb3df7a05ce8c
i06-operational-guards__generation_sfb__requirements__r3,generation_sfb__requirements,oversizedPhysicalLine,observed_heap_exhaustion,OutOfMemoryError: Java heap space,.local/iterations/i06-operational-guards/runs/i06-operational-guards__generation_sfb__requirements__r3/submission-4/evaluation/report.json,2249f75844515f6d47ae90b19f0731d5ccbbf201c10e9e1ac9316c09b87b94bc,e0581a0a47fec5faf4b84620c59d8136f57ab3c651b8badc276bb3df7a05ce8c
i06-operational-guards__reuse_sb__none__r3,reuse_sb__none,rejectsNegativeScore,input_rejection_policy,AssertionError: Invalid record was accepted by storeRun.,.local/iterations/i06-operational-guards/runs/i06-operational-guards__reuse_sb__none__r3/submission-2/evaluation/report.json,94493360fe0aaf9b1d2621b75d66f9af80e737a0bdda5304ed69c7042812ff7b,6d22f8baf123af327c71e1cf4d32b2388327b4b44aedfd8fbd4e112e7b54e4e6
i06-operational-guards__reuse_sb__none__r3,reuse_sb__none,rejectsNegativeTime,input_rejection_policy,AssertionError: Invalid record was accepted by storeRun.,.local/iterations/i06-operational-guards/runs/i06-operational-guards__reuse_sb__none__r3/submission-2/evaluation/report.json,94493360fe0aaf9b1d2621b75d66f9af80e737a0bdda5304ed69c7042812ff7b,6d22f8baf123af327c71e1cf4d32b2388327b4b44aedfd8fbd4e112e7b54e4e6
i06-operational-guards__reuse_sb__none__r3,reuse_sb__none,rejectsNullName,input_rejection_policy,AssertionError: Invalid record was accepted by storeRun.,.local/iterations/i06-operational-guards/runs/i06-operational-guards__reuse_sb__none__r3/submission-2/evaluation/report.json,94493360fe0aaf9b1d2621b75d66f9af80e737a0bdda5304ed69c7042812ff7b,6d22f8baf123af327c71e1cf4d32b2388327b4b44aedfd8fbd4e112e7b54e4e6
i06-operational-guards__reuse_sb__none__r3,reuse_sb__none,rejectsBlankName,input_rejection_policy,AssertionError: Invalid record was accepted by storeRun.,.local/iterations/i06-operational-guards/runs/i06-operational-guards__reuse_sb__none__r3/submission-2/evaluation/report.json,94493360fe0aaf9b1d2621b75d66f9af80e737a0bdda5304ed69c7042812ff7b,6d22f8baf123af327c71e1cf4d32b2388327b4b44aedfd8fbd4e112e7b54e4e6
i06-operational-guards__reuse_sb__none__r3,reuse_sb__none,rejectsExcessiveName,input_rejection_policy,AssertionError: Invalid record was accepted by storeRun.,.local/iterations/i06-operational-guards/runs/i06-operational-guards__reuse_sb__none__r3/submission-2/evaluation/report.json,94493360fe0aaf9b1d2621b75d66f9af80e737a0bdda5304ed69c7042812ff7b,6d22f8baf123af327c71e1cf4d32b2388327b4b44aedfd8fbd4e112e7b54e4e6
i06-operational-guards__reuse_sb__none__r3,reuse_sb__none,oversizedPhysicalLine,observed_heap_exhaustion,OutOfMemoryError: Java heap space,.local/iterations/i06-operational-guards/runs/i06-operational-guards__reuse_sb__none__r3/submission-2/evaluation/report.json,94493360fe0aaf9b1d2621b75d66f9af80e737a0bdda5304ed69c7042812ff7b,6d22f8baf123af327c71e1cf4d32b2388327b4b44aedfd8fbd4e112e7b54e4e6
i06-operational-guards__reuse_sb__requirements__r3,reuse_sb__requirements,oversizedPhysicalLine,observed_heap_exhaustion,OutOfMemoryError: Java heap space,.local/iterations/i06-operational-guards/runs/i06-operational-guards__reuse_sb__requirements__r3/submission-2/evaluation/report.json,9a8a340ec570b38ad3a24b0139c23ef86869fbf81aa6e572846fa986998a6af0,c0d47fc153f12fa15bfd8c88159fe49a0dba83f99a378379464e5407525c814e
i06-operational-guards__generation_sfb__none__r3,generation_sfb__none,rejectsNegativeScore,input_rejection_policy,AssertionError: Invalid record was accepted by storeRun.,.local/iterations/i06-operational-guards/runs/i06-operational-guards__generation_sfb__none__r3/submission-2/evaluation/report.json,cef062e7468813934597d85bba6d1310c158d187e320a564cf80905b2dea47f2,22a1460566784df6fa8599b5edaf42a8699251e4b44a32c36d178f3cf2a221cb
i06-operational-guards__generation_sfb__none__r3,generation_sfb__none,rejectsNegativeTime,input_rejection_policy,AssertionError: Invalid record was accepted by storeRun.,.local/iterations/i06-operational-guards/runs/i06-operational-guards__generation_sfb__none__r3/submission-2/evaluation/report.json,cef062e7468813934597d85bba6d1310c158d187e320a564cf80905b2dea47f2,22a1460566784df6fa8599b5edaf42a8699251e4b44a32c36d178f3cf2a221cb
i06-operational-guards__generation_sfb__none__r3,generation_sfb__none,rejectsNullName,input_rejection_policy,AssertionError: Invalid record was accepted by storeRun.,.local/iterations/i06-operational-guards/runs/i06-operational-guards__generation_sfb__none__r3/submission-2/evaluation/report.json,cef062e7468813934597d85bba6d1310c158d187e320a564cf80905b2dea47f2,22a1460566784df6fa8599b5edaf42a8699251e4b44a32c36d178f3cf2a221cb
i06-operational-guards__generation_sfb__none__r3,generation_sfb__none,rejectsBlankName,input_rejection_policy,AssertionError: Invalid record was accepted by storeRun.,.local/iterations/i06-operational-guards/runs/i06-operational-guards__generation_sfb__none__r3/submission-2/evaluation/report.json,cef062e7468813934597d85bba6d1310c158d187e320a564cf80905b2dea47f2,22a1460566784df6fa8599b5edaf42a8699251e4b44a32c36d178f3cf2a221cb
i06-operational-guards__generation_sfb__none__r3,generation_sfb__none,rejectsExcessiveName,input_rejection_policy,AssertionError: Invalid record was accepted by storeRun.,.local/iterations/i06-operational-guards/runs/i06-operational-guards__generation_sfb__none__r3/submission-2/evaluation/report.json,cef062e7468813934597d85bba6d1310c158d187e320a564cf80905b2dea47f2,22a1460566784df6fa8599b5edaf42a8699251e4b44a32c36d178f3cf2a221cb
i06-operational-guards__generation_sfb__none__r3,generation_sfb__none,boundsRetainedEntries,retention_threshold,AssertionError: More than 100 entries retained.,.local/iterations/i06-operational-guards/runs/i06-operational-guards__generation_sfb__none__r3/submission-2/evaluation/report.json,cef062e7468813934597d85bba6d1310c158d187e320a564cf80905b2dea47f2,22a1460566784df6fa8599b5edaf42a8699251e4b44a32c36d178f3cf2a221cb
i06-operational-guards__generation_sfb__none__r3,generation_sfb__none,oversizedPhysicalLine,observed_heap_exhaustion,OutOfMemoryError: Java heap space,.local/iterations/i06-operational-guards/runs/i06-operational-guards__generation_sfb__none__r3/submission-2/evaluation/report.json,cef062e7468813934597d85bba6d1310c158d187e320a564cf80905b2dea47f2,22a1460566784df6fa8599b5edaf42a8699251e4b44a32c36d178f3cf2a221cb
i06-operational-guards__generation_sfb__none__r3,generation_sfb__none,largePersistedRecordSet,observed_heap_exhaustion,OutOfMemoryError: Java heap space,.local/iterations/i06-operational-guards/runs/i06-operational-guards__generation_sfb__none__r3/submission-2/evaluation/report.json,cef062e7468813934597d85bba6d1310c158d187e320a564cf80905b2dea47f2,22a1460566784df6fa8599b5edaf42a8699251e4b44a32c36d178f3cf2a221cb
i06-operational-guards__reuse_b__boundaries__r3,reuse_b__boundaries,rejectsNegativeScore,input_rejection_policy,AssertionError: Invalid record was accepted by storeRun.,.local/iterations/i06-operational-guards/runs/i06-operational-guards__reuse_b__boundaries__r3/submission-2/evaluation/report.json,6abbaa48b7f410c07a092bfe65a395211223c9f5a25c775c392e34ca5c291078,a94ec4ae345fb7d9ba859baa506ef77e74886d4cb199b386884fe4926331a31c
i06-operational-guards__reuse_b__boundaries__r3,reuse_b__boundaries,rejectsNegativeTime,input_rejection_policy,AssertionError: Invalid record was accepted by storeRun.,.local/iterations/i06-operational-guards/runs/i06-operational-guards__reuse_b__boundaries__r3/submission-2/evaluation/report.json,6abbaa48b7f410c07a092bfe65a395211223c9f5a25c775c392e34ca5c291078,a94ec4ae345fb7d9ba859baa506ef77e74886d4cb199b386884fe4926331a31c
i06-operational-guards__reuse_b__boundaries__r3,reuse_b__boundaries,rejectsNullName,input_rejection_policy,AssertionError: Invalid record was accepted by storeRun.,.local/iterations/i06-operational-guards/runs/i06-operational-guards__reuse_b__boundaries__r3/submission-2/evaluation/report.json,6abbaa48b7f410c07a092bfe65a395211223c9f5a25c775c392e34ca5c291078,a94ec4ae345fb7d9ba859baa506ef77e74886d4cb199b386884fe4926331a31c
i06-operational-guards__reuse_b__boundaries__r3,reuse_b__boundaries,rejectsBlankName,input_rejection_policy,AssertionError: Invalid record was accepted by storeRun.,.local/iterations/i06-operational-guards/runs/i06-operational-guards__reuse_b__boundaries__r3/submission-2/evaluation/report.json,6abbaa48b7f410c07a092bfe65a395211223c9f5a25c775c392e34ca5c291078,a94ec4ae345fb7d9ba859baa506ef77e74886d4cb199b386884fe4926331a31c
i06-operational-guards__reuse_b__boundaries__r3,reuse_b__boundaries,rejectsExcessiveName,input_rejection_policy,AssertionError: Invalid record was accepted by storeRun.,.local/iterations/i06-operational-guards/runs/i06-operational-guards__reuse_b__boundaries__r3/submission-2/evaluation/report.json,6abbaa48b7f410c07a092bfe65a395211223c9f5a25c775c392e34ca5c291078,a94ec4ae345fb7d9ba859baa506ef77e74886d4cb199b386884fe4926331a31c
i06-operational-guards__reuse_sb__operations__r3,reuse_sb__operations,rejectsNegativeScore,input_rejection_policy,AssertionError: Invalid record was accepted by storeRun.,.local/iterations/i06-operational-guards/runs/i06-operational-guards__reuse_sb__operations__r3/submission-5/evaluation/report.json,f4908584c2434c9a7f228bd86e92834dca8591fcfe1223377747ea0769f029f2,4cb9913fc67e8511897a22260d5f450ee50eed011548392abf9d578fb6f4d47b
i06-operational-guards__reuse_sb__boundaries__r3,reuse_sb__boundaries,rejectsNegativeScore,input_rejection_policy,AssertionError: Invalid record was accepted by storeRun.,.local/iterations/i06-operational-guards/runs/i06-operational-guards__reuse_sb__boundaries__r3/submission-2/evaluation/report.json,41105ab90563707d5e75d847ce093fa9d179ef8572aae82859451f7200cd5a52,0ce095f95684cf6671b0cf1d839f960eea877a577a82db3b4c757bdf155685f5
i06-operational-guards__reuse_sb__boundaries__r3,reuse_sb__boundaries,rejectsNegativeTime,input_rejection_policy,AssertionError: Invalid record was accepted by storeRun.,.local/iterations/i06-operational-guards/runs/i06-operational-guards__reuse_sb__boundaries__r3/submission-2/evaluation/report.json,41105ab90563707d5e75d847ce093fa9d179ef8572aae82859451f7200cd5a52,0ce095f95684cf6671b0cf1d839f960eea877a577a82db3b4c757bdf155685f5
i06-operational-guards__reuse_sb__boundaries__r3,reuse_sb__boundaries,rejectsNullName,input_rejection_policy,AssertionError: Invalid record was accepted by storeRun.,.local/iterations/i06-operational-guards/runs/i06-operational-guards__reuse_sb__boundaries__r3/submission-2/evaluation/report.json,41105ab90563707d5e75d847ce093fa9d179ef8572aae82859451f7200cd5a52,0ce095f95684cf6671b0cf1d839f960eea877a577a82db3b4c757bdf155685f5
i06-operational-guards__reuse_sb__boundaries__r3,reuse_sb__boundaries,rejectsBlankName,input_rejection_policy,AssertionError: Invalid record was accepted by storeRun.,.local/iterations/i06-operational-guards/runs/i06-operational-guards__reuse_sb__boundaries__r3/submission-2/evaluation/report.json,41105ab90563707d5e75d847ce093fa9d179ef8572aae82859451f7200cd5a52,0ce095f95684cf6671b0cf1d839f960eea877a577a82db3b4c757bdf155685f5
i06-operational-guards__reuse_sb__boundaries__r3,reuse_sb__boundaries,rejectsExcessiveName,input_rejection_policy,AssertionError: Invalid record was accepted by storeRun.,.local/iterations/i06-operational-guards/runs/i06-operational-guards__reuse_sb__boundaries__r3/submission-2/evaluation/report.json,41105ab90563707d5e75d847ce093fa9d179ef8572aae82859451f7200cd5a52,0ce095f95684cf6671b0cf1d839f960eea877a577a82db3b4c757bdf155685f5
i06-operational-guards__generation_s__requirements__r3,generation_s__requirements,rejectsNegativeScore,input_rejection_policy,AssertionError: Invalid record was accepted by storeRun.,.local/iterations/i06-operational-guards/runs/i06-operational-guards__generation_s__requirements__r3/submission-3/evaluation/report.json,5aaa01030e8d62c85519a431a9aaa80d9c34a602407cc4af7552d72e7d945855,3cf9cfa91fbcf4d4921d065da526d0a153e289eb2518479d41cc73fd6a7d220d
i06-operational-guards__generation_s__requirements__r3,generation_s__requirements,oversizedPhysicalLine,observed_heap_exhaustion,OutOfMemoryError: Java heap space,.local/iterations/i06-operational-guards/runs/i06-operational-guards__generation_s__requirements__r3/submission-3/evaluation/report.json,5aaa01030e8d62c85519a431a9aaa80d9c34a602407cc4af7552d72e7d945855,3cf9cfa91fbcf4d4921d065da526d0a153e289eb2518479d41cc73fd6a7d220d
i06-operational-guards__reuse_b__operations__r3,reuse_b__operations,rejectsNegativeScore,input_rejection_policy,AssertionError: Invalid record was accepted by storeRun.,.local/iterations/i06-operational-guards/runs/i06-operational-guards__reuse_b__operations__r3/submission-5/evaluation/report.json,e336d7c222e58fb605016b41e62bd4041ffe8e5bff9247a34bf5dac51dbb66ad,307c0de82f8e9f7786e96c0eb6dddeb0233b84b07696a79c522353ec76b79919
i06-operational-guards__reuse_b__operations__r3,reuse_b__operations,boundsRetainedEntries,other_fixture_failure,AssertionError: Valid record rejected.,.local/iterations/i06-operational-guards/runs/i06-operational-guards__reuse_b__operations__r3/submission-5/evaluation/report.json,e336d7c222e58fb605016b41e62bd4041ffe8e5bff9247a34bf5dac51dbb66ad,307c0de82f8e9f7786e96c0eb6dddeb0233b84b07696a79c522353ec76b79919
i06-operational-guards__reuse_b__requirements__r3,reuse_b__requirements,rejectsBlankName,input_rejection_policy,AssertionError: Invalid record was accepted by storeRun.,.local/iterations/i06-operational-guards/runs/i06-operational-guards__reuse_b__requirements__r3/submission-2/evaluation/report.json,1b2d92ce32d795f4fc3d08180d95c53ddc66b7ef7bda8cc1f0e90f05b57d1a62,2e42bd05b40a62dbb0c9832e6d058e5e8c8d5e56408aff0281409c0469ee2a3e
i06-operational-guards__generation_s__boundaries__r3,generation_s__boundaries,rejectsNegativeScore,input_rejection_policy,AssertionError: Invalid record was accepted by storeRun.,.local/iterations/i06-operational-guards/runs/i06-operational-guards__generation_s__boundaries__r3/submission-2/evaluation/report.json,397e21794918a0626d7e4e9db05fae9f251b49a96a4089dcde0d27e0e5437395,aaa1d431f3885c117cb1e0d54d4782e334ebcbf72a47aabd152d0425dbe3f0cf
i06-operational-guards__generation_s__boundaries__r3,generation_s__boundaries,rejectsNegativeTime,input_rejection_policy,AssertionError: Invalid record was accepted by storeRun.,.local/iterations/i06-operational-guards/runs/i06-operational-guards__generation_s__boundaries__r3/submission-2/evaluation/report.json,397e21794918a0626d7e4e9db05fae9f251b49a96a4089dcde0d27e0e5437395,aaa1d431f3885c117cb1e0d54d4782e334ebcbf72a47aabd152d0425dbe3f0cf
i06-operational-guards__generation_s__boundaries__r3,generation_s__boundaries,rejectsNullName,input_rejection_policy,AssertionError: Invalid record was accepted by storeRun.,.local/iterations/i06-operational-guards/runs/i06-operational-guards__generation_s__boundaries__r3/submission-2/evaluation/report.json,397e21794918a0626d7e4e9db05fae9f251b49a96a4089dcde0d27e0e5437395,aaa1d431f3885c117cb1e0d54d4782e334ebcbf72a47aabd152d0425dbe3f0cf
i06-operational-guards__generation_s__boundaries__r3,generation_s__boundaries,rejectsBlankName,input_rejection_policy,AssertionError: Invalid record was accepted by storeRun.,.local/iterations/i06-operational-guards/runs/i06-operational-guards__generation_s__boundaries__r3/submission-2/evaluation/report.json,397e21794918a0626d7e4e9db05fae9f251b49a96a4089dcde0d27e0e5437395,aaa1d431f3885c117cb1e0d54d4782e334ebcbf72a47aabd152d0425dbe3f0cf
i06-operational-guards__generation_s__boundaries__r3,generation_s__boundaries,rejectsExcessiveName,input_rejection_policy,AssertionError: Invalid record was accepted by storeRun.,.local/iterations/i06-operational-guards/runs/i06-operational-guards__generation_s__boundaries__r3/submission-2/evaluation/report.json,397e21794918a0626d7e4e9db05fae9f251b49a96a4089dcde0d27e0e5437395,aaa1d431f3885c117cb1e0d54d4782e334ebcbf72a47aabd152d0425dbe3f0cf
i06-operational-guards__generation_s__boundaries__r3,generation_s__boundaries,oversizedPhysicalLine,observed_heap_exhaustion,OutOfMemoryError: Java heap space,.local/iterations/i06-operational-guards/runs/i06-operational-guards__generation_s__boundaries__r3/submission-2/evaluation/report.json,397e21794918a0626d7e4e9db05fae9f251b49a96a4089dcde0d27e0e5437395,aaa1d431f3885c117cb1e0d54d4782e334ebcbf72a47aabd152d0425dbe3f0cf
i06-operational-guards__generation_s__none__r3,generation_s__none,rejectsNegativeScore,input_rejection_policy,AssertionError: Invalid record was accepted by storeRun.,.local/iterations/i06-operational-guards/runs/i06-operational-guards__generation_s__none__r3/submission-3/evaluation/report.json,66f7e9ef581142087410fa4e2774c60dea6e9d85da7ec85c33b3d0e001c7f352,e6dc6cb1a5d312355cdeee7d57edea5137654d5d7a60e92895644b35bedbe7cb
i06-operational-guards__generation_s__none__r3,generation_s__none,rejectsNegativeTime,input_rejection_policy,AssertionError: Invalid record was accepted by storeRun.,.local/iterations/i06-operational-guards/runs/i06-operational-guards__generation_s__none__r3/submission-3/evaluation/report.json,66f7e9ef581142087410fa4e2774c60dea6e9d85da7ec85c33b3d0e001c7f352,e6dc6cb1a5d312355cdeee7d57edea5137654d5d7a60e92895644b35bedbe7cb
i06-operational-guards__generation_s__none__r3,generation_s__none,rejectsNullName,input_rejection_policy,AssertionError: Invalid record was accepted by storeRun.,.local/iterations/i06-operational-guards/runs/i06-operational-guards__generation_s__none__r3/submission-3/evaluation/report.json,66f7e9ef581142087410fa4e2774c60dea6e9d85da7ec85c33b3d0e001c7f352,e6dc6cb1a5d312355cdeee7d57edea5137654d5d7a60e92895644b35bedbe7cb
i06-operational-guards__generation_s__none__r3,generation_s__none,rejectsBlankName,input_rejection_policy,AssertionError: Invalid record was accepted by storeRun.,.local/iterations/i06-operational-guards/runs/i06-operational-guards__generation_s__none__r3/submission-3/evaluation/report.json,66f7e9ef581142087410fa4e2774c60dea6e9d85da7ec85c33b3d0e001c7f352,e6dc6cb1a5d312355cdeee7d57edea5137654d5d7a60e92895644b35bedbe7cb
i06-operational-guards__generation_s__none__r3,generation_s__none,rejectsExcessiveName,input_rejection_policy,AssertionError: Invalid record was accepted by storeRun.,.local/iterations/i06-operational-guards/runs/i06-operational-guards__generation_s__none__r3/submission-3/evaluation/report.json,66f7e9ef581142087410fa4e2774c60dea6e9d85da7ec85c33b3d0e001c7f352,e6dc6cb1a5d312355cdeee7d57edea5137654d5d7a60e92895644b35bedbe7cb
i06-operational-guards__generation_s__none__r3,generation_s__none,boundsRetainedEntries,retention_threshold,AssertionError: More than 100 entries retained.,.local/iterations/i06-operational-guards/runs/i06-operational-guards__generation_s__none__r3/submission-3/evaluation/report.json,66f7e9ef581142087410fa4e2774c60dea6e9d85da7ec85c33b3d0e001c7f352,e6dc6cb1a5d312355cdeee7d57edea5137654d5d7a60e92895644b35bedbe7cb
i06-operational-guards__generation_s__none__r3,generation_s__none,oversizedPhysicalLine,observed_heap_exhaustion,OutOfMemoryError: Java heap space,.local/iterations/i06-operational-guards/runs/i06-operational-guards__generation_s__none__r3/submission-3/evaluation/report.json,66f7e9ef581142087410fa4e2774c60dea6e9d85da7ec85c33b3d0e001c7f352,e6dc6cb1a5d312355cdeee7d57edea5137654d5d7a60e92895644b35bedbe7cb
i06-operational-guards__generation_s__operations__r3,generation_s__operations,rejectsNegativeScore,input_rejection_policy,AssertionError: Invalid record was accepted by storeRun.,.local/iterations/i06-operational-guards/runs/i06-operational-guards__generation_s__operations__r3/submission-4/evaluation/report.json,c2bf742176a8d9fcae914c08ccee4d1ad93236f68c01162effb9b6b395ffd8fc,8e537d3939da4cf96845ec2de4436e6a79fcb35805ed7dffa9b206f8022c4cfb
i06-operational-guards__generation_s__operations__r3,generation_s__operations,rejectsNullName,input_rejection_policy,AssertionError: Invalid record was accepted by storeRun.,.local/iterations/i06-operational-guards/runs/i06-operational-guards__generation_s__operations__r3/submission-4/evaluation/report.json,c2bf742176a8d9fcae914c08ccee4d1ad93236f68c01162effb9b6b395ffd8fc,8e537d3939da4cf96845ec2de4436e6a79fcb35805ed7dffa9b206f8022c4cfb
i06-operational-guards__generation_s__operations__r3,generation_s__operations,rejectsBlankName,input_rejection_policy,AssertionError: Invalid record was accepted by storeRun.,.local/iterations/i06-operational-guards/runs/i06-operational-guards__generation_s__operations__r3/submission-4/evaluation/report.json,c2bf742176a8d9fcae914c08ccee4d1ad93236f68c01162effb9b6b395ffd8fc,8e537d3939da4cf96845ec2de4436e6a79fcb35805ed7dffa9b206f8022c4cfb
i06-operational-guards__generation_s__operations__r3,generation_s__operations,rejectsExcessiveName,input_rejection_policy,AssertionError: Invalid record was accepted by storeRun.,.local/iterations/i06-operational-guards/runs/i06-operational-guards__generation_s__operations__r3/submission-4/evaluation/report.json,c2bf742176a8d9fcae914c08ccee4d1ad93236f68c01162effb9b6b395ffd8fc,8e537d3939da4cf96845ec2de4436e6a79fcb35805ed7dffa9b206f8022c4cfb
i06-operational-guards__generation_sfb__boundaries__r3,generation_sfb__boundaries,rejectsNegativeScore,input_rejection_policy,AssertionError: Invalid record was accepted by storeRun.,.local/iterations/i06-operational-guards/runs/i06-operational-guards__generation_sfb__boundaries__r3/submission-3/evaluation/report.json,daa21a76ade23de2989eb8bd03479b983c90852ce9071c537a618f9c958e7d34,ef425d3c9fc4511c8a0aa511e162c2dbd7c6ec726e139fd1277105e55e929828
i06-operational-guards__generation_sfb__boundaries__r3,generation_sfb__boundaries,rejectsNegativeTime,input_rejection_policy,AssertionError: Invalid record was accepted by storeRun.,.local/iterations/i06-operational-guards/runs/i06-operational-guards__generation_sfb__boundaries__r3/submission-3/evaluation/report.json,daa21a76ade23de2989eb8bd03479b983c90852ce9071c537a618f9c958e7d34,ef425d3c9fc4511c8a0aa511e162c2dbd7c6ec726e139fd1277105e55e929828
i06-operational-guards__generation_sfb__boundaries__r3,generation_sfb__boundaries,rejectsExcessiveName,input_rejection_policy,AssertionError: Invalid record was accepted by storeRun.,.local/iterations/i06-operational-guards/runs/i06-operational-guards__generation_sfb__boundaries__r3/submission-3/evaluation/report.json,daa21a76ade23de2989eb8bd03479b983c90852ce9071c537a618f9c958e7d34,ef425d3c9fc4511c8a0aa511e162c2dbd7c6ec726e139fd1277105e55e929828
i06-operational-guards__generation_sfb__boundaries__r3,generation_sfb__boundaries,oversizedPhysicalLine,observed_heap_exhaustion,OutOfMemoryError: Java heap space,.local/iterations/i06-operational-guards/runs/i06-operational-guards__generation_sfb__boundaries__r3/submission-3/evaluation/report.json,daa21a76ade23de2989eb8bd03479b983c90852ce9071c537a618f9c958e7d34,ef425d3c9fc4511c8a0aa511e162c2dbd7c6ec726e139fd1277105e55e929828
i06-operational-guards__generation_s__boundaries__r4,generation_s__boundaries,rejectsNegativeScore,input_rejection_policy,AssertionError: Invalid record was accepted by storeRun.,.local/iterations/i06-operational-guards/runs/i06-operational-guards__generation_s__boundaries__r4/submission-2/evaluation/report.json,dc7ce718eddcb4ad474d42dda4d193ad92a87128d67f12e3d3a3e83a27992c74,73b5bbfc24e9e6ec1e195beed3eee4ce26beab1ea3edbb4388dc67ee3e977c4c
i06-operational-guards__generation_s__boundaries__r4,generation_s__boundaries,rejectsExcessiveName,input_rejection_policy,AssertionError: Invalid record was accepted by storeRun.,.local/iterations/i06-operational-guards/runs/i06-operational-guards__generation_s__boundaries__r4/submission-2/evaluation/report.json,dc7ce718eddcb4ad474d42dda4d193ad92a87128d67f12e3d3a3e83a27992c74,73b5bbfc24e9e6ec1e195beed3eee4ce26beab1ea3edbb4388dc67ee3e977c4c
i06-operational-guards__generation_s__boundaries__r4,generation_s__boundaries,oversizedPhysicalLine,observed_heap_exhaustion,OutOfMemoryError: Java heap space,.local/iterations/i06-operational-guards/runs/i06-operational-guards__generation_s__boundaries__r4/submission-2/evaluation/report.json,dc7ce718eddcb4ad474d42dda4d193ad92a87128d67f12e3d3a3e83a27992c74,73b5bbfc24e9e6ec1e195beed3eee4ce26beab1ea3edbb4388dc67ee3e977c4c
i06-operational-guards__generation_sfb__none__r4,generation_sfb__none,rejectsNegativeScore,input_rejection_policy,AssertionError: Invalid record was accepted by storeRun.,.local/iterations/i06-operational-guards/runs/i06-operational-guards__generation_sfb__none__r4/submission-2/evaluation/report.json,692a617054eb5caf3fafd6ee1fa301e66b58f6818ad0ac4543c4bdc9a0bb1ae0,ef04b21e711ae7e28cf9bb8e523622f0e1945d623db743e6b0462670260ed369
i06-operational-guards__generation_sfb__none__r4,generation_sfb__none,rejectsNegativeTime,input_rejection_policy,AssertionError: Invalid record was accepted by storeRun.,.local/iterations/i06-operational-guards/runs/i06-operational-guards__generation_sfb__none__r4/submission-2/evaluation/report.json,692a617054eb5caf3fafd6ee1fa301e66b58f6818ad0ac4543c4bdc9a0bb1ae0,ef04b21e711ae7e28cf9bb8e523622f0e1945d623db743e6b0462670260ed369
i06-operational-guards__generation_sfb__none__r4,generation_sfb__none,rejectsNullName,input_rejection_policy,AssertionError: Invalid record was accepted by storeRun.,.local/iterations/i06-operational-guards/runs/i06-operational-guards__generation_sfb__none__r4/submission-2/evaluation/report.json,692a617054eb5caf3fafd6ee1fa301e66b58f6818ad0ac4543c4bdc9a0bb1ae0,ef04b21e711ae7e28cf9bb8e523622f0e1945d623db743e6b0462670260ed369
i06-operational-guards__generation_sfb__none__r4,generation_sfb__none,rejectsBlankName,input_rejection_policy,AssertionError: Invalid record was accepted by storeRun.,.local/iterations/i06-operational-guards/runs/i06-operational-guards__generation_sfb__none__r4/submission-2/evaluation/report.json,692a617054eb5caf3fafd6ee1fa301e66b58f6818ad0ac4543c4bdc9a0bb1ae0,ef04b21e711ae7e28cf9bb8e523622f0e1945d623db743e6b0462670260ed369
i06-operational-guards__generation_sfb__none__r4,generation_sfb__none,rejectsExcessiveName,input_rejection_policy,AssertionError: Invalid record was accepted by storeRun.,.local/iterations/i06-operational-guards/runs/i06-operational-guards__generation_sfb__none__r4/submission-2/evaluation/report.json,692a617054eb5caf3fafd6ee1fa301e66b58f6818ad0ac4543c4bdc9a0bb1ae0,ef04b21e711ae7e28cf9bb8e523622f0e1945d623db743e6b0462670260ed369
i06-operational-guards__generation_sfb__none__r4,generation_sfb__none,boundsRetainedEntries,retention_threshold,AssertionError: More than 100 entries retained.,.local/iterations/i06-operational-guards/runs/i06-operational-guards__generation_sfb__none__r4/submission-2/evaluation/report.json,692a617054eb5caf3fafd6ee1fa301e66b58f6818ad0ac4543c4bdc9a0bb1ae0,ef04b21e711ae7e28cf9bb8e523622f0e1945d623db743e6b0462670260ed369
i06-operational-guards__generation_sfb__none__r4,generation_sfb__none,oversizedPhysicalLine,observed_heap_exhaustion,OutOfMemoryError: Java heap space,.local/iterations/i06-operational-guards/runs/i06-operational-guards__generation_sfb__none__r4/submission-2/evaluation/report.json,692a617054eb5caf3fafd6ee1fa301e66b58f6818ad0ac4543c4bdc9a0bb1ae0,ef04b21e711ae7e28cf9bb8e523622f0e1945d623db743e6b0462670260ed369
i06-operational-guards__generation_sfb__none__r4,generation_sfb__none,largePersistedRecordSet,observed_heap_exhaustion,OutOfMemoryError: Java heap space,.local/iterations/i06-operational-guards/runs/i06-operational-guards__generation_sfb__none__r4/submission-2/evaluation/report.json,692a617054eb5caf3fafd6ee1fa301e66b58f6818ad0ac4543c4bdc9a0bb1ae0,ef04b21e711ae7e28cf9bb8e523622f0e1945d623db743e6b0462670260ed369
i06-operational-guards__generation_s__none__r4,generation_s__none,rejectsNegativeScore,input_rejection_policy,AssertionError: Invalid record was accepted by storeRun.,.local/iterations/i06-operational-guards/runs/i06-operational-guards__generation_s__none__r4/submission-2/evaluation/report.json,e9dab892ec58e3dba9ef0c0d08aefb1e6065633b97904c70ed0093241bd05976,2be4e8e9d680e09ceb1c189faa5c9c115ad0626239464ff12b589a047ec4c8b5
i06-operational-guards__generation_s__none__r4,generation_s__none,rejectsNegativeTime,input_rejection_policy,AssertionError: Invalid record was accepted by storeRun.,.local/iterations/i06-operational-guards/runs/i06-operational-guards__generation_s__none__r4/submission-2/evaluation/report.json,e9dab892ec58e3dba9ef0c0d08aefb1e6065633b97904c70ed0093241bd05976,2be4e8e9d680e09ceb1c189faa5c9c115ad0626239464ff12b589a047ec4c8b5
i06-operational-guards__generation_s__none__r4,generation_s__none,rejectsNullName,input_rejection_policy,AssertionError: Invalid record was accepted by storeRun.,.local/iterations/i06-operational-guards/runs/i06-operational-guards__generation_s__none__r4/submission-2/evaluation/report.json,e9dab892ec58e3dba9ef0c0d08aefb1e6065633b97904c70ed0093241bd05976,2be4e8e9d680e09ceb1c189faa5c9c115ad0626239464ff12b589a047ec4c8b5
i06-operational-guards__generation_s__none__r4,generation_s__none,rejectsBlankName,input_rejection_policy,AssertionError: Invalid record was accepted by storeRun.,.local/iterations/i06-operational-guards/runs/i06-operational-guards__generation_s__none__r4/submission-2/evaluation/report.json,e9dab892ec58e3dba9ef0c0d08aefb1e6065633b97904c70ed0093241bd05976,2be4e8e9d680e09ceb1c189faa5c9c115ad0626239464ff12b589a047ec4c8b5
i06-operational-guards__generation_s__none__r4,generation_s__none,rejectsExcessiveName,input_rejection_policy,AssertionError: Invalid record was accepted by storeRun.,.local/iterations/i06-operational-guards/runs/i06-operational-guards__generation_s__none__r4/submission-2/evaluation/report.json,e9dab892ec58e3dba9ef0c0d08aefb1e6065633b97904c70ed0093241bd05976,2be4e8e9d680e09ceb1c189faa5c9c115ad0626239464ff12b589a047ec4c8b5
i06-operational-guards__generation_s__none__r4,generation_s__none,boundsRetainedEntries,retention_threshold,AssertionError: More than 100 entries retained.,.local/iterations/i06-operational-guards/runs/i06-operational-guards__generation_s__none__r4/submission-2/evaluation/report.json,e9dab892ec58e3dba9ef0c0d08aefb1e6065633b97904c70ed0093241bd05976,2be4e8e9d680e09ceb1c189faa5c9c115ad0626239464ff12b589a047ec4c8b5
i06-operational-guards__generation_s__none__r4,generation_s__none,oversizedPhysicalLine,observed_heap_exhaustion,OutOfMemoryError: Java heap space,.local/iterations/i06-operational-guards/runs/i06-operational-guards__generation_s__none__r4/submission-2/evaluation/report.json,e9dab892ec58e3dba9ef0c0d08aefb1e6065633b97904c70ed0093241bd05976,2be4e8e9d680e09ceb1c189faa5c9c115ad0626239464ff12b589a047ec4c8b5
i06-operational-guards__generation_s__none__r4,generation_s__none,largePersistedRecordSet,observed_heap_exhaustion,OutOfMemoryError: Java heap space,.local/iterations/i06-operational-guards/runs/i06-operational-guards__generation_s__none__r4/submission-2/evaluation/report.json,e9dab892ec58e3dba9ef0c0d08aefb1e6065633b97904c70ed0093241bd05976,2be4e8e9d680e09ceb1c189faa5c9c115ad0626239464ff12b589a047ec4c8b5
i06-operational-guards__reuse_sb__none__r4,reuse_sb__none,rejectsNegativeScore,input_rejection_policy,AssertionError: Invalid record was accepted by storeRun.,.local/iterations/i06-operational-guards/runs/i06-operational-guards__reuse_sb__none__r4/submission-1/evaluation/report.json,eb0126881edfc2cede8a08af50f7837b5b6e658eb2237b01712ba548941ba0b4,f119dee6cb5c6439f2c875c34a4470e9ff1c9d3f00551482ebe4317f3cd54cae
i06-operational-guards__reuse_sb__none__r4,reuse_sb__none,rejectsNegativeTime,input_rejection_policy,AssertionError: Invalid record was accepted by storeRun.,.local/iterations/i06-operational-guards/runs/i06-operational-guards__reuse_sb__none__r4/submission-1/evaluation/report.json,eb0126881edfc2cede8a08af50f7837b5b6e658eb2237b01712ba548941ba0b4,f119dee6cb5c6439f2c875c34a4470e9ff1c9d3f00551482ebe4317f3cd54cae
i06-operational-guards__reuse_sb__none__r4,reuse_sb__none,rejectsNullName,input_rejection_policy,AssertionError: Invalid record was accepted by storeRun.,.local/iterations/i06-operational-guards/runs/i06-operational-guards__reuse_sb__none__r4/submission-1/evaluation/report.json,eb0126881edfc2cede8a08af50f7837b5b6e658eb2237b01712ba548941ba0b4,f119dee6cb5c6439f2c875c34a4470e9ff1c9d3f00551482ebe4317f3cd54cae
i06-operational-guards__reuse_sb__none__r4,reuse_sb__none,rejectsBlankName,input_rejection_policy,AssertionError: Invalid record was accepted by storeRun.,.local/iterations/i06-operational-guards/runs/i06-operational-guards__reuse_sb__none__r4/submission-1/evaluation/report.json,eb0126881edfc2cede8a08af50f7837b5b6e658eb2237b01712ba548941ba0b4,f119dee6cb5c6439f2c875c34a4470e9ff1c9d3f00551482ebe4317f3cd54cae
i06-operational-guards__reuse_sb__none__r4,reuse_sb__none,rejectsExcessiveName,input_rejection_policy,AssertionError: Invalid record was accepted by storeRun.,.local/iterations/i06-operational-guards/runs/i06-operational-guards__reuse_sb__none__r4/submission-1/evaluation/report.json,eb0126881edfc2cede8a08af50f7837b5b6e658eb2237b01712ba548941ba0b4,f119dee6cb5c6439f2c875c34a4470e9ff1c9d3f00551482ebe4317f3cd54cae
i06-operational-guards__generation_s__requirements__r4,generation_s__requirements,rejectsNegativeScore,input_rejection_policy,AssertionError: Invalid record was accepted by storeRun.,.local/iterations/i06-operational-guards/runs/i06-operational-guards__generation_s__requirements__r4/submission-1/evaluation/report.json,da936f74ee188c466121bcb9a9b9a569eab7234354b6a85f95b98c8f22b1d724,7770837135d2dbf409e765b2a9d4203138ee67b906a050d663bee44690e16514
i06-operational-guards__generation_s__requirements__r4,generation_s__requirements,oversizedPhysicalLine,observed_heap_exhaustion,OutOfMemoryError: Java heap space,.local/iterations/i06-operational-guards/runs/i06-operational-guards__generation_s__requirements__r4/submission-1/evaluation/report.json,da936f74ee188c466121bcb9a9b9a569eab7234354b6a85f95b98c8f22b1d724,7770837135d2dbf409e765b2a9d4203138ee67b906a050d663bee44690e16514
i06-operational-guards__reuse_sb__operations__r4,reuse_sb__operations,rejectsNegativeScore,input_rejection_policy,AssertionError: Invalid record was accepted by storeRun.,.local/iterations/i06-operational-guards/runs/i06-operational-guards__reuse_sb__operations__r4/submission-3/evaluation/report.json,d9e41d27b86c71db0d36639afc5dcc2a7e08cc600980ce9a98c5db3b222b20f4,715a0a283e67e9075e1a2bad5c9136a3b5f14a4ec406848642197c11672d918c
i06-operational-guards__reuse_sb__operations__r4,reuse_sb__operations,boundsRetainedEntries,retention_threshold,AssertionError: More than 100 entries retained.,.local/iterations/i06-operational-guards/runs/i06-operational-guards__reuse_sb__operations__r4/submission-3/evaluation/report.json,d9e41d27b86c71db0d36639afc5dcc2a7e08cc600980ce9a98c5db3b222b20f4,715a0a283e67e9075e1a2bad5c9136a3b5f14a4ec406848642197c11672d918c
i06-operational-guards__reuse_sb__boundaries__r4,reuse_sb__boundaries,rejectsNegativeScore,input_rejection_policy,AssertionError: Invalid record was accepted by storeRun.,.local/iterations/i06-operational-guards/runs/i06-operational-guards__reuse_sb__boundaries__r4/submission-2/evaluation/report.json,509936b3440822648dd6373401a39b8d2c763eef6a53b2c23ac0d7d0a886fd53,42c28fd72f7de94ae5249313a22f64564a45d28994fb45390fa9539338cc2fdd
i06-operational-guards__reuse_sb__boundaries__r4,reuse_sb__boundaries,rejectsNullName,input_rejection_policy,AssertionError: Invalid record was accepted by storeRun.,.local/iterations/i06-operational-guards/runs/i06-operational-guards__reuse_sb__boundaries__r4/submission-2/evaluation/report.json,509936b3440822648dd6373401a39b8d2c763eef6a53b2c23ac0d7d0a886fd53,42c28fd72f7de94ae5249313a22f64564a45d28994fb45390fa9539338cc2fdd
i06-operational-guards__reuse_sb__boundaries__r4,reuse_sb__boundaries,rejectsBlankName,input_rejection_policy,AssertionError: Invalid record was accepted by storeRun.,.local/iterations/i06-operational-guards/runs/i06-operational-guards__reuse_sb__boundaries__r4/submission-2/evaluation/report.json,509936b3440822648dd6373401a39b8d2c763eef6a53b2c23ac0d7d0a886fd53,42c28fd72f7de94ae5249313a22f64564a45d28994fb45390fa9539338cc2fdd
i06-operational-guards__reuse_sb__boundaries__r4,reuse_sb__boundaries,rejectsExcessiveName,input_rejection_policy,AssertionError: Invalid record was accepted by storeRun.,.local/iterations/i06-operational-guards/runs/i06-operational-guards__reuse_sb__boundaries__r4/submission-2/evaluation/report.json,509936b3440822648dd6373401a39b8d2c763eef6a53b2c23ac0d7d0a886fd53,42c28fd72f7de94ae5249313a22f64564a45d28994fb45390fa9539338cc2fdd
i06-operational-guards__generation_sfb__operations__r4,generation_sfb__operations,rejectsNegativeScore,input_rejection_policy,AssertionError: Invalid record was accepted by storeRun.,.local/iterations/i06-operational-guards/runs/i06-operational-guards__generation_sfb__operations__r4/submission-4/evaluation/report.json,3ae4a4c6977adef81c9a73c69c4e126bc3a090c0683cba3db17c5efd443fae35,8fca0ae118a7f93cd3633355897230df6b49f33d6ef93765ef11e78519019f99
i06-operational-guards__generation_sfb__operations__r4,generation_sfb__operations,rejectsExcessiveName,input_rejection_policy,AssertionError: Invalid record was accepted by storeRun.,.local/iterations/i06-operational-guards/runs/i06-operational-guards__generation_sfb__operations__r4/submission-4/evaluation/report.json,3ae4a4c6977adef81c9a73c69c4e126bc3a090c0683cba3db17c5efd443fae35,8fca0ae118a7f93cd3633355897230df6b49f33d6ef93765ef11e78519019f99
i06-operational-guards__generation_sfb__requirements__r4,generation_sfb__requirements,rejectsNegativeScore,input_rejection_policy,AssertionError: Invalid record was accepted by storeRun.,.local/iterations/i06-operational-guards/runs/i06-operational-guards__generation_sfb__requirements__r4/submission-4/evaluation/report.json,de2df306d2ea39bf6ffa9f036577936619107c0c45b9d6a6f22a37c956b75add,a6523bfee7f44d896849f7e5ed305e91101d481b8ca3aa2eeca44b16ce8cad49
i06-operational-guards__generation_s__operations__r4,generation_s__operations,rejectsNegativeScore,input_rejection_policy,AssertionError: Invalid record was accepted by storeRun.,.local/iterations/i06-operational-guards/runs/i06-operational-guards__generation_s__operations__r4/submission-4/evaluation/report.json,43295e06386998cff5f1757a5c98b437c7e5a4851ca536a4a50ed2fa3cd317c2,1ff23be8355d3f09a01c8cf9bbc0bfa578625d803b34e9edaf643ae9633a38bd
i06-operational-guards__generation_s__operations__r4,generation_s__operations,rejectsBlankName,input_rejection_policy,AssertionError: Invalid record was accepted by storeRun.,.local/iterations/i06-operational-guards/runs/i06-operational-guards__generation_s__operations__r4/submission-4/evaluation/report.json,43295e06386998cff5f1757a5c98b437c7e5a4851ca536a4a50ed2fa3cd317c2,1ff23be8355d3f09a01c8cf9bbc0bfa578625d803b34e9edaf643ae9633a38bd
i06-operational-guards__generation_s__operations__r4,generation_s__operations,rejectsExcessiveName,input_rejection_policy,AssertionError: Invalid record was accepted by storeRun.,.local/iterations/i06-operational-guards/runs/i06-operational-guards__generation_s__operations__r4/submission-4/evaluation/report.json,43295e06386998cff5f1757a5c98b437c7e5a4851ca536a4a50ed2fa3cd317c2,1ff23be8355d3f09a01c8cf9bbc0bfa578625d803b34e9edaf643ae9633a38bd
i06-operational-guards__reuse_b__none__r4,reuse_b__none,rejectsNegativeScore,input_rejection_policy,AssertionError: Invalid record was accepted by storeRun.,.local/iterations/i06-operational-guards/runs/i06-operational-guards__reuse_b__none__r4/submission-4/evaluation/report.json,3c26e870483b562ae0152c2679481f63683200ea6a56281c4aafa7ff7b04cd07,2524aca8e7d1f2c1b335b6206ee3462f9f9fca5ce7dd0365db30e9d1253e4808
i06-operational-guards__reuse_b__none__r4,reuse_b__none,rejectsNegativeTime,input_rejection_policy,AssertionError: Invalid record was accepted by storeRun.,.local/iterations/i06-operational-guards/runs/i06-operational-guards__reuse_b__none__r4/submission-4/evaluation/report.json,3c26e870483b562ae0152c2679481f63683200ea6a56281c4aafa7ff7b04cd07,2524aca8e7d1f2c1b335b6206ee3462f9f9fca5ce7dd0365db30e9d1253e4808
i06-operational-guards__reuse_b__none__r4,reuse_b__none,rejectsNullName,input_rejection_policy,AssertionError: Invalid record was accepted by storeRun.,.local/iterations/i06-operational-guards/runs/i06-operational-guards__reuse_b__none__r4/submission-4/evaluation/report.json,3c26e870483b562ae0152c2679481f63683200ea6a56281c4aafa7ff7b04cd07,2524aca8e7d1f2c1b335b6206ee3462f9f9fca5ce7dd0365db30e9d1253e4808
i06-operational-guards__reuse_b__none__r4,reuse_b__none,rejectsBlankName,input_rejection_policy,AssertionError: Invalid record was accepted by storeRun.,.local/iterations/i06-operational-guards/runs/i06-operational-guards__reuse_b__none__r4/submission-4/evaluation/report.json,3c26e870483b562ae0152c2679481f63683200ea6a56281c4aafa7ff7b04cd07,2524aca8e7d1f2c1b335b6206ee3462f9f9fca5ce7dd0365db30e9d1253e4808
i06-operational-guards__reuse_b__none__r4,reuse_b__none,rejectsExcessiveName,input_rejection_policy,AssertionError: Invalid record was accepted by storeRun.,.local/iterations/i06-operational-guards/runs/i06-operational-guards__reuse_b__none__r4/submission-4/evaluation/report.json,3c26e870483b562ae0152c2679481f63683200ea6a56281c4aafa7ff7b04cd07,2524aca8e7d1f2c1b335b6206ee3462f9f9fca5ce7dd0365db30e9d1253e4808
i06-operational-guards__reuse_b__none__r4,reuse_b__none,oversizedPhysicalLine,observed_heap_exhaustion,OutOfMemoryError: Java heap space,.local/iterations/i06-operational-guards/runs/i06-operational-guards__reuse_b__none__r4/submission-4/evaluation/report.json,3c26e870483b562ae0152c2679481f63683200ea6a56281c4aafa7ff7b04cd07,2524aca8e7d1f2c1b335b6206ee3462f9f9fca5ce7dd0365db30e9d1253e4808
i06-operational-guards__reuse_b__none__r4,reuse_b__none,largePersistedRecordSet,observed_heap_exhaustion,OutOfMemoryError: Java heap space,.local/iterations/i06-operational-guards/runs/i06-operational-guards__reuse_b__none__r4/submission-4/evaluation/report.json,3c26e870483b562ae0152c2679481f63683200ea6a56281c4aafa7ff7b04cd07,2524aca8e7d1f2c1b335b6206ee3462f9f9fca5ce7dd0365db30e9d1253e4808
i06-operational-guards__generation_sfb__boundaries__r4,generation_sfb__boundaries,rejectsNegativeScore,input_rejection_policy,AssertionError: Invalid record was accepted by storeRun.,.local/iterations/i06-operational-guards/runs/i06-operational-guards__generation_sfb__boundaries__r4/submission-2/evaluation/report.json,8be23add1020823e5a42716b9ccd47515d80e41f08006fe819ef24da74ece9f5,2a3a96df0943bf3a3303dc64d46e0c8a7f134401ff60651a1fc71a116bb68683
i06-operational-guards__generation_sfb__boundaries__r4,generation_sfb__boundaries,rejectsNegativeTime,input_rejection_policy,AssertionError: Invalid record was accepted by storeRun.,.local/iterations/i06-operational-guards/runs/i06-operational-guards__generation_sfb__boundaries__r4/submission-2/evaluation/report.json,8be23add1020823e5a42716b9ccd47515d80e41f08006fe819ef24da74ece9f5,2a3a96df0943bf3a3303dc64d46e0c8a7f134401ff60651a1fc71a116bb68683
i06-operational-guards__generation_sfb__boundaries__r4,generation_sfb__boundaries,rejectsNullName,input_rejection_policy,AssertionError: Invalid record was accepted by storeRun.,.local/iterations/i06-operational-guards/runs/i06-operational-guards__generation_sfb__boundaries__r4/submission-2/evaluation/report.json,8be23add1020823e5a42716b9ccd47515d80e41f08006fe819ef24da74ece9f5,2a3a96df0943bf3a3303dc64d46e0c8a7f134401ff60651a1fc71a116bb68683
i06-operational-guards__generation_sfb__boundaries__r4,generation_sfb__boundaries,rejectsBlankName,input_rejection_policy,AssertionError: Invalid record was accepted by storeRun.,.local/iterations/i06-operational-guards/runs/i06-operational-guards__generation_sfb__boundaries__r4/submission-2/evaluation/report.json,8be23add1020823e5a42716b9ccd47515d80e41f08006fe819ef24da74ece9f5,2a3a96df0943bf3a3303dc64d46e0c8a7f134401ff60651a1fc71a116bb68683
i06-operational-guards__generation_sfb__boundaries__r4,generation_sfb__boundaries,rejectsExcessiveName,input_rejection_policy,AssertionError: Invalid record was accepted by storeRun.,.local/iterations/i06-operational-guards/runs/i06-operational-guards__generation_sfb__boundaries__r4/submission-2/evaluation/report.json,8be23add1020823e5a42716b9ccd47515d80e41f08006fe819ef24da74ece9f5,2a3a96df0943bf3a3303dc64d46e0c8a7f134401ff60651a1fc71a116bb68683
i06-operational-guards__generation_sfb__boundaries__r4,generation_sfb__boundaries,oversizedPhysicalLine,observed_heap_exhaustion,OutOfMemoryError: Java heap space,.local/iterations/i06-operational-guards/runs/i06-operational-guards__generation_sfb__boundaries__r4/submission-2/evaluation/report.json,8be23add1020823e5a42716b9ccd47515d80e41f08006fe819ef24da74ece9f5,2a3a96df0943bf3a3303dc64d46e0c8a7f134401ff60651a1fc71a116bb68683
i06-operational-guards__reuse_b__boundaries__r4,reuse_b__boundaries,rejectsNegativeScore,input_rejection_policy,AssertionError: Invalid record was accepted by storeRun.,.local/iterations/i06-operational-guards/runs/i06-operational-guards__reuse_b__boundaries__r4/submission-1/evaluation/report.json,e50001a55cc6508b34443ac79c18e190e79818adac31397be5c7939e2bae41c5,7e7eab5bd374a222422788fdd7f6893a77337e4cf90e9f13b66dbc605093d993
i06-operational-guards__reuse_b__boundaries__r4,reuse_b__boundaries,rejectsNegativeTime,input_rejection_policy,AssertionError: Invalid record was accepted by storeRun.,.local/iterations/i06-operational-guards/runs/i06-operational-guards__reuse_b__boundaries__r4/submission-1/evaluation/report.json,e50001a55cc6508b34443ac79c18e190e79818adac31397be5c7939e2bae41c5,7e7eab5bd374a222422788fdd7f6893a77337e4cf90e9f13b66dbc605093d993
i06-operational-guards__reuse_b__boundaries__r4,reuse_b__boundaries,rejectsNullName,input_rejection_policy,AssertionError: Invalid record was accepted by storeRun.,.local/iterations/i06-operational-guards/runs/i06-operational-guards__reuse_b__boundaries__r4/submission-1/evaluation/report.json,e50001a55cc6508b34443ac79c18e190e79818adac31397be5c7939e2bae41c5,7e7eab5bd374a222422788fdd7f6893a77337e4cf90e9f13b66dbc605093d993
i06-operational-guards__reuse_b__boundaries__r4,reuse_b__boundaries,rejectsBlankName,input_rejection_policy,AssertionError: Invalid record was accepted by storeRun.,.local/iterations/i06-operational-guards/runs/i06-operational-guards__reuse_b__boundaries__r4/submission-1/evaluation/report.json,e50001a55cc6508b34443ac79c18e190e79818adac31397be5c7939e2bae41c5,7e7eab5bd374a222422788fdd7f6893a77337e4cf90e9f13b66dbc605093d993
i06-operational-guards__reuse_b__boundaries__r4,reuse_b__boundaries,rejectsExcessiveName,input_rejection_policy,AssertionError: Invalid record was accepted by storeRun.,.local/iterations/i06-operational-guards/runs/i06-operational-guards__reuse_b__boundaries__r4/submission-1/evaluation/report.json,e50001a55cc6508b34443ac79c18e190e79818adac31397be5c7939e2bae41c5,7e7eab5bd374a222422788fdd7f6893a77337e4cf90e9f13b66dbc605093d993
i06-operational-guards__reuse_sb__boundaries__r5,reuse_sb__boundaries,rejectsNegativeScore,input_rejection_policy,AssertionError: Invalid record was accepted by storeRun.,.local/iterations/i06-operational-guards/runs/i06-operational-guards__reuse_sb__boundaries__r5/submission-2/evaluation/report.json,96448e7c27c972ed4225417c0e176194a8122104ded1ef3f1b4cc6a6a5fe51c2,dc7dee9a0b10ba1b137a93cefc898945b84ccf68eb8d8bc631320be3f3c62187
i06-operational-guards__reuse_sb__boundaries__r5,reuse_sb__boundaries,rejectsNegativeTime,input_rejection_policy,AssertionError: Invalid record was accepted by storeRun.,.local/iterations/i06-operational-guards/runs/i06-operational-guards__reuse_sb__boundaries__r5/submission-2/evaluation/report.json,96448e7c27c972ed4225417c0e176194a8122104ded1ef3f1b4cc6a6a5fe51c2,dc7dee9a0b10ba1b137a93cefc898945b84ccf68eb8d8bc631320be3f3c62187
i06-operational-guards__reuse_sb__boundaries__r5,reuse_sb__boundaries,rejectsNullName,input_rejection_policy,AssertionError: Invalid record was accepted by storeRun.,.local/iterations/i06-operational-guards/runs/i06-operational-guards__reuse_sb__boundaries__r5/submission-2/evaluation/report.json,96448e7c27c972ed4225417c0e176194a8122104ded1ef3f1b4cc6a6a5fe51c2,dc7dee9a0b10ba1b137a93cefc898945b84ccf68eb8d8bc631320be3f3c62187
i06-operational-guards__reuse_sb__boundaries__r5,reuse_sb__boundaries,rejectsBlankName,input_rejection_policy,AssertionError: Invalid record was accepted by storeRun.,.local/iterations/i06-operational-guards/runs/i06-operational-guards__reuse_sb__boundaries__r5/submission-2/evaluation/report.json,96448e7c27c972ed4225417c0e176194a8122104ded1ef3f1b4cc6a6a5fe51c2,dc7dee9a0b10ba1b137a93cefc898945b84ccf68eb8d8bc631320be3f3c62187
i06-operational-guards__reuse_sb__boundaries__r5,reuse_sb__boundaries,rejectsExcessiveName,input_rejection_policy,AssertionError: Invalid record was accepted by storeRun.,.local/iterations/i06-operational-guards/runs/i06-operational-guards__reuse_sb__boundaries__r5/submission-2/evaluation/report.json,96448e7c27c972ed4225417c0e176194a8122104ded1ef3f1b4cc6a6a5fe51c2,dc7dee9a0b10ba1b137a93cefc898945b84ccf68eb8d8bc631320be3f3c62187
i06-operational-guards__reuse_b__requirements__r5,reuse_b__requirements,oversizedPhysicalLine,observed_heap_exhaustion,OutOfMemoryError: Java heap space,.local/iterations/i06-operational-guards/runs/i06-operational-guards__reuse_b__requirements__r5/submission-5/evaluation/report.json,81bc19d91bda60d86b439648695f9880c2ced2be5d0efbd051b415e5eeb7bcce,cb9de1afba59c3ee0fb3d7513fea0b9cada8f4273d5683c39ab050d791ec7782
i06-operational-guards__generation_sfb__operations__r5,generation_sfb__operations,rejectsNegativeScore,input_rejection_policy,AssertionError: Invalid record was accepted by storeRun.,.local/iterations/i06-operational-guards/runs/i06-operational-guards__generation_sfb__operations__r5/submission-4/evaluation/report.json,d20020ca21dbcdd6c19b64675174d76c614816e3cc8e0d9a43bde080c5821d10,186873f2ba8bb75acec93dbfb8a8f8b88bbb4c7b2566d7f8cb6fc8b93f56a2c3
i06-operational-guards__generation_sfb__operations__r5,generation_sfb__operations,rejectsExcessiveName,input_rejection_policy,AssertionError: Invalid record was accepted by storeRun.,.local/iterations/i06-operational-guards/runs/i06-operational-guards__generation_sfb__operations__r5/submission-4/evaluation/report.json,d20020ca21dbcdd6c19b64675174d76c614816e3cc8e0d9a43bde080c5821d10,186873f2ba8bb75acec93dbfb8a8f8b88bbb4c7b2566d7f8cb6fc8b93f56a2c3
i06-operational-guards__generation_sfb__boundaries__r5,generation_sfb__boundaries,rejectsNegativeScore,input_rejection_policy,AssertionError: Invalid record was accepted by storeRun.,.local/iterations/i06-operational-guards/runs/i06-operational-guards__generation_sfb__boundaries__r5/submission-2/evaluation/report.json,1601395e9cbae3fb6aac363738a03e5bfae78100fc17a6efeb48d49d52b1613d,cb178aad0797141c76ba4faf8006231184c78e111d2139ea9152aac4e5e3dd4c
i06-operational-guards__generation_sfb__boundaries__r5,generation_sfb__boundaries,rejectsNegativeTime,input_rejection_policy,AssertionError: Invalid record was accepted by storeRun.,.local/iterations/i06-operational-guards/runs/i06-operational-guards__generation_sfb__boundaries__r5/submission-2/evaluation/report.json,1601395e9cbae3fb6aac363738a03e5bfae78100fc17a6efeb48d49d52b1613d,cb178aad0797141c76ba4faf8006231184c78e111d2139ea9152aac4e5e3dd4c
i06-operational-guards__generation_sfb__boundaries__r5,generation_sfb__boundaries,rejectsNullName,input_rejection_policy,AssertionError: Invalid record was accepted by storeRun.,.local/iterations/i06-operational-guards/runs/i06-operational-guards__generation_sfb__boundaries__r5/submission-2/evaluation/report.json,1601395e9cbae3fb6aac363738a03e5bfae78100fc17a6efeb48d49d52b1613d,cb178aad0797141c76ba4faf8006231184c78e111d2139ea9152aac4e5e3dd4c
i06-operational-guards__generation_sfb__boundaries__r5,generation_sfb__boundaries,rejectsBlankName,input_rejection_policy,AssertionError: Invalid record was accepted by storeRun.,.local/iterations/i06-operational-guards/runs/i06-operational-guards__generation_sfb__boundaries__r5/submission-2/evaluation/report.json,1601395e9cbae3fb6aac363738a03e5bfae78100fc17a6efeb48d49d52b1613d,cb178aad0797141c76ba4faf8006231184c78e111d2139ea9152aac4e5e3dd4c
i06-operational-guards__generation_sfb__boundaries__r5,generation_sfb__boundaries,rejectsExcessiveName,input_rejection_policy,AssertionError: Invalid record was accepted by storeRun.,.local/iterations/i06-operational-guards/runs/i06-operational-guards__generation_sfb__boundaries__r5/submission-2/evaluation/report.json,1601395e9cbae3fb6aac363738a03e5bfae78100fc17a6efeb48d49d52b1613d,cb178aad0797141c76ba4faf8006231184c78e111d2139ea9152aac4e5e3dd4c
i06-operational-guards__generation_sfb__boundaries__r5,generation_sfb__boundaries,oversizedPhysicalLine,observed_heap_exhaustion,OutOfMemoryError: Java heap space,.local/iterations/i06-operational-guards/runs/i06-operational-guards__generation_sfb__boundaries__r5/submission-2/evaluation/report.json,1601395e9cbae3fb6aac363738a03e5bfae78100fc17a6efeb48d49d52b1613d,cb178aad0797141c76ba4faf8006231184c78e111d2139ea9152aac4e5e3dd4c
i06-operational-guards__generation_sfb__none__r5,generation_sfb__none,rejectsNegativeScore,input_rejection_policy,AssertionError: Invalid record was accepted by storeRun.,.local/iterations/i06-operational-guards/runs/i06-operational-guards__generation_sfb__none__r5/submission-3/evaluation/report.json,150a7a43cf403b88e6ce69c5a4896ae00b29682a5174c463b88804fd694ef2d7,e6bc429b9d6352e43282ea8ee6eb36ec0fb4303d3a9b59c51a879c6d7c1ca553
i06-operational-guards__generation_sfb__none__r5,generation_sfb__none,rejectsNegativeTime,input_rejection_policy,AssertionError: Invalid record was accepted by storeRun.,.local/iterations/i06-operational-guards/runs/i06-operational-guards__generation_sfb__none__r5/submission-3/evaluation/report.json,150a7a43cf403b88e6ce69c5a4896ae00b29682a5174c463b88804fd694ef2d7,e6bc429b9d6352e43282ea8ee6eb36ec0fb4303d3a9b59c51a879c6d7c1ca553
i06-operational-guards__generation_sfb__none__r5,generation_sfb__none,rejectsExcessiveName,input_rejection_policy,AssertionError: Invalid record was accepted by storeRun.,.local/iterations/i06-operational-guards/runs/i06-operational-guards__generation_sfb__none__r5/submission-3/evaluation/report.json,150a7a43cf403b88e6ce69c5a4896ae00b29682a5174c463b88804fd694ef2d7,e6bc429b9d6352e43282ea8ee6eb36ec0fb4303d3a9b59c51a879c6d7c1ca553
i06-operational-guards__generation_sfb__none__r5,generation_sfb__none,boundsRetainedEntries,retention_threshold,AssertionError: More than 100 entries retained.,.local/iterations/i06-operational-guards/runs/i06-operational-guards__generation_sfb__none__r5/submission-3/evaluation/report.json,150a7a43cf403b88e6ce69c5a4896ae00b29682a5174c463b88804fd694ef2d7,e6bc429b9d6352e43282ea8ee6eb36ec0fb4303d3a9b59c51a879c6d7c1ca553
i06-operational-guards__generation_sfb__none__r5,generation_sfb__none,oversizedPhysicalLine,observed_heap_exhaustion,OutOfMemoryError: Java heap space,.local/iterations/i06-operational-guards/runs/i06-operational-guards__generation_sfb__none__r5/submission-3/evaluation/report.json,150a7a43cf403b88e6ce69c5a4896ae00b29682a5174c463b88804fd694ef2d7,e6bc429b9d6352e43282ea8ee6eb36ec0fb4303d3a9b59c51a879c6d7c1ca553
i06-operational-guards__generation_s__operations__r5,generation_s__operations,rejectsNegativeScore,input_rejection_policy,AssertionError: Invalid record was accepted by storeRun.,.local/iterations/i06-operational-guards/runs/i06-operational-guards__generation_s__operations__r5/submission-2/evaluation/report.json,fe0dbce2231a23d54cf8aff74724d5501d5f1f61fcd850bd4b813e1239161c42,440e6b710eb9c952d32cd393f034f0b704ca62ca623ffc8d3654b393966fa86b
i06-operational-guards__generation_s__operations__r5,generation_s__operations,rejectsExcessiveName,input_rejection_policy,AssertionError: Invalid record was accepted by storeRun.,.local/iterations/i06-operational-guards/runs/i06-operational-guards__generation_s__operations__r5/submission-2/evaluation/report.json,fe0dbce2231a23d54cf8aff74724d5501d5f1f61fcd850bd4b813e1239161c42,440e6b710eb9c952d32cd393f034f0b704ca62ca623ffc8d3654b393966fa86b
i06-operational-guards__reuse_sb__none__r5,reuse_sb__none,rejectsNegativeScore,input_rejection_policy,AssertionError: Invalid record was accepted by storeRun.,.local/iterations/i06-operational-guards/runs/i06-operational-guards__reuse_sb__none__r5/submission-1/evaluation/report.json,f94b55f99c348234eed993014ef82b4d6a37c2f41d5f96ce5d663b1262daacc0,c08ac5c8b9598270cd009b96338a3ab9b82b0ea00b092ac3af65d6774ce08c6d
i06-operational-guards__reuse_sb__none__r5,reuse_sb__none,rejectsNegativeTime,input_rejection_policy,AssertionError: Invalid record was accepted by storeRun.,.local/iterations/i06-operational-guards/runs/i06-operational-guards__reuse_sb__none__r5/submission-1/evaluation/report.json,f94b55f99c348234eed993014ef82b4d6a37c2f41d5f96ce5d663b1262daacc0,c08ac5c8b9598270cd009b96338a3ab9b82b0ea00b092ac3af65d6774ce08c6d
i06-operational-guards__reuse_sb__none__r5,reuse_sb__none,rejectsNullName,input_rejection_policy,AssertionError: Invalid record was accepted by storeRun.,.local/iterations/i06-operational-guards/runs/i06-operational-guards__reuse_sb__none__r5/submission-1/evaluation/report.json,f94b55f99c348234eed993014ef82b4d6a37c2f41d5f96ce5d663b1262daacc0,c08ac5c8b9598270cd009b96338a3ab9b82b0ea00b092ac3af65d6774ce08c6d
i06-operational-guards__reuse_sb__none__r5,reuse_sb__none,rejectsBlankName,input_rejection_policy,AssertionError: Invalid record was accepted by storeRun.,.local/iterations/i06-operational-guards/runs/i06-operational-guards__reuse_sb__none__r5/submission-1/evaluation/report.json,f94b55f99c348234eed993014ef82b4d6a37c2f41d5f96ce5d663b1262daacc0,c08ac5c8b9598270cd009b96338a3ab9b82b0ea00b092ac3af65d6774ce08c6d
i06-operational-guards__reuse_sb__none__r5,reuse_sb__none,rejectsExcessiveName,input_rejection_policy,AssertionError: Invalid record was accepted by storeRun.,.local/iterations/i06-operational-guards/runs/i06-operational-guards__reuse_sb__none__r5/submission-1/evaluation/report.json,f94b55f99c348234eed993014ef82b4d6a37c2f41d5f96ce5d663b1262daacc0,c08ac5c8b9598270cd009b96338a3ab9b82b0ea00b092ac3af65d6774ce08c6d
i06-operational-guards__reuse_sb__none__r5,reuse_sb__none,oversizedPhysicalLine,observed_heap_exhaustion,OutOfMemoryError: Java heap space,.local/iterations/i06-operational-guards/runs/i06-operational-guards__reuse_sb__none__r5/submission-1/evaluation/report.json,f94b55f99c348234eed993014ef82b4d6a37c2f41d5f96ce5d663b1262daacc0,c08ac5c8b9598270cd009b96338a3ab9b82b0ea00b092ac3af65d6774ce08c6d
i06-operational-guards__reuse_b__none__r5,reuse_b__none,rejectsNegativeScore,input_rejection_policy,AssertionError: Invalid record was accepted by storeRun.,.local/iterations/i06-operational-guards/runs/i06-operational-guards__reuse_b__none__r5/submission-3/evaluation/report.json,f2173558f81c7dbbfed4160ba6ec57d41ba672f41cf1abb9d3d9e1bc9e598dbf,41add79ed78bd8f80d20fbd57cd12a9253a0b1bf825b8c430103a8ee0bf65358
i06-operational-guards__reuse_b__none__r5,reuse_b__none,rejectsNegativeTime,input_rejection_policy,AssertionError: Invalid record was accepted by storeRun.,.local/iterations/i06-operational-guards/runs/i06-operational-guards__reuse_b__none__r5/submission-3/evaluation/report.json,f2173558f81c7dbbfed4160ba6ec57d41ba672f41cf1abb9d3d9e1bc9e598dbf,41add79ed78bd8f80d20fbd57cd12a9253a0b1bf825b8c430103a8ee0bf65358
i06-operational-guards__reuse_b__none__r5,reuse_b__none,rejectsNullName,input_rejection_policy,AssertionError: Invalid record was accepted by storeRun.,.local/iterations/i06-operational-guards/runs/i06-operational-guards__reuse_b__none__r5/submission-3/evaluation/report.json,f2173558f81c7dbbfed4160ba6ec57d41ba672f41cf1abb9d3d9e1bc9e598dbf,41add79ed78bd8f80d20fbd57cd12a9253a0b1bf825b8c430103a8ee0bf65358
i06-operational-guards__reuse_b__none__r5,reuse_b__none,rejectsBlankName,input_rejection_policy,AssertionError: Invalid record was accepted by storeRun.,.local/iterations/i06-operational-guards/runs/i06-operational-guards__reuse_b__none__r5/submission-3/evaluation/report.json,f2173558f81c7dbbfed4160ba6ec57d41ba672f41cf1abb9d3d9e1bc9e598dbf,41add79ed78bd8f80d20fbd57cd12a9253a0b1bf825b8c430103a8ee0bf65358
i06-operational-guards__reuse_b__none__r5,reuse_b__none,rejectsExcessiveName,input_rejection_policy,AssertionError: Invalid record was accepted by storeRun.,.local/iterations/i06-operational-guards/runs/i06-operational-guards__reuse_b__none__r5/submission-3/evaluation/report.json,f2173558f81c7dbbfed4160ba6ec57d41ba672f41cf1abb9d3d9e1bc9e598dbf,41add79ed78bd8f80d20fbd57cd12a9253a0b1bf825b8c430103a8ee0bf65358
i06-operational-guards__reuse_b__none__r5,reuse_b__none,oversizedPhysicalLine,observed_heap_exhaustion,OutOfMemoryError: Java heap space,.local/iterations/i06-operational-guards/runs/i06-operational-guards__reuse_b__none__r5/submission-3/evaluation/report.json,f2173558f81c7dbbfed4160ba6ec57d41ba672f41cf1abb9d3d9e1bc9e598dbf,41add79ed78bd8f80d20fbd57cd12a9253a0b1bf825b8c430103a8ee0bf65358
i06-operational-guards__reuse_b__none__r5,reuse_b__none,largePersistedRecordSet,observed_heap_exhaustion,OutOfMemoryError: Java heap space,.local/iterations/i06-operational-guards/runs/i06-operational-guards__reuse_b__none__r5/submission-3/evaluation/report.json,f2173558f81c7dbbfed4160ba6ec57d41ba672f41cf1abb9d3d9e1bc9e598dbf,41add79ed78bd8f80d20fbd57cd12a9253a0b1bf825b8c430103a8ee0bf65358
i06-operational-guards__generation_s__boundaries__r5,generation_s__boundaries,rejectsNegativeScore,input_rejection_policy,AssertionError: Invalid record was accepted by storeRun.,.local/iterations/i06-operational-guards/runs/i06-operational-guards__generation_s__boundaries__r5/submission-1/evaluation/report.json,68adf1d50db9546f3c75c62597954560f1a26fc524f810095151df2dd46b5e3b,8ea92d628bcf408ed9bf6c9a9fc231b7db1cbe335ddcebf42b7cdace6c44e522
i06-operational-guards__generation_s__boundaries__r5,generation_s__boundaries,rejectsExcessiveName,input_rejection_policy,AssertionError: Invalid record was accepted by storeRun.,.local/iterations/i06-operational-guards/runs/i06-operational-guards__generation_s__boundaries__r5/submission-1/evaluation/report.json,68adf1d50db9546f3c75c62597954560f1a26fc524f810095151df2dd46b5e3b,8ea92d628bcf408ed9bf6c9a9fc231b7db1cbe335ddcebf42b7cdace6c44e522
i06-operational-guards__generation_s__boundaries__r5,generation_s__boundaries,oversizedPhysicalLine,observed_heap_exhaustion,OutOfMemoryError: Java heap space,.local/iterations/i06-operational-guards/runs/i06-operational-guards__generation_s__boundaries__r5/submission-1/evaluation/report.json,68adf1d50db9546f3c75c62597954560f1a26fc524f810095151df2dd46b5e3b,8ea92d628bcf408ed9bf6c9a9fc231b7db1cbe335ddcebf42b7cdace6c44e522
i06-operational-guards__generation_s__none__r5,generation_s__none,rejectsNegativeScore,input_rejection_policy,AssertionError: Invalid record was accepted by storeRun.,.local/iterations/i06-operational-guards/runs/i06-operational-guards__generation_s__none__r5/submission-1/evaluation/report.json,3146c91525fbf3761944962171e90754f4a8275ed977b90b6002d2b56a640122,3116d595dfbbd51fb4c1d6989a255a999e16ca1458261cdfedb1289de618d5ff
i06-operational-guards__generation_s__none__r5,generation_s__none,rejectsNegativeTime,input_rejection_policy,AssertionError: Invalid record was accepted by storeRun.,.local/iterations/i06-operational-guards/runs/i06-operational-guards__generation_s__none__r5/submission-1/evaluation/report.json,3146c91525fbf3761944962171e90754f4a8275ed977b90b6002d2b56a640122,3116d595dfbbd51fb4c1d6989a255a999e16ca1458261cdfedb1289de618d5ff
i06-operational-guards__generation_s__none__r5,generation_s__none,rejectsNullName,input_rejection_policy,AssertionError: Invalid record was accepted by storeRun.,.local/iterations/i06-operational-guards/runs/i06-operational-guards__generation_s__none__r5/submission-1/evaluation/report.json,3146c91525fbf3761944962171e90754f4a8275ed977b90b6002d2b56a640122,3116d595dfbbd51fb4c1d6989a255a999e16ca1458261cdfedb1289de618d5ff
i06-operational-guards__generation_s__none__r5,generation_s__none,rejectsBlankName,input_rejection_policy,AssertionError: Invalid record was accepted by storeRun.,.local/iterations/i06-operational-guards/runs/i06-operational-guards__generation_s__none__r5/submission-1/evaluation/report.json,3146c91525fbf3761944962171e90754f4a8275ed977b90b6002d2b56a640122,3116d595dfbbd51fb4c1d6989a255a999e16ca1458261cdfedb1289de618d5ff
i06-operational-guards__generation_s__none__r5,generation_s__none,rejectsExcessiveName,input_rejection_policy,AssertionError: Invalid record was accepted by storeRun.,.local/iterations/i06-operational-guards/runs/i06-operational-guards__generation_s__none__r5/submission-1/evaluation/report.json,3146c91525fbf3761944962171e90754f4a8275ed977b90b6002d2b56a640122,3116d595dfbbd51fb4c1d6989a255a999e16ca1458261cdfedb1289de618d5ff
i06-operational-guards__generation_s__none__r5,generation_s__none,oversizedPhysicalLine,observed_heap_exhaustion,OutOfMemoryError: Java heap space,.local/iterations/i06-operational-guards/runs/i06-operational-guards__generation_s__none__r5/submission-1/evaluation/report.json,3146c91525fbf3761944962171e90754f4a8275ed977b90b6002d2b56a640122,3116d595dfbbd51fb4c1d6989a255a999e16ca1458261cdfedb1289de618d5ff
i06-operational-guards__generation_s__none__r5,generation_s__none,largePersistedRecordSet,observed_heap_exhaustion,OutOfMemoryError: Java heap space,.local/iterations/i06-operational-guards/runs/i06-operational-guards__generation_s__none__r5/submission-1/evaluation/report.json,3146c91525fbf3761944962171e90754f4a8275ed977b90b6002d2b56a640122,3116d595dfbbd51fb4c1d6989a255a999e16ca1458261cdfedb1289de618d5ff
i06-operational-guards__reuse_b__operations__r5,reuse_b__operations,rejectsNegativeScore,input_rejection_policy,AssertionError: Invalid record was accepted by storeRun.,.local/iterations/i06-operational-guards/runs/i06-operational-guards__reuse_b__operations__r5/submission-3/evaluation/report.json,52c78ed8ebd384d2f7a2c2a85d79bf135d0dde5e74f392f45d9e30b10d5dc08f,cda8c2b4ef7bb7b991cdade8699bad9195aded132438177891b89cca7d252d7f
i06-operational-guards__reuse_b__boundaries__r5,reuse_b__boundaries,rejectsNegativeScore,input_rejection_policy,AssertionError: Invalid record was accepted by storeRun.,.local/iterations/i06-operational-guards/runs/i06-operational-guards__reuse_b__boundaries__r5/submission-2/evaluation/report.json,0ad0e2efbf9c6e948edb27952e402fd75977d7c473dae27b3b12cf291c3a62cd,e3561a102335b6c9b942a0858aa0438ef1ab2774e16762fe2b64ce6bc77ccb50
i06-operational-guards__reuse_b__boundaries__r5,reuse_b__boundaries,rejectsBlankName,input_rejection_policy,AssertionError: Invalid record was accepted by storeRun.,.local/iterations/i06-operational-guards/runs/i06-operational-guards__reuse_b__boundaries__r5/submission-2/evaluation/report.json,0ad0e2efbf9c6e948edb27952e402fd75977d7c473dae27b3b12cf291c3a62cd,e3561a102335b6c9b942a0858aa0438ef1ab2774e16762fe2b64ce6bc77ccb50
i06-operational-guards__reuse_b__boundaries__r5,reuse_b__boundaries,rejectsExcessiveName,input_rejection_policy,AssertionError: Invalid record was accepted by storeRun.,.local/iterations/i06-operational-guards/runs/i06-operational-guards__reuse_b__boundaries__r5/submission-2/evaluation/report.json,0ad0e2efbf9c6e948edb27952e402fd75977d7c473dae27b3b12cf291c3a62cd,e3561a102335b6c9b942a0858aa0438ef1ab2774e16762fe2b64ce6bc77ccb50
i06-operational-guards__generation_sfb__requirements__r5,generation_sfb__requirements,rejectsNegativeScore,input_rejection_policy,AssertionError: Invalid record was accepted by storeRun.,.local/iterations/i06-operational-guards/runs/i06-operational-guards__generation_sfb__requirements__r5/submission-5/evaluation/report.json,cbdfd0f2ada43fb24df1ecb10d876d9e749b4aa359f5db65b7e48aaceacd16f5,0fd3215bac51e2e93e11e13eb639736cb2366d853aa5eb5717281be6fe879184
i06-operational-guards__generation_sfb__requirements__r5,generation_sfb__requirements,oversizedPhysicalLine,observed_heap_exhaustion,OutOfMemoryError: Java heap space,.local/iterations/i06-operational-guards/runs/i06-operational-guards__generation_sfb__requirements__r5/submission-5/evaluation/report.json,cbdfd0f2ada43fb24df1ecb10d876d9e749b4aa359f5db65b7e48aaceacd16f5,0fd3215bac51e2e93e11e13eb639736cb2366d853aa5eb5717281be6fe879184
i06-operational-guards__reuse_sb__operations__r5,reuse_sb__operations,rejectsNegativeScore,input_rejection_policy,AssertionError: Invalid record was accepted by storeRun.,.local/iterations/i06-operational-guards/runs/i06-operational-guards__reuse_sb__operations__r5/submission-1/evaluation/report.json,0199e471f9812fb695b56b193646dd0dec00ed77e840798975ef4257f59bc8f8,a10eeb2afabaf2443f1a5833f664a4a683dff9fecc0afbc4c36c76a59a3ead78
i06-operational-guards__generation_s__requirements__r5,generation_s__requirements,rejectsNegativeScore,input_rejection_policy,AssertionError: Invalid record was accepted by storeRun.,.local/iterations/i06-operational-guards/runs/i06-operational-guards__generation_s__requirements__r5/submission-1/evaluation/report.json,d0bd0eaac1b841f6b56cbd4345aea65ce63a946dd94072dd807d58b2ef995ae2,61ae6b8e1035bdc4043249f7de471a0106ae0a892198708a77ecf2482bf313fc
