runId,condition,test,category,detail,report,reportSha256,responseSha256
i25-lenient__generation_sfb__single_shot__none__r1,generation_sfb__single_shot__none,rejectsNegativeScore,input_rejection_policy,AssertionError: Invalid record was accepted by storeRun.,.local/iterations/i25-lenient/runs/i25-lenient__generation_sfb__single_shot__none__r1/submission-1/evaluation/report.json,40ec4aae8c86df3f1be85a47e1a173b4017853fe1eb142c2ec2432a639595959,803df44031c6493409f8012b3bbd53d569fae91c8c6a5cbbf40a92d0e0387dd9
i25-lenient__generation_sfb__single_shot__none__r1,generation_sfb__single_shot__none,rejectsExcessiveName,input_rejection_policy,AssertionError: Invalid record was accepted by storeRun.,.local/iterations/i25-lenient/runs/i25-lenient__generation_sfb__single_shot__none__r1/submission-1/evaluation/report.json,40ec4aae8c86df3f1be85a47e1a173b4017853fe1eb142c2ec2432a639595959,803df44031c6493409f8012b3bbd53d569fae91c8c6a5cbbf40a92d0e0387dd9
i25-lenient__generation_sfb__single_shot__none__r1,generation_sfb__single_shot__none,boundsRetainedEntries,retention_threshold,AssertionError: More than 100 entries retained.,.local/iterations/i25-lenient/runs/i25-lenient__generation_sfb__single_shot__none__r1/submission-1/evaluation/report.json,40ec4aae8c86df3f1be85a47e1a173b4017853fe1eb142c2ec2432a639595959,803df44031c6493409f8012b3bbd53d569fae91c8c6a5cbbf40a92d0e0387dd9
i25-lenient__generation_sfb__single_shot__none__r1,generation_sfb__single_shot__none,oversizedPhysicalLine,observed_heap_exhaustion,OutOfMemoryError: Java heap space,.local/iterations/i25-lenient/runs/i25-lenient__generation_sfb__single_shot__none__r1/submission-1/evaluation/report.json,40ec4aae8c86df3f1be85a47e1a173b4017853fe1eb142c2ec2432a639595959,803df44031c6493409f8012b3bbd53d569fae91c8c6a5cbbf40a92d0e0387dd9
i25-lenient__reuse_b__single_shot__none__r1,reuse_b__single_shot__none,rejectsNegativeScore,input_rejection_policy,AssertionError: Invalid record was accepted by storeRun.,.local/iterations/i25-lenient/runs/i25-lenient__reuse_b__single_shot__none__r1/submission-1/evaluation/report.json,0149e68597f73e9bda2fdf19b53085bd9f7836312759cd1721867fbefd6d3c61,f597b6c3312302403fbe7aa83f7ef5ec40a3cf5dfad8793852268a441fb89b4a
i25-lenient__reuse_b__single_shot__none__r1,reuse_b__single_shot__none,rejectsNegativeTime,input_rejection_policy,AssertionError: Invalid record was accepted by storeRun.,.local/iterations/i25-lenient/runs/i25-lenient__reuse_b__single_shot__none__r1/submission-1/evaluation/report.json,0149e68597f73e9bda2fdf19b53085bd9f7836312759cd1721867fbefd6d3c61,f597b6c3312302403fbe7aa83f7ef5ec40a3cf5dfad8793852268a441fb89b4a
i25-lenient__reuse_b__single_shot__none__r1,reuse_b__single_shot__none,rejectsNullName,input_rejection_policy,AssertionError: Invalid record was accepted by storeRun.,.local/iterations/i25-lenient/runs/i25-lenient__reuse_b__single_shot__none__r1/submission-1/evaluation/report.json,0149e68597f73e9bda2fdf19b53085bd9f7836312759cd1721867fbefd6d3c61,f597b6c3312302403fbe7aa83f7ef5ec40a3cf5dfad8793852268a441fb89b4a
i25-lenient__reuse_b__single_shot__none__r1,reuse_b__single_shot__none,rejectsBlankName,input_rejection_policy,AssertionError: Invalid record was accepted by storeRun.,.local/iterations/i25-lenient/runs/i25-lenient__reuse_b__single_shot__none__r1/submission-1/evaluation/report.json,0149e68597f73e9bda2fdf19b53085bd9f7836312759cd1721867fbefd6d3c61,f597b6c3312302403fbe7aa83f7ef5ec40a3cf5dfad8793852268a441fb89b4a
i25-lenient__reuse_b__single_shot__none__r1,reuse_b__single_shot__none,rejectsExcessiveName,input_rejection_policy,AssertionError: Invalid record was accepted by storeRun.,.local/iterations/i25-lenient/runs/i25-lenient__reuse_b__single_shot__none__r1/submission-1/evaluation/report.json,0149e68597f73e9bda2fdf19b53085bd9f7836312759cd1721867fbefd6d3c61,f597b6c3312302403fbe7aa83f7ef5ec40a3cf5dfad8793852268a441fb89b4a
i25-lenient__reuse_b__single_shot__none__r1,reuse_b__single_shot__none,boundsRetainedEntries,retention_threshold,AssertionError: More than 100 entries retained.,.local/iterations/i25-lenient/runs/i25-lenient__reuse_b__single_shot__none__r1/submission-1/evaluation/report.json,0149e68597f73e9bda2fdf19b53085bd9f7836312759cd1721867fbefd6d3c61,f597b6c3312302403fbe7aa83f7ef5ec40a3cf5dfad8793852268a441fb89b4a
i25-lenient__reuse_b__single_shot__none__r1,reuse_b__single_shot__none,oversizedPhysicalLine,observed_heap_exhaustion,OutOfMemoryError: Java heap space,.local/iterations/i25-lenient/runs/i25-lenient__reuse_b__single_shot__none__r1/submission-1/evaluation/report.json,0149e68597f73e9bda2fdf19b53085bd9f7836312759cd1721867fbefd6d3c61,f597b6c3312302403fbe7aa83f7ef5ec40a3cf5dfad8793852268a441fb89b4a
i25-lenient__generation_s__single_shot__none__r1,generation_s__single_shot__none,rejectsNegativeScore,input_rejection_policy,AssertionError: Invalid record was accepted by storeRun.,.local/iterations/i25-lenient/runs/i25-lenient__generation_s__single_shot__none__r1/submission-1/evaluation/report.json,84a8c4701cfbda2ec4db023207a56c73fa71af3b54e8aa875d13957f99060085,08994218e377fa3b87a369d92f943b3dad782ed305065ceff3b8c057cf4f4001
i25-lenient__generation_s__single_shot__none__r1,generation_s__single_shot__none,rejectsNegativeTime,input_rejection_policy,AssertionError: Invalid record was accepted by storeRun.,.local/iterations/i25-lenient/runs/i25-lenient__generation_s__single_shot__none__r1/submission-1/evaluation/report.json,84a8c4701cfbda2ec4db023207a56c73fa71af3b54e8aa875d13957f99060085,08994218e377fa3b87a369d92f943b3dad782ed305065ceff3b8c057cf4f4001
i25-lenient__generation_s__single_shot__none__r1,generation_s__single_shot__none,rejectsNullName,input_rejection_policy,AssertionError: Invalid record was accepted by storeRun.,.local/iterations/i25-lenient/runs/i25-lenient__generation_s__single_shot__none__r1/submission-1/evaluation/report.json,84a8c4701cfbda2ec4db023207a56c73fa71af3b54e8aa875d13957f99060085,08994218e377fa3b87a369d92f943b3dad782ed305065ceff3b8c057cf4f4001
i25-lenient__generation_s__single_shot__none__r1,generation_s__single_shot__none,rejectsBlankName,input_rejection_policy,AssertionError: Invalid record was accepted by storeRun.,.local/iterations/i25-lenient/runs/i25-lenient__generation_s__single_shot__none__r1/submission-1/evaluation/report.json,84a8c4701cfbda2ec4db023207a56c73fa71af3b54e8aa875d13957f99060085,08994218e377fa3b87a369d92f943b3dad782ed305065ceff3b8c057cf4f4001
i25-lenient__generation_s__single_shot__none__r1,generation_s__single_shot__none,rejectsExcessiveName,input_rejection_policy,AssertionError: Invalid record was accepted by storeRun.,.local/iterations/i25-lenient/runs/i25-lenient__generation_s__single_shot__none__r1/submission-1/evaluation/report.json,84a8c4701cfbda2ec4db023207a56c73fa71af3b54e8aa875d13957f99060085,08994218e377fa3b87a369d92f943b3dad782ed305065ceff3b8c057cf4f4001
i25-lenient__generation_s__single_shot__none__r1,generation_s__single_shot__none,boundsRetainedEntries,retention_threshold,AssertionError: More than 100 entries retained.,.local/iterations/i25-lenient/runs/i25-lenient__generation_s__single_shot__none__r1/submission-1/evaluation/report.json,84a8c4701cfbda2ec4db023207a56c73fa71af3b54e8aa875d13957f99060085,08994218e377fa3b87a369d92f943b3dad782ed305065ceff3b8c057cf4f4001
i25-lenient__generation_s__single_shot__none__r1,generation_s__single_shot__none,oversizedPhysicalLine,observed_heap_exhaustion,OutOfMemoryError: Java heap space,.local/iterations/i25-lenient/runs/i25-lenient__generation_s__single_shot__none__r1/submission-1/evaluation/report.json,84a8c4701cfbda2ec4db023207a56c73fa71af3b54e8aa875d13957f99060085,08994218e377fa3b87a369d92f943b3dad782ed305065ceff3b8c057cf4f4001
i25-lenient__reuse_sfb__single_shot__none__r1,reuse_sfb__single_shot__none,rejectsNegativeScore,input_rejection_policy,AssertionError: Invalid record was accepted by storeRun.,.local/iterations/i25-lenient/runs/i25-lenient__reuse_sfb__single_shot__none__r1/submission-1/evaluation/report.json,431589c4c9c1fd019c22b732868c6e1c69d40558a1f7f14e0ad0b179554b82d3,a70949450d0b30448ddb2c0c88dcde13429f71e533abae9ed4330fcaa8f42256
i25-lenient__reuse_sfb__single_shot__none__r1,reuse_sfb__single_shot__none,rejectsNegativeTime,input_rejection_policy,AssertionError: Invalid record was accepted by storeRun.,.local/iterations/i25-lenient/runs/i25-lenient__reuse_sfb__single_shot__none__r1/submission-1/evaluation/report.json,431589c4c9c1fd019c22b732868c6e1c69d40558a1f7f14e0ad0b179554b82d3,a70949450d0b30448ddb2c0c88dcde13429f71e533abae9ed4330fcaa8f42256
i25-lenient__reuse_sfb__single_shot__none__r1,reuse_sfb__single_shot__none,rejectsNullName,input_rejection_policy,AssertionError: Invalid record was accepted by storeRun.,.local/iterations/i25-lenient/runs/i25-lenient__reuse_sfb__single_shot__none__r1/submission-1/evaluation/report.json,431589c4c9c1fd019c22b732868c6e1c69d40558a1f7f14e0ad0b179554b82d3,a70949450d0b30448ddb2c0c88dcde13429f71e533abae9ed4330fcaa8f42256
i25-lenient__reuse_sfb__single_shot__none__r1,reuse_sfb__single_shot__none,rejectsBlankName,input_rejection_policy,AssertionError: Invalid record was accepted by storeRun.,.local/iterations/i25-lenient/runs/i25-lenient__reuse_sfb__single_shot__none__r1/submission-1/evaluation/report.json,431589c4c9c1fd019c22b732868c6e1c69d40558a1f7f14e0ad0b179554b82d3,a70949450d0b30448ddb2c0c88dcde13429f71e533abae9ed4330fcaa8f42256
i25-lenient__reuse_sfb__single_shot__none__r1,reuse_sfb__single_shot__none,rejectsExcessiveName,input_rejection_policy,AssertionError: Invalid record was accepted by storeRun.,.local/iterations/i25-lenient/runs/i25-lenient__reuse_sfb__single_shot__none__r1/submission-1/evaluation/report.json,431589c4c9c1fd019c22b732868c6e1c69d40558a1f7f14e0ad0b179554b82d3,a70949450d0b30448ddb2c0c88dcde13429f71e533abae9ed4330fcaa8f42256
i25-lenient__reuse_sfb__single_shot__none__r1,reuse_sfb__single_shot__none,boundsRetainedEntries,retention_threshold,AssertionError: More than 100 entries retained.,.local/iterations/i25-lenient/runs/i25-lenient__reuse_sfb__single_shot__none__r1/submission-1/evaluation/report.json,431589c4c9c1fd019c22b732868c6e1c69d40558a1f7f14e0ad0b179554b82d3,a70949450d0b30448ddb2c0c88dcde13429f71e533abae9ed4330fcaa8f42256
i25-lenient__reuse_sfb__single_shot__none__r1,reuse_sfb__single_shot__none,oversizedPhysicalLine,observed_heap_exhaustion,OutOfMemoryError: Java heap space,.local/iterations/i25-lenient/runs/i25-lenient__reuse_sfb__single_shot__none__r1/submission-1/evaluation/report.json,431589c4c9c1fd019c22b732868c6e1c69d40558a1f7f14e0ad0b179554b82d3,a70949450d0b30448ddb2c0c88dcde13429f71e533abae9ed4330fcaa8f42256
i25-lenient__reuse_fb__single_shot__none__r1,reuse_fb__single_shot__none,rejectsNegativeScore,input_rejection_policy,AssertionError: Invalid record was accepted by storeRun.,.local/iterations/i25-lenient/runs/i25-lenient__reuse_fb__single_shot__none__r1/submission-1/evaluation/report.json,7999023629763544d0be779b61c613a7b1ea3f1e71e849f0a8db92978e8a502e,9a065845a83fecc548988c709f4b82444ab00840e2191f71af16614e195dfcb3
i25-lenient__reuse_fb__single_shot__none__r1,reuse_fb__single_shot__none,rejectsNegativeTime,input_rejection_policy,AssertionError: Invalid record was accepted by storeRun.,.local/iterations/i25-lenient/runs/i25-lenient__reuse_fb__single_shot__none__r1/submission-1/evaluation/report.json,7999023629763544d0be779b61c613a7b1ea3f1e71e849f0a8db92978e8a502e,9a065845a83fecc548988c709f4b82444ab00840e2191f71af16614e195dfcb3
i25-lenient__reuse_fb__single_shot__none__r1,reuse_fb__single_shot__none,rejectsNullName,input_rejection_policy,AssertionError: Invalid record was accepted by storeRun.,.local/iterations/i25-lenient/runs/i25-lenient__reuse_fb__single_shot__none__r1/submission-1/evaluation/report.json,7999023629763544d0be779b61c613a7b1ea3f1e71e849f0a8db92978e8a502e,9a065845a83fecc548988c709f4b82444ab00840e2191f71af16614e195dfcb3
i25-lenient__reuse_fb__single_shot__none__r1,reuse_fb__single_shot__none,rejectsBlankName,input_rejection_policy,AssertionError: Invalid record was accepted by storeRun.,.local/iterations/i25-lenient/runs/i25-lenient__reuse_fb__single_shot__none__r1/submission-1/evaluation/report.json,7999023629763544d0be779b61c613a7b1ea3f1e71e849f0a8db92978e8a502e,9a065845a83fecc548988c709f4b82444ab00840e2191f71af16614e195dfcb3
i25-lenient__reuse_fb__single_shot__none__r1,reuse_fb__single_shot__none,rejectsExcessiveName,input_rejection_policy,AssertionError: Invalid record was accepted by storeRun.,.local/iterations/i25-lenient/runs/i25-lenient__reuse_fb__single_shot__none__r1/submission-1/evaluation/report.json,7999023629763544d0be779b61c613a7b1ea3f1e71e849f0a8db92978e8a502e,9a065845a83fecc548988c709f4b82444ab00840e2191f71af16614e195dfcb3
i25-lenient__reuse_fb__single_shot__none__r1,reuse_fb__single_shot__none,boundsRetainedEntries,retention_threshold,AssertionError: More than 100 entries retained.,.local/iterations/i25-lenient/runs/i25-lenient__reuse_fb__single_shot__none__r1/submission-1/evaluation/report.json,7999023629763544d0be779b61c613a7b1ea3f1e71e849f0a8db92978e8a502e,9a065845a83fecc548988c709f4b82444ab00840e2191f71af16614e195dfcb3
i25-lenient__reuse_fb__single_shot__none__r1,reuse_fb__single_shot__none,oversizedPhysicalLine,observed_heap_exhaustion,OutOfMemoryError: Java heap space,.local/iterations/i25-lenient/runs/i25-lenient__reuse_fb__single_shot__none__r1/submission-1/evaluation/report.json,7999023629763544d0be779b61c613a7b1ea3f1e71e849f0a8db92978e8a502e,9a065845a83fecc548988c709f4b82444ab00840e2191f71af16614e195dfcb3
i25-lenient__reuse_fb__single_shot__none__r1,reuse_fb__single_shot__none,largePersistedRecordSet,observed_heap_exhaustion,OutOfMemoryError: Java heap space,.local/iterations/i25-lenient/runs/i25-lenient__reuse_fb__single_shot__none__r1/submission-1/evaluation/report.json,7999023629763544d0be779b61c613a7b1ea3f1e71e849f0a8db92978e8a502e,9a065845a83fecc548988c709f4b82444ab00840e2191f71af16614e195dfcb3
i25-lenient__generation_none__single_shot__none__r1,generation_none__single_shot__none,rejectsNegativeScore,input_rejection_policy,AssertionError: Invalid record was accepted by storeRun.,.local/iterations/i25-lenient/runs/i25-lenient__generation_none__single_shot__none__r1/submission-1/evaluation/report.json,d8f37568706835748f59db9b49d46a199d2a53abb5aecc2e379820468b29d479,598ac281aac6f37936f40b4194cb94216e07dfcef5a89d3dd755773d307489a6
i25-lenient__generation_none__single_shot__none__r1,generation_none__single_shot__none,rejectsNegativeTime,input_rejection_policy,AssertionError: Invalid record was accepted by storeRun.,.local/iterations/i25-lenient/runs/i25-lenient__generation_none__single_shot__none__r1/submission-1/evaluation/report.json,d8f37568706835748f59db9b49d46a199d2a53abb5aecc2e379820468b29d479,598ac281aac6f37936f40b4194cb94216e07dfcef5a89d3dd755773d307489a6
i25-lenient__generation_none__single_shot__none__r1,generation_none__single_shot__none,rejectsNullName,input_rejection_policy,AssertionError: Invalid record was accepted by storeRun.,.local/iterations/i25-lenient/runs/i25-lenient__generation_none__single_shot__none__r1/submission-1/evaluation/report.json,d8f37568706835748f59db9b49d46a199d2a53abb5aecc2e379820468b29d479,598ac281aac6f37936f40b4194cb94216e07dfcef5a89d3dd755773d307489a6
i25-lenient__generation_none__single_shot__none__r1,generation_none__single_shot__none,rejectsBlankName,input_rejection_policy,AssertionError: Invalid record was accepted by storeRun.,.local/iterations/i25-lenient/runs/i25-lenient__generation_none__single_shot__none__r1/submission-1/evaluation/report.json,d8f37568706835748f59db9b49d46a199d2a53abb5aecc2e379820468b29d479,598ac281aac6f37936f40b4194cb94216e07dfcef5a89d3dd755773d307489a6
i25-lenient__generation_none__single_shot__none__r1,generation_none__single_shot__none,rejectsExcessiveName,input_rejection_policy,AssertionError: Invalid record was accepted by storeRun.,.local/iterations/i25-lenient/runs/i25-lenient__generation_none__single_shot__none__r1/submission-1/evaluation/report.json,d8f37568706835748f59db9b49d46a199d2a53abb5aecc2e379820468b29d479,598ac281aac6f37936f40b4194cb94216e07dfcef5a89d3dd755773d307489a6
i25-lenient__generation_none__single_shot__none__r1,generation_none__single_shot__none,boundsRetainedEntries,retention_threshold,AssertionError: More than 100 entries retained.,.local/iterations/i25-lenient/runs/i25-lenient__generation_none__single_shot__none__r1/submission-1/evaluation/report.json,d8f37568706835748f59db9b49d46a199d2a53abb5aecc2e379820468b29d479,598ac281aac6f37936f40b4194cb94216e07dfcef5a89d3dd755773d307489a6
i25-lenient__generation_none__single_shot__none__r1,generation_none__single_shot__none,oversizedPhysicalLine,observed_heap_exhaustion,OutOfMemoryError: Java heap space,.local/iterations/i25-lenient/runs/i25-lenient__generation_none__single_shot__none__r1/submission-1/evaluation/report.json,d8f37568706835748f59db9b49d46a199d2a53abb5aecc2e379820468b29d479,598ac281aac6f37936f40b4194cb94216e07dfcef5a89d3dd755773d307489a6
i25-lenient__reuse_sb__single_shot__none__r1,reuse_sb__single_shot__none,rejectsNegativeScore,input_rejection_policy,AssertionError: Invalid record was accepted by storeRun.,.local/iterations/i25-lenient/runs/i25-lenient__reuse_sb__single_shot__none__r1/submission-1/evaluation/report.json,6cba57ec8c191a89912bf2f91829a46c19feb42ae5de4b5a1e434ba1ad2c2381,741152c5100d6498ba381954aec143f3398b1490d5193b91247ac09c89bca7bb
i25-lenient__reuse_sb__single_shot__none__r1,reuse_sb__single_shot__none,rejectsNegativeTime,input_rejection_policy,AssertionError: Invalid record was accepted by storeRun.,.local/iterations/i25-lenient/runs/i25-lenient__reuse_sb__single_shot__none__r1/submission-1/evaluation/report.json,6cba57ec8c191a89912bf2f91829a46c19feb42ae5de4b5a1e434ba1ad2c2381,741152c5100d6498ba381954aec143f3398b1490d5193b91247ac09c89bca7bb
i25-lenient__reuse_sb__single_shot__none__r1,reuse_sb__single_shot__none,rejectsNullName,input_rejection_policy,AssertionError: Invalid record was accepted by storeRun.,.local/iterations/i25-lenient/runs/i25-lenient__reuse_sb__single_shot__none__r1/submission-1/evaluation/report.json,6cba57ec8c191a89912bf2f91829a46c19feb42ae5de4b5a1e434ba1ad2c2381,741152c5100d6498ba381954aec143f3398b1490d5193b91247ac09c89bca7bb
i25-lenient__reuse_sb__single_shot__none__r1,reuse_sb__single_shot__none,rejectsBlankName,input_rejection_policy,AssertionError: Invalid record was accepted by storeRun.,.local/iterations/i25-lenient/runs/i25-lenient__reuse_sb__single_shot__none__r1/submission-1/evaluation/report.json,6cba57ec8c191a89912bf2f91829a46c19feb42ae5de4b5a1e434ba1ad2c2381,741152c5100d6498ba381954aec143f3398b1490d5193b91247ac09c89bca7bb
i25-lenient__reuse_sb__single_shot__none__r1,reuse_sb__single_shot__none,rejectsExcessiveName,input_rejection_policy,AssertionError: Invalid record was accepted by storeRun.,.local/iterations/i25-lenient/runs/i25-lenient__reuse_sb__single_shot__none__r1/submission-1/evaluation/report.json,6cba57ec8c191a89912bf2f91829a46c19feb42ae5de4b5a1e434ba1ad2c2381,741152c5100d6498ba381954aec143f3398b1490d5193b91247ac09c89bca7bb
i25-lenient__reuse_sb__single_shot__none__r1,reuse_sb__single_shot__none,boundsRetainedEntries,retention_threshold,AssertionError: More than 100 entries retained.,.local/iterations/i25-lenient/runs/i25-lenient__reuse_sb__single_shot__none__r1/submission-1/evaluation/report.json,6cba57ec8c191a89912bf2f91829a46c19feb42ae5de4b5a1e434ba1ad2c2381,741152c5100d6498ba381954aec143f3398b1490d5193b91247ac09c89bca7bb
i25-lenient__reuse_sb__single_shot__none__r1,reuse_sb__single_shot__none,oversizedPhysicalLine,observed_heap_exhaustion,OutOfMemoryError: Java heap space,.local/iterations/i25-lenient/runs/i25-lenient__reuse_sb__single_shot__none__r1/submission-1/evaluation/report.json,6cba57ec8c191a89912bf2f91829a46c19feb42ae5de4b5a1e434ba1ad2c2381,741152c5100d6498ba381954aec143f3398b1490d5193b91247ac09c89bca7bb
i25-lenient__generation_sf__single_shot__none__r1,generation_sf__single_shot__none,rejectsNegativeScore,input_rejection_policy,AssertionError: Invalid record was accepted by storeRun.,.local/iterations/i25-lenient/runs/i25-lenient__generation_sf__single_shot__none__r1/submission-1/evaluation/report.json,64d903d0362c3fe84a2a2d2d1a7dc52f93f2f6471c05c404545f73f481ef5a3a,e54ce50ae0b8ab434eac58c529c9718131e2d434ec0c630273f1114d149f361a
i25-lenient__generation_sf__single_shot__none__r1,generation_sf__single_shot__none,rejectsExcessiveName,input_rejection_policy,AssertionError: Invalid record was accepted by storeRun.,.local/iterations/i25-lenient/runs/i25-lenient__generation_sf__single_shot__none__r1/submission-1/evaluation/report.json,64d903d0362c3fe84a2a2d2d1a7dc52f93f2f6471c05c404545f73f481ef5a3a,e54ce50ae0b8ab434eac58c529c9718131e2d434ec0c630273f1114d149f361a
i25-lenient__generation_sf__single_shot__none__r1,generation_sf__single_shot__none,boundsRetainedEntries,retention_threshold,AssertionError: More than 100 entries retained.,.local/iterations/i25-lenient/runs/i25-lenient__generation_sf__single_shot__none__r1/submission-1/evaluation/report.json,64d903d0362c3fe84a2a2d2d1a7dc52f93f2f6471c05c404545f73f481ef5a3a,e54ce50ae0b8ab434eac58c529c9718131e2d434ec0c630273f1114d149f361a
i25-lenient__generation_sf__single_shot__none__r1,generation_sf__single_shot__none,oversizedPhysicalLine,observed_heap_exhaustion,OutOfMemoryError: Java heap space,.local/iterations/i25-lenient/runs/i25-lenient__generation_sf__single_shot__none__r1/submission-1/evaluation/report.json,64d903d0362c3fe84a2a2d2d1a7dc52f93f2f6471c05c404545f73f481ef5a3a,e54ce50ae0b8ab434eac58c529c9718131e2d434ec0c630273f1114d149f361a
i25-lenient__generation_f__single_shot__none__r1,generation_f__single_shot__none,rejectsNegativeScore,input_rejection_policy,AssertionError: Invalid record was accepted by storeRun.,.local/iterations/i25-lenient/runs/i25-lenient__generation_f__single_shot__none__r1/submission-1/evaluation/report.json,83a0fc5c9f2e3a914e143133f6fdbcf1f76b0e6171149d3b47fa70ed43d2a0ea,3f04c44fa7188f13e420cc86382489ca9484f2a8d3d060ce58a1fe0bc388614f
i25-lenient__generation_f__single_shot__none__r1,generation_f__single_shot__none,rejectsNegativeTime,input_rejection_policy,AssertionError: Invalid record was accepted by storeRun.,.local/iterations/i25-lenient/runs/i25-lenient__generation_f__single_shot__none__r1/submission-1/evaluation/report.json,83a0fc5c9f2e3a914e143133f6fdbcf1f76b0e6171149d3b47fa70ed43d2a0ea,3f04c44fa7188f13e420cc86382489ca9484f2a8d3d060ce58a1fe0bc388614f
i25-lenient__generation_f__single_shot__none__r1,generation_f__single_shot__none,rejectsNullName,input_rejection_policy,AssertionError: Invalid record was accepted by storeRun.,.local/iterations/i25-lenient/runs/i25-lenient__generation_f__single_shot__none__r1/submission-1/evaluation/report.json,83a0fc5c9f2e3a914e143133f6fdbcf1f76b0e6171149d3b47fa70ed43d2a0ea,3f04c44fa7188f13e420cc86382489ca9484f2a8d3d060ce58a1fe0bc388614f
i25-lenient__generation_f__single_shot__none__r1,generation_f__single_shot__none,rejectsBlankName,input_rejection_policy,AssertionError: Invalid record was accepted by storeRun.,.local/iterations/i25-lenient/runs/i25-lenient__generation_f__single_shot__none__r1/submission-1/evaluation/report.json,83a0fc5c9f2e3a914e143133f6fdbcf1f76b0e6171149d3b47fa70ed43d2a0ea,3f04c44fa7188f13e420cc86382489ca9484f2a8d3d060ce58a1fe0bc388614f
i25-lenient__generation_f__single_shot__none__r1,generation_f__single_shot__none,rejectsExcessiveName,input_rejection_policy,AssertionError: Invalid record was accepted by storeRun.,.local/iterations/i25-lenient/runs/i25-lenient__generation_f__single_shot__none__r1/submission-1/evaluation/report.json,83a0fc5c9f2e3a914e143133f6fdbcf1f76b0e6171149d3b47fa70ed43d2a0ea,3f04c44fa7188f13e420cc86382489ca9484f2a8d3d060ce58a1fe0bc388614f
i25-lenient__generation_f__single_shot__none__r1,generation_f__single_shot__none,boundsRetainedEntries,retention_threshold,AssertionError: More than 100 entries retained.,.local/iterations/i25-lenient/runs/i25-lenient__generation_f__single_shot__none__r1/submission-1/evaluation/report.json,83a0fc5c9f2e3a914e143133f6fdbcf1f76b0e6171149d3b47fa70ed43d2a0ea,3f04c44fa7188f13e420cc86382489ca9484f2a8d3d060ce58a1fe0bc388614f
i25-lenient__generation_f__single_shot__none__r1,generation_f__single_shot__none,oversizedPhysicalLine,observed_heap_exhaustion,OutOfMemoryError: Java heap space,.local/iterations/i25-lenient/runs/i25-lenient__generation_f__single_shot__none__r1/submission-1/evaluation/report.json,83a0fc5c9f2e3a914e143133f6fdbcf1f76b0e6171149d3b47fa70ed43d2a0ea,3f04c44fa7188f13e420cc86382489ca9484f2a8d3d060ce58a1fe0bc388614f
i25-lenient__reuse_s__single_shot__none__r1,reuse_s__single_shot__none,rejectsNegativeScore,input_rejection_policy,AssertionError: Invalid record was accepted by storeRun.,.local/iterations/i25-lenient/runs/i25-lenient__reuse_s__single_shot__none__r1/submission-1/evaluation/report.json,1b6b588fde0bcbb19a9221b53615d7ceb7acbc54e5dc1590eebab582bec6dce9,3a32c0f88c4dc4df63ed56c3a5e68e67b52621ee606313dcd2a62c8a93e69365
i25-lenient__reuse_s__single_shot__none__r1,reuse_s__single_shot__none,rejectsNegativeTime,input_rejection_policy,AssertionError: Invalid record was accepted by storeRun.,.local/iterations/i25-lenient/runs/i25-lenient__reuse_s__single_shot__none__r1/submission-1/evaluation/report.json,1b6b588fde0bcbb19a9221b53615d7ceb7acbc54e5dc1590eebab582bec6dce9,3a32c0f88c4dc4df63ed56c3a5e68e67b52621ee606313dcd2a62c8a93e69365
i25-lenient__reuse_s__single_shot__none__r1,reuse_s__single_shot__none,rejectsNullName,input_rejection_policy,AssertionError: Invalid record was accepted by storeRun.,.local/iterations/i25-lenient/runs/i25-lenient__reuse_s__single_shot__none__r1/submission-1/evaluation/report.json,1b6b588fde0bcbb19a9221b53615d7ceb7acbc54e5dc1590eebab582bec6dce9,3a32c0f88c4dc4df63ed56c3a5e68e67b52621ee606313dcd2a62c8a93e69365
i25-lenient__reuse_s__single_shot__none__r1,reuse_s__single_shot__none,rejectsBlankName,input_rejection_policy,AssertionError: Invalid record was accepted by storeRun.,.local/iterations/i25-lenient/runs/i25-lenient__reuse_s__single_shot__none__r1/submission-1/evaluation/report.json,1b6b588fde0bcbb19a9221b53615d7ceb7acbc54e5dc1590eebab582bec6dce9,3a32c0f88c4dc4df63ed56c3a5e68e67b52621ee606313dcd2a62c8a93e69365
i25-lenient__reuse_s__single_shot__none__r1,reuse_s__single_shot__none,rejectsExcessiveName,input_rejection_policy,AssertionError: Invalid record was accepted by storeRun.,.local/iterations/i25-lenient/runs/i25-lenient__reuse_s__single_shot__none__r1/submission-1/evaluation/report.json,1b6b588fde0bcbb19a9221b53615d7ceb7acbc54e5dc1590eebab582bec6dce9,3a32c0f88c4dc4df63ed56c3a5e68e67b52621ee606313dcd2a62c8a93e69365
i25-lenient__reuse_s__single_shot__none__r1,reuse_s__single_shot__none,boundsRetainedEntries,retention_threshold,AssertionError: More than 100 entries retained.,.local/iterations/i25-lenient/runs/i25-lenient__reuse_s__single_shot__none__r1/submission-1/evaluation/report.json,1b6b588fde0bcbb19a9221b53615d7ceb7acbc54e5dc1590eebab582bec6dce9,3a32c0f88c4dc4df63ed56c3a5e68e67b52621ee606313dcd2a62c8a93e69365
i25-lenient__reuse_s__single_shot__none__r1,reuse_s__single_shot__none,oversizedPhysicalLine,observed_heap_exhaustion,OutOfMemoryError: Java heap space,.local/iterations/i25-lenient/runs/i25-lenient__reuse_s__single_shot__none__r1/submission-1/evaluation/report.json,1b6b588fde0bcbb19a9221b53615d7ceb7acbc54e5dc1590eebab582bec6dce9,3a32c0f88c4dc4df63ed56c3a5e68e67b52621ee606313dcd2a62c8a93e69365
i25-lenient__generation_b__single_shot__none__r2,generation_b__single_shot__none,rejectsNegativeScore,input_rejection_policy,AssertionError: Invalid record was accepted by storeRun.,.local/iterations/i25-lenient/runs/i25-lenient__generation_b__single_shot__none__r2/submission-1/evaluation/report.json,04025c8a4c953531a704cbc71e823f2b872d79d6b2920b3584eb3da2f6b0726a,f35a9ac144ff835648d022f375285a2e51d5a0574290acbfa54e0c36cb477970
i25-lenient__generation_b__single_shot__none__r2,generation_b__single_shot__none,rejectsNegativeTime,input_rejection_policy,AssertionError: Invalid record was accepted by storeRun.,.local/iterations/i25-lenient/runs/i25-lenient__generation_b__single_shot__none__r2/submission-1/evaluation/report.json,04025c8a4c953531a704cbc71e823f2b872d79d6b2920b3584eb3da2f6b0726a,f35a9ac144ff835648d022f375285a2e51d5a0574290acbfa54e0c36cb477970
i25-lenient__generation_b__single_shot__none__r2,generation_b__single_shot__none,rejectsExcessiveName,input_rejection_policy,AssertionError: Invalid record was accepted by storeRun.,.local/iterations/i25-lenient/runs/i25-lenient__generation_b__single_shot__none__r2/submission-1/evaluation/report.json,04025c8a4c953531a704cbc71e823f2b872d79d6b2920b3584eb3da2f6b0726a,f35a9ac144ff835648d022f375285a2e51d5a0574290acbfa54e0c36cb477970
i25-lenient__generation_b__single_shot__none__r2,generation_b__single_shot__none,boundsRetainedEntries,retention_threshold,AssertionError: More than 100 entries retained.,.local/iterations/i25-lenient/runs/i25-lenient__generation_b__single_shot__none__r2/submission-1/evaluation/report.json,04025c8a4c953531a704cbc71e823f2b872d79d6b2920b3584eb3da2f6b0726a,f35a9ac144ff835648d022f375285a2e51d5a0574290acbfa54e0c36cb477970
i25-lenient__generation_b__single_shot__none__r2,generation_b__single_shot__none,oversizedPhysicalLine,observed_heap_exhaustion,OutOfMemoryError: Java heap space,.local/iterations/i25-lenient/runs/i25-lenient__generation_b__single_shot__none__r2/submission-1/evaluation/report.json,04025c8a4c953531a704cbc71e823f2b872d79d6b2920b3584eb3da2f6b0726a,f35a9ac144ff835648d022f375285a2e51d5a0574290acbfa54e0c36cb477970
i25-lenient__reuse_sfb__single_shot__none__r2,reuse_sfb__single_shot__none,rejectsNegativeScore,input_rejection_policy,AssertionError: Invalid record was accepted by storeRun.,.local/iterations/i25-lenient/runs/i25-lenient__reuse_sfb__single_shot__none__r2/submission-1/evaluation/report.json,967554c08a7c0a21c4ab46e209597a8b2670e1a64347696c66cc3eaa33b07acb,d5b5adf32d9a6a176da8e551b8951153d301ef21b390f62a095fcf3523de013b
i25-lenient__reuse_sfb__single_shot__none__r2,reuse_sfb__single_shot__none,rejectsNegativeTime,input_rejection_policy,AssertionError: Invalid record was accepted by storeRun.,.local/iterations/i25-lenient/runs/i25-lenient__reuse_sfb__single_shot__none__r2/submission-1/evaluation/report.json,967554c08a7c0a21c4ab46e209597a8b2670e1a64347696c66cc3eaa33b07acb,d5b5adf32d9a6a176da8e551b8951153d301ef21b390f62a095fcf3523de013b
i25-lenient__reuse_sfb__single_shot__none__r2,reuse_sfb__single_shot__none,rejectsNullName,input_rejection_policy,AssertionError: Invalid record was accepted by storeRun.,.local/iterations/i25-lenient/runs/i25-lenient__reuse_sfb__single_shot__none__r2/submission-1/evaluation/report.json,967554c08a7c0a21c4ab46e209597a8b2670e1a64347696c66cc3eaa33b07acb,d5b5adf32d9a6a176da8e551b8951153d301ef21b390f62a095fcf3523de013b
i25-lenient__reuse_sfb__single_shot__none__r2,reuse_sfb__single_shot__none,rejectsBlankName,input_rejection_policy,AssertionError: Invalid record was accepted by storeRun.,.local/iterations/i25-lenient/runs/i25-lenient__reuse_sfb__single_shot__none__r2/submission-1/evaluation/report.json,967554c08a7c0a21c4ab46e209597a8b2670e1a64347696c66cc3eaa33b07acb,d5b5adf32d9a6a176da8e551b8951153d301ef21b390f62a095fcf3523de013b
i25-lenient__reuse_sfb__single_shot__none__r2,reuse_sfb__single_shot__none,rejectsExcessiveName,input_rejection_policy,AssertionError: Invalid record was accepted by storeRun.,.local/iterations/i25-lenient/runs/i25-lenient__reuse_sfb__single_shot__none__r2/submission-1/evaluation/report.json,967554c08a7c0a21c4ab46e209597a8b2670e1a64347696c66cc3eaa33b07acb,d5b5adf32d9a6a176da8e551b8951153d301ef21b390f62a095fcf3523de013b
i25-lenient__reuse_sfb__single_shot__none__r2,reuse_sfb__single_shot__none,boundsRetainedEntries,retention_threshold,AssertionError: More than 100 entries retained.,.local/iterations/i25-lenient/runs/i25-lenient__reuse_sfb__single_shot__none__r2/submission-1/evaluation/report.json,967554c08a7c0a21c4ab46e209597a8b2670e1a64347696c66cc3eaa33b07acb,d5b5adf32d9a6a176da8e551b8951153d301ef21b390f62a095fcf3523de013b
i25-lenient__reuse_sfb__single_shot__none__r2,reuse_sfb__single_shot__none,oversizedPhysicalLine,observed_heap_exhaustion,OutOfMemoryError: Java heap space,.local/iterations/i25-lenient/runs/i25-lenient__reuse_sfb__single_shot__none__r2/submission-1/evaluation/report.json,967554c08a7c0a21c4ab46e209597a8b2670e1a64347696c66cc3eaa33b07acb,d5b5adf32d9a6a176da8e551b8951153d301ef21b390f62a095fcf3523de013b
i25-lenient__generation_f__single_shot__none__r2,generation_f__single_shot__none,rejectsNegativeScore,input_rejection_policy,AssertionError: Invalid record was accepted by storeRun.,.local/iterations/i25-lenient/runs/i25-lenient__generation_f__single_shot__none__r2/submission-1/evaluation/report.json,d055bffbc2629cf19a67ec74a4d2a418488eeffc27ab65e31b091ed2cacab85c,2c5db03223bbbcff4ca638d648e5811ca2e9fb12bd8ccb9e53286531d471ebce
i25-lenient__generation_f__single_shot__none__r2,generation_f__single_shot__none,rejectsNegativeTime,input_rejection_policy,AssertionError: Invalid record was accepted by storeRun.,.local/iterations/i25-lenient/runs/i25-lenient__generation_f__single_shot__none__r2/submission-1/evaluation/report.json,d055bffbc2629cf19a67ec74a4d2a418488eeffc27ab65e31b091ed2cacab85c,2c5db03223bbbcff4ca638d648e5811ca2e9fb12bd8ccb9e53286531d471ebce
i25-lenient__generation_f__single_shot__none__r2,generation_f__single_shot__none,rejectsNullName,input_rejection_policy,AssertionError: Invalid record was accepted by storeRun.,.local/iterations/i25-lenient/runs/i25-lenient__generation_f__single_shot__none__r2/submission-1/evaluation/report.json,d055bffbc2629cf19a67ec74a4d2a418488eeffc27ab65e31b091ed2cacab85c,2c5db03223bbbcff4ca638d648e5811ca2e9fb12bd8ccb9e53286531d471ebce
i25-lenient__generation_f__single_shot__none__r2,generation_f__single_shot__none,rejectsBlankName,input_rejection_policy,AssertionError: Invalid record was accepted by storeRun.,.local/iterations/i25-lenient/runs/i25-lenient__generation_f__single_shot__none__r2/submission-1/evaluation/report.json,d055bffbc2629cf19a67ec74a4d2a418488eeffc27ab65e31b091ed2cacab85c,2c5db03223bbbcff4ca638d648e5811ca2e9fb12bd8ccb9e53286531d471ebce
i25-lenient__generation_f__single_shot__none__r2,generation_f__single_shot__none,rejectsExcessiveName,input_rejection_policy,AssertionError: Invalid record was accepted by storeRun.,.local/iterations/i25-lenient/runs/i25-lenient__generation_f__single_shot__none__r2/submission-1/evaluation/report.json,d055bffbc2629cf19a67ec74a4d2a418488eeffc27ab65e31b091ed2cacab85c,2c5db03223bbbcff4ca638d648e5811ca2e9fb12bd8ccb9e53286531d471ebce
i25-lenient__generation_f__single_shot__none__r2,generation_f__single_shot__none,boundsRetainedEntries,retention_threshold,AssertionError: More than 100 entries retained.,.local/iterations/i25-lenient/runs/i25-lenient__generation_f__single_shot__none__r2/submission-1/evaluation/report.json,d055bffbc2629cf19a67ec74a4d2a418488eeffc27ab65e31b091ed2cacab85c,2c5db03223bbbcff4ca638d648e5811ca2e9fb12bd8ccb9e53286531d471ebce
i25-lenient__generation_f__single_shot__none__r2,generation_f__single_shot__none,oversizedPhysicalLine,observed_heap_exhaustion,OutOfMemoryError: Java heap space,.local/iterations/i25-lenient/runs/i25-lenient__generation_f__single_shot__none__r2/submission-1/evaluation/report.json,d055bffbc2629cf19a67ec74a4d2a418488eeffc27ab65e31b091ed2cacab85c,2c5db03223bbbcff4ca638d648e5811ca2e9fb12bd8ccb9e53286531d471ebce
i25-lenient__generation_s__single_shot__none__r2,generation_s__single_shot__none,rejectsNegativeScore,input_rejection_policy,AssertionError: Invalid record was accepted by storeRun.,.local/iterations/i25-lenient/runs/i25-lenient__generation_s__single_shot__none__r2/submission-1/evaluation/report.json,a463c7b02539c5b5c3e15f835f56f16e826727b8e2d66fe5fadb96d12bdd3c96,b00634123283479b80e49d0f72c111e55acf9c4be03b989f2aeceabf73b499d5
i25-lenient__generation_s__single_shot__none__r2,generation_s__single_shot__none,rejectsNegativeTime,input_rejection_policy,AssertionError: Invalid record was accepted by storeRun.,.local/iterations/i25-lenient/runs/i25-lenient__generation_s__single_shot__none__r2/submission-1/evaluation/report.json,a463c7b02539c5b5c3e15f835f56f16e826727b8e2d66fe5fadb96d12bdd3c96,b00634123283479b80e49d0f72c111e55acf9c4be03b989f2aeceabf73b499d5
i25-lenient__generation_s__single_shot__none__r2,generation_s__single_shot__none,rejectsNullName,input_rejection_policy,AssertionError: Invalid record was accepted by storeRun.,.local/iterations/i25-lenient/runs/i25-lenient__generation_s__single_shot__none__r2/submission-1/evaluation/report.json,a463c7b02539c5b5c3e15f835f56f16e826727b8e2d66fe5fadb96d12bdd3c96,b00634123283479b80e49d0f72c111e55acf9c4be03b989f2aeceabf73b499d5
i25-lenient__generation_s__single_shot__none__r2,generation_s__single_shot__none,rejectsBlankName,input_rejection_policy,AssertionError: Invalid record was accepted by storeRun.,.local/iterations/i25-lenient/runs/i25-lenient__generation_s__single_shot__none__r2/submission-1/evaluation/report.json,a463c7b02539c5b5c3e15f835f56f16e826727b8e2d66fe5fadb96d12bdd3c96,b00634123283479b80e49d0f72c111e55acf9c4be03b989f2aeceabf73b499d5
i25-lenient__generation_s__single_shot__none__r2,generation_s__single_shot__none,rejectsExcessiveName,input_rejection_policy,AssertionError: Invalid record was accepted by storeRun.,.local/iterations/i25-lenient/runs/i25-lenient__generation_s__single_shot__none__r2/submission-1/evaluation/report.json,a463c7b02539c5b5c3e15f835f56f16e826727b8e2d66fe5fadb96d12bdd3c96,b00634123283479b80e49d0f72c111e55acf9c4be03b989f2aeceabf73b499d5
i25-lenient__generation_s__single_shot__none__r2,generation_s__single_shot__none,boundsRetainedEntries,retention_threshold,AssertionError: More than 100 entries retained.,.local/iterations/i25-lenient/runs/i25-lenient__generation_s__single_shot__none__r2/submission-1/evaluation/report.json,a463c7b02539c5b5c3e15f835f56f16e826727b8e2d66fe5fadb96d12bdd3c96,b00634123283479b80e49d0f72c111e55acf9c4be03b989f2aeceabf73b499d5
i25-lenient__generation_s__single_shot__none__r2,generation_s__single_shot__none,oversizedPhysicalLine,observed_heap_exhaustion,OutOfMemoryError: Java heap space,.local/iterations/i25-lenient/runs/i25-lenient__generation_s__single_shot__none__r2/submission-1/evaluation/report.json,a463c7b02539c5b5c3e15f835f56f16e826727b8e2d66fe5fadb96d12bdd3c96,b00634123283479b80e49d0f72c111e55acf9c4be03b989f2aeceabf73b499d5
i25-lenient__reuse_sf__single_shot__none__r2,reuse_sf__single_shot__none,rejectsNegativeScore,input_rejection_policy,AssertionError: Invalid record was accepted by storeRun.,.local/iterations/i25-lenient/runs/i25-lenient__reuse_sf__single_shot__none__r2/submission-1/evaluation/report.json,165cff1f05aa5489a7fe0b4f75fc5e197d49cdfb73109b00f2f46b8ce31a2323,0905c2d1841d32bff570fe66ca64d984a9412b5e091fc7aad9e7b23ce349deda
i25-lenient__reuse_sf__single_shot__none__r2,reuse_sf__single_shot__none,rejectsNegativeTime,input_rejection_policy,AssertionError: Invalid record was accepted by storeRun.,.local/iterations/i25-lenient/runs/i25-lenient__reuse_sf__single_shot__none__r2/submission-1/evaluation/report.json,165cff1f05aa5489a7fe0b4f75fc5e197d49cdfb73109b00f2f46b8ce31a2323,0905c2d1841d32bff570fe66ca64d984a9412b5e091fc7aad9e7b23ce349deda
i25-lenient__reuse_sf__single_shot__none__r2,reuse_sf__single_shot__none,rejectsNullName,input_rejection_policy,AssertionError: Invalid record was accepted by storeRun.,.local/iterations/i25-lenient/runs/i25-lenient__reuse_sf__single_shot__none__r2/submission-1/evaluation/report.json,165cff1f05aa5489a7fe0b4f75fc5e197d49cdfb73109b00f2f46b8ce31a2323,0905c2d1841d32bff570fe66ca64d984a9412b5e091fc7aad9e7b23ce349deda
i25-lenient__reuse_sf__single_shot__none__r2,reuse_sf__single_shot__none,rejectsBlankName,input_rejection_policy,AssertionError: Invalid record was accepted by storeRun.,.local/iterations/i25-lenient/runs/i25-lenient__reuse_sf__single_shot__none__r2/submission-1/evaluation/report.json,165cff1f05aa5489a7fe0b4f75fc5e197d49cdfb73109b00f2f46b8ce31a2323,0905c2d1841d32bff570fe66ca64d984a9412b5e091fc7aad9e7b23ce349deda
i25-lenient__reuse_sf__single_shot__none__r2,reuse_sf__single_shot__none,rejectsExcessiveName,input_rejection_policy,AssertionError: Invalid record was accepted by storeRun.,.local/iterations/i25-lenient/runs/i25-lenient__reuse_sf__single_shot__none__r2/submission-1/evaluation/report.json,165cff1f05aa5489a7fe0b4f75fc5e197d49cdfb73109b00f2f46b8ce31a2323,0905c2d1841d32bff570fe66ca64d984a9412b5e091fc7aad9e7b23ce349deda
i25-lenient__reuse_sf__single_shot__none__r2,reuse_sf__single_shot__none,boundsRetainedEntries,retention_threshold,AssertionError: More than 100 entries retained.,.local/iterations/i25-lenient/runs/i25-lenient__reuse_sf__single_shot__none__r2/submission-1/evaluation/report.json,165cff1f05aa5489a7fe0b4f75fc5e197d49cdfb73109b00f2f46b8ce31a2323,0905c2d1841d32bff570fe66ca64d984a9412b5e091fc7aad9e7b23ce349deda
i25-lenient__generation_sf__single_shot__none__r2,generation_sf__single_shot__none,rejectsNegativeScore,input_rejection_policy,AssertionError: Invalid record was accepted by storeRun.,.local/iterations/i25-lenient/runs/i25-lenient__generation_sf__single_shot__none__r2/submission-1/evaluation/report.json,ba3c8eb1533b2829ba48dee3e98281c424735931c92566dbf5f09bb902ed3d42,d7ace3d5bf66f45627f7388d17fe32cec9450f7994e355edccea6077f25e31f5
i25-lenient__generation_sf__single_shot__none__r2,generation_sf__single_shot__none,rejectsNegativeTime,input_rejection_policy,AssertionError: Invalid record was accepted by storeRun.,.local/iterations/i25-lenient/runs/i25-lenient__generation_sf__single_shot__none__r2/submission-1/evaluation/report.json,ba3c8eb1533b2829ba48dee3e98281c424735931c92566dbf5f09bb902ed3d42,d7ace3d5bf66f45627f7388d17fe32cec9450f7994e355edccea6077f25e31f5
i25-lenient__generation_sf__single_shot__none__r2,generation_sf__single_shot__none,rejectsNullName,input_rejection_policy,AssertionError: Invalid record was accepted by storeRun.,.local/iterations/i25-lenient/runs/i25-lenient__generation_sf__single_shot__none__r2/submission-1/evaluation/report.json,ba3c8eb1533b2829ba48dee3e98281c424735931c92566dbf5f09bb902ed3d42,d7ace3d5bf66f45627f7388d17fe32cec9450f7994e355edccea6077f25e31f5
i25-lenient__generation_sf__single_shot__none__r2,generation_sf__single_shot__none,rejectsBlankName,input_rejection_policy,AssertionError: Invalid record was accepted by storeRun.,.local/iterations/i25-lenient/runs/i25-lenient__generation_sf__single_shot__none__r2/submission-1/evaluation/report.json,ba3c8eb1533b2829ba48dee3e98281c424735931c92566dbf5f09bb902ed3d42,d7ace3d5bf66f45627f7388d17fe32cec9450f7994e355edccea6077f25e31f5
i25-lenient__generation_sf__single_shot__none__r2,generation_sf__single_shot__none,rejectsExcessiveName,input_rejection_policy,AssertionError: Invalid record was accepted by storeRun.,.local/iterations/i25-lenient/runs/i25-lenient__generation_sf__single_shot__none__r2/submission-1/evaluation/report.json,ba3c8eb1533b2829ba48dee3e98281c424735931c92566dbf5f09bb902ed3d42,d7ace3d5bf66f45627f7388d17fe32cec9450f7994e355edccea6077f25e31f5
i25-lenient__generation_sf__single_shot__none__r2,generation_sf__single_shot__none,boundsRetainedEntries,retention_threshold,AssertionError: More than 100 entries retained.,.local/iterations/i25-lenient/runs/i25-lenient__generation_sf__single_shot__none__r2/submission-1/evaluation/report.json,ba3c8eb1533b2829ba48dee3e98281c424735931c92566dbf5f09bb902ed3d42,d7ace3d5bf66f45627f7388d17fe32cec9450f7994e355edccea6077f25e31f5
i25-lenient__generation_sf__single_shot__none__r2,generation_sf__single_shot__none,oversizedPhysicalLine,observed_heap_exhaustion,OutOfMemoryError: Java heap space,.local/iterations/i25-lenient/runs/i25-lenient__generation_sf__single_shot__none__r2/submission-1/evaluation/report.json,ba3c8eb1533b2829ba48dee3e98281c424735931c92566dbf5f09bb902ed3d42,d7ace3d5bf66f45627f7388d17fe32cec9450f7994e355edccea6077f25e31f5
i25-lenient__generation_sb__single_shot__none__r2,generation_sb__single_shot__none,rejectsNegativeScore,input_rejection_policy,AssertionError: Invalid record was accepted by storeRun.,.local/iterations/i25-lenient/runs/i25-lenient__generation_sb__single_shot__none__r2/submission-1/evaluation/report.json,8fa79712d8da9fe9db3e5243d20df02588abb3f58cb8160e03c4db3b0786879b,36746c16ce6ba8ac1b13c39aa4d779a0b3cf4fc2bf3726a67254bb1350f1f410
i25-lenient__generation_sb__single_shot__none__r2,generation_sb__single_shot__none,rejectsNegativeTime,input_rejection_policy,AssertionError: Invalid record was accepted by storeRun.,.local/iterations/i25-lenient/runs/i25-lenient__generation_sb__single_shot__none__r2/submission-1/evaluation/report.json,8fa79712d8da9fe9db3e5243d20df02588abb3f58cb8160e03c4db3b0786879b,36746c16ce6ba8ac1b13c39aa4d779a0b3cf4fc2bf3726a67254bb1350f1f410
i25-lenient__generation_sb__single_shot__none__r2,generation_sb__single_shot__none,rejectsNullName,input_rejection_policy,AssertionError: Invalid record was accepted by storeRun.,.local/iterations/i25-lenient/runs/i25-lenient__generation_sb__single_shot__none__r2/submission-1/evaluation/report.json,8fa79712d8da9fe9db3e5243d20df02588abb3f58cb8160e03c4db3b0786879b,36746c16ce6ba8ac1b13c39aa4d779a0b3cf4fc2bf3726a67254bb1350f1f410
i25-lenient__generation_sb__single_shot__none__r2,generation_sb__single_shot__none,rejectsBlankName,input_rejection_policy,AssertionError: Invalid record was accepted by storeRun.,.local/iterations/i25-lenient/runs/i25-lenient__generation_sb__single_shot__none__r2/submission-1/evaluation/report.json,8fa79712d8da9fe9db3e5243d20df02588abb3f58cb8160e03c4db3b0786879b,36746c16ce6ba8ac1b13c39aa4d779a0b3cf4fc2bf3726a67254bb1350f1f410
i25-lenient__generation_sb__single_shot__none__r2,generation_sb__single_shot__none,rejectsExcessiveName,input_rejection_policy,AssertionError: Invalid record was accepted by storeRun.,.local/iterations/i25-lenient/runs/i25-lenient__generation_sb__single_shot__none__r2/submission-1/evaluation/report.json,8fa79712d8da9fe9db3e5243d20df02588abb3f58cb8160e03c4db3b0786879b,36746c16ce6ba8ac1b13c39aa4d779a0b3cf4fc2bf3726a67254bb1350f1f410
i25-lenient__generation_sb__single_shot__none__r2,generation_sb__single_shot__none,boundsRetainedEntries,retention_threshold,AssertionError: More than 100 entries retained.,.local/iterations/i25-lenient/runs/i25-lenient__generation_sb__single_shot__none__r2/submission-1/evaluation/report.json,8fa79712d8da9fe9db3e5243d20df02588abb3f58cb8160e03c4db3b0786879b,36746c16ce6ba8ac1b13c39aa4d779a0b3cf4fc2bf3726a67254bb1350f1f410
i25-lenient__generation_fb__single_shot__none__r2,generation_fb__single_shot__none,rejectsNegativeScore,input_rejection_policy,AssertionError: Invalid record was accepted by storeRun.,.local/iterations/i25-lenient/runs/i25-lenient__generation_fb__single_shot__none__r2/submission-1/evaluation/report.json,bc7467b2e8fa0637c695987efb38d05238630f19f2406979ad409db19895f0ae,4efc7ce5d367a97693afeea6ffd825e3190b0007f0eab905aa67c64ead8a01be
i25-lenient__generation_fb__single_shot__none__r2,generation_fb__single_shot__none,rejectsNegativeTime,input_rejection_policy,AssertionError: Invalid record was accepted by storeRun.,.local/iterations/i25-lenient/runs/i25-lenient__generation_fb__single_shot__none__r2/submission-1/evaluation/report.json,bc7467b2e8fa0637c695987efb38d05238630f19f2406979ad409db19895f0ae,4efc7ce5d367a97693afeea6ffd825e3190b0007f0eab905aa67c64ead8a01be
i25-lenient__generation_fb__single_shot__none__r2,generation_fb__single_shot__none,rejectsNullName,input_rejection_policy,AssertionError: Invalid record was accepted by storeRun.,.local/iterations/i25-lenient/runs/i25-lenient__generation_fb__single_shot__none__r2/submission-1/evaluation/report.json,bc7467b2e8fa0637c695987efb38d05238630f19f2406979ad409db19895f0ae,4efc7ce5d367a97693afeea6ffd825e3190b0007f0eab905aa67c64ead8a01be
i25-lenient__generation_fb__single_shot__none__r2,generation_fb__single_shot__none,rejectsBlankName,input_rejection_policy,AssertionError: Invalid record was accepted by storeRun.,.local/iterations/i25-lenient/runs/i25-lenient__generation_fb__single_shot__none__r2/submission-1/evaluation/report.json,bc7467b2e8fa0637c695987efb38d05238630f19f2406979ad409db19895f0ae,4efc7ce5d367a97693afeea6ffd825e3190b0007f0eab905aa67c64ead8a01be
i25-lenient__generation_fb__single_shot__none__r2,generation_fb__single_shot__none,rejectsExcessiveName,input_rejection_policy,AssertionError: Invalid record was accepted by storeRun.,.local/iterations/i25-lenient/runs/i25-lenient__generation_fb__single_shot__none__r2/submission-1/evaluation/report.json,bc7467b2e8fa0637c695987efb38d05238630f19f2406979ad409db19895f0ae,4efc7ce5d367a97693afeea6ffd825e3190b0007f0eab905aa67c64ead8a01be
i25-lenient__generation_fb__single_shot__none__r2,generation_fb__single_shot__none,boundsRetainedEntries,retention_threshold,AssertionError: More than 100 entries retained.,.local/iterations/i25-lenient/runs/i25-lenient__generation_fb__single_shot__none__r2/submission-1/evaluation/report.json,bc7467b2e8fa0637c695987efb38d05238630f19f2406979ad409db19895f0ae,4efc7ce5d367a97693afeea6ffd825e3190b0007f0eab905aa67c64ead8a01be
i25-lenient__generation_fb__single_shot__none__r2,generation_fb__single_shot__none,oversizedPhysicalLine,observed_heap_exhaustion,OutOfMemoryError: Java heap space,.local/iterations/i25-lenient/runs/i25-lenient__generation_fb__single_shot__none__r2/submission-1/evaluation/report.json,bc7467b2e8fa0637c695987efb38d05238630f19f2406979ad409db19895f0ae,4efc7ce5d367a97693afeea6ffd825e3190b0007f0eab905aa67c64ead8a01be
i25-lenient__reuse_fb__single_shot__none__r2,reuse_fb__single_shot__none,rejectsNegativeScore,input_rejection_policy,AssertionError: Invalid record was accepted by storeRun.,.local/iterations/i25-lenient/runs/i25-lenient__reuse_fb__single_shot__none__r2/submission-1/evaluation/report.json,36c8e8e32ecccdce92b25a2a6c0f4972ca1ac3f384b4d627ad45418569251a3a,61f70a672d67d12bef25b360d677b66fcb586a93676d902ac42b35b800f992cc
i25-lenient__reuse_fb__single_shot__none__r2,reuse_fb__single_shot__none,rejectsNegativeTime,input_rejection_policy,AssertionError: Invalid record was accepted by storeRun.,.local/iterations/i25-lenient/runs/i25-lenient__reuse_fb__single_shot__none__r2/submission-1/evaluation/report.json,36c8e8e32ecccdce92b25a2a6c0f4972ca1ac3f384b4d627ad45418569251a3a,61f70a672d67d12bef25b360d677b66fcb586a93676d902ac42b35b800f992cc
i25-lenient__reuse_fb__single_shot__none__r2,reuse_fb__single_shot__none,rejectsNullName,input_rejection_policy,AssertionError: Invalid record was accepted by storeRun.,.local/iterations/i25-lenient/runs/i25-lenient__reuse_fb__single_shot__none__r2/submission-1/evaluation/report.json,36c8e8e32ecccdce92b25a2a6c0f4972ca1ac3f384b4d627ad45418569251a3a,61f70a672d67d12bef25b360d677b66fcb586a93676d902ac42b35b800f992cc
i25-lenient__reuse_fb__single_shot__none__r2,reuse_fb__single_shot__none,rejectsBlankName,input_rejection_policy,AssertionError: Invalid record was accepted by storeRun.,.local/iterations/i25-lenient/runs/i25-lenient__reuse_fb__single_shot__none__r2/submission-1/evaluation/report.json,36c8e8e32ecccdce92b25a2a6c0f4972ca1ac3f384b4d627ad45418569251a3a,61f70a672d67d12bef25b360d677b66fcb586a93676d902ac42b35b800f992cc
i25-lenient__reuse_fb__single_shot__none__r2,reuse_fb__single_shot__none,rejectsExcessiveName,input_rejection_policy,AssertionError: Invalid record was accepted by storeRun.,.local/iterations/i25-lenient/runs/i25-lenient__reuse_fb__single_shot__none__r2/submission-1/evaluation/report.json,36c8e8e32ecccdce92b25a2a6c0f4972ca1ac3f384b4d627ad45418569251a3a,61f70a672d67d12bef25b360d677b66fcb586a93676d902ac42b35b800f992cc
i25-lenient__reuse_fb__single_shot__none__r2,reuse_fb__single_shot__none,boundsRetainedEntries,retention_threshold,AssertionError: More than 100 entries retained.,.local/iterations/i25-lenient/runs/i25-lenient__reuse_fb__single_shot__none__r2/submission-1/evaluation/report.json,36c8e8e32ecccdce92b25a2a6c0f4972ca1ac3f384b4d627ad45418569251a3a,61f70a672d67d12bef25b360d677b66fcb586a93676d902ac42b35b800f992cc
i25-lenient__reuse_none__single_shot__none__r2,reuse_none__single_shot__none,rejectsNegativeScore,input_rejection_policy,AssertionError: Invalid record was accepted by storeRun.,.local/iterations/i25-lenient/runs/i25-lenient__reuse_none__single_shot__none__r2/submission-1/evaluation/report.json,ff1fcdac92bb79e959b15aeca3811ef825b60146b8df9ff5ec132a08a675d16f,542addc749a89441030697b544a11d0dd23bc16b65b2f5fdae0939083235764a
i25-lenient__reuse_none__single_shot__none__r2,reuse_none__single_shot__none,rejectsNegativeTime,input_rejection_policy,AssertionError: Invalid record was accepted by storeRun.,.local/iterations/i25-lenient/runs/i25-lenient__reuse_none__single_shot__none__r2/submission-1/evaluation/report.json,ff1fcdac92bb79e959b15aeca3811ef825b60146b8df9ff5ec132a08a675d16f,542addc749a89441030697b544a11d0dd23bc16b65b2f5fdae0939083235764a
i25-lenient__reuse_none__single_shot__none__r2,reuse_none__single_shot__none,rejectsNullName,input_rejection_policy,AssertionError: Invalid record was accepted by storeRun.,.local/iterations/i25-lenient/runs/i25-lenient__reuse_none__single_shot__none__r2/submission-1/evaluation/report.json,ff1fcdac92bb79e959b15aeca3811ef825b60146b8df9ff5ec132a08a675d16f,542addc749a89441030697b544a11d0dd23bc16b65b2f5fdae0939083235764a
i25-lenient__reuse_none__single_shot__none__r2,reuse_none__single_shot__none,rejectsBlankName,input_rejection_policy,AssertionError: Invalid record was accepted by storeRun.,.local/iterations/i25-lenient/runs/i25-lenient__reuse_none__single_shot__none__r2/submission-1/evaluation/report.json,ff1fcdac92bb79e959b15aeca3811ef825b60146b8df9ff5ec132a08a675d16f,542addc749a89441030697b544a11d0dd23bc16b65b2f5fdae0939083235764a
i25-lenient__reuse_none__single_shot__none__r2,reuse_none__single_shot__none,rejectsExcessiveName,input_rejection_policy,AssertionError: Invalid record was accepted by storeRun.,.local/iterations/i25-lenient/runs/i25-lenient__reuse_none__single_shot__none__r2/submission-1/evaluation/report.json,ff1fcdac92bb79e959b15aeca3811ef825b60146b8df9ff5ec132a08a675d16f,542addc749a89441030697b544a11d0dd23bc16b65b2f5fdae0939083235764a
i25-lenient__reuse_none__single_shot__none__r2,reuse_none__single_shot__none,boundsRetainedEntries,retention_threshold,AssertionError: More than 100 entries retained.,.local/iterations/i25-lenient/runs/i25-lenient__reuse_none__single_shot__none__r2/submission-1/evaluation/report.json,ff1fcdac92bb79e959b15aeca3811ef825b60146b8df9ff5ec132a08a675d16f,542addc749a89441030697b544a11d0dd23bc16b65b2f5fdae0939083235764a
i25-lenient__reuse_sb__single_shot__none__r2,reuse_sb__single_shot__none,rejectsNegativeScore,input_rejection_policy,AssertionError: Invalid record was accepted by storeRun.,.local/iterations/i25-lenient/runs/i25-lenient__reuse_sb__single_shot__none__r2/submission-1/evaluation/report.json,2e4af4fcaafda237795807bdc90886bdca822773b013785f36b7eeada7951cf1,6b249008fcdf003b770334e092547be52d19b804f10477618ce3fa9986a7d827
i25-lenient__reuse_sb__single_shot__none__r2,reuse_sb__single_shot__none,rejectsNegativeTime,input_rejection_policy,AssertionError: Invalid record was accepted by storeRun.,.local/iterations/i25-lenient/runs/i25-lenient__reuse_sb__single_shot__none__r2/submission-1/evaluation/report.json,2e4af4fcaafda237795807bdc90886bdca822773b013785f36b7eeada7951cf1,6b249008fcdf003b770334e092547be52d19b804f10477618ce3fa9986a7d827
i25-lenient__reuse_sb__single_shot__none__r2,reuse_sb__single_shot__none,rejectsNullName,input_rejection_policy,AssertionError: Invalid record was accepted by storeRun.,.local/iterations/i25-lenient/runs/i25-lenient__reuse_sb__single_shot__none__r2/submission-1/evaluation/report.json,2e4af4fcaafda237795807bdc90886bdca822773b013785f36b7eeada7951cf1,6b249008fcdf003b770334e092547be52d19b804f10477618ce3fa9986a7d827
i25-lenient__reuse_sb__single_shot__none__r2,reuse_sb__single_shot__none,rejectsBlankName,input_rejection_policy,AssertionError: Invalid record was accepted by storeRun.,.local/iterations/i25-lenient/runs/i25-lenient__reuse_sb__single_shot__none__r2/submission-1/evaluation/report.json,2e4af4fcaafda237795807bdc90886bdca822773b013785f36b7eeada7951cf1,6b249008fcdf003b770334e092547be52d19b804f10477618ce3fa9986a7d827
i25-lenient__reuse_sb__single_shot__none__r2,reuse_sb__single_shot__none,rejectsExcessiveName,input_rejection_policy,AssertionError: Invalid record was accepted by storeRun.,.local/iterations/i25-lenient/runs/i25-lenient__reuse_sb__single_shot__none__r2/submission-1/evaluation/report.json,2e4af4fcaafda237795807bdc90886bdca822773b013785f36b7eeada7951cf1,6b249008fcdf003b770334e092547be52d19b804f10477618ce3fa9986a7d827
i25-lenient__reuse_sb__single_shot__none__r2,reuse_sb__single_shot__none,boundsRetainedEntries,retention_threshold,AssertionError: More than 100 entries retained.,.local/iterations/i25-lenient/runs/i25-lenient__reuse_sb__single_shot__none__r2/submission-1/evaluation/report.json,2e4af4fcaafda237795807bdc90886bdca822773b013785f36b7eeada7951cf1,6b249008fcdf003b770334e092547be52d19b804f10477618ce3fa9986a7d827
i25-lenient__reuse_f__single_shot__none__r3,reuse_f__single_shot__none,rejectsNegativeScore,input_rejection_policy,AssertionError: Invalid record was accepted by storeRun.,.local/iterations/i25-lenient/runs/i25-lenient__reuse_f__single_shot__none__r3/submission-1/evaluation/report.json,8d7f7e68bb027e23380dfacd1fc923b7d0ae3b00a931d01e66de62675ee34523,e38b58f3959569fc2633989e3750ecbdef7128e9ffe7ac0c8c4971fd4568aac2
i25-lenient__reuse_f__single_shot__none__r3,reuse_f__single_shot__none,rejectsNegativeTime,input_rejection_policy,AssertionError: Invalid record was accepted by storeRun.,.local/iterations/i25-lenient/runs/i25-lenient__reuse_f__single_shot__none__r3/submission-1/evaluation/report.json,8d7f7e68bb027e23380dfacd1fc923b7d0ae3b00a931d01e66de62675ee34523,e38b58f3959569fc2633989e3750ecbdef7128e9ffe7ac0c8c4971fd4568aac2
i25-lenient__reuse_f__single_shot__none__r3,reuse_f__single_shot__none,rejectsNullName,input_rejection_policy,AssertionError: Invalid record was accepted by storeRun.,.local/iterations/i25-lenient/runs/i25-lenient__reuse_f__single_shot__none__r3/submission-1/evaluation/report.json,8d7f7e68bb027e23380dfacd1fc923b7d0ae3b00a931d01e66de62675ee34523,e38b58f3959569fc2633989e3750ecbdef7128e9ffe7ac0c8c4971fd4568aac2
i25-lenient__reuse_f__single_shot__none__r3,reuse_f__single_shot__none,rejectsBlankName,input_rejection_policy,AssertionError: Invalid record was accepted by storeRun.,.local/iterations/i25-lenient/runs/i25-lenient__reuse_f__single_shot__none__r3/submission-1/evaluation/report.json,8d7f7e68bb027e23380dfacd1fc923b7d0ae3b00a931d01e66de62675ee34523,e38b58f3959569fc2633989e3750ecbdef7128e9ffe7ac0c8c4971fd4568aac2
i25-lenient__reuse_f__single_shot__none__r3,reuse_f__single_shot__none,rejectsExcessiveName,input_rejection_policy,AssertionError: Invalid record was accepted by storeRun.,.local/iterations/i25-lenient/runs/i25-lenient__reuse_f__single_shot__none__r3/submission-1/evaluation/report.json,8d7f7e68bb027e23380dfacd1fc923b7d0ae3b00a931d01e66de62675ee34523,e38b58f3959569fc2633989e3750ecbdef7128e9ffe7ac0c8c4971fd4568aac2
i25-lenient__reuse_f__single_shot__none__r3,reuse_f__single_shot__none,oversizedPhysicalLine,observed_heap_exhaustion,OutOfMemoryError: Java heap space,.local/iterations/i25-lenient/runs/i25-lenient__reuse_f__single_shot__none__r3/submission-1/evaluation/report.json,8d7f7e68bb027e23380dfacd1fc923b7d0ae3b00a931d01e66de62675ee34523,e38b58f3959569fc2633989e3750ecbdef7128e9ffe7ac0c8c4971fd4568aac2
i25-lenient__reuse_sfb__single_shot__none__r3,reuse_sfb__single_shot__none,rejectsNegativeScore,input_rejection_policy,AssertionError: Invalid record was accepted by storeRun.,.local/iterations/i25-lenient/runs/i25-lenient__reuse_sfb__single_shot__none__r3/submission-1/evaluation/report.json,32963e493d0d02fa2605b3a17f006c3d23c623fdf481407f12f9320f08ec65ad,78ffdd0978b716704f3020c778b5d79cc47081d10bf190f315870db7890f3227
i25-lenient__reuse_sfb__single_shot__none__r3,reuse_sfb__single_shot__none,rejectsNegativeTime,input_rejection_policy,AssertionError: Invalid record was accepted by storeRun.,.local/iterations/i25-lenient/runs/i25-lenient__reuse_sfb__single_shot__none__r3/submission-1/evaluation/report.json,32963e493d0d02fa2605b3a17f006c3d23c623fdf481407f12f9320f08ec65ad,78ffdd0978b716704f3020c778b5d79cc47081d10bf190f315870db7890f3227
i25-lenient__reuse_sfb__single_shot__none__r3,reuse_sfb__single_shot__none,rejectsNullName,input_rejection_policy,AssertionError: Invalid record was accepted by storeRun.,.local/iterations/i25-lenient/runs/i25-lenient__reuse_sfb__single_shot__none__r3/submission-1/evaluation/report.json,32963e493d0d02fa2605b3a17f006c3d23c623fdf481407f12f9320f08ec65ad,78ffdd0978b716704f3020c778b5d79cc47081d10bf190f315870db7890f3227
i25-lenient__reuse_sfb__single_shot__none__r3,reuse_sfb__single_shot__none,rejectsBlankName,input_rejection_policy,AssertionError: Invalid record was accepted by storeRun.,.local/iterations/i25-lenient/runs/i25-lenient__reuse_sfb__single_shot__none__r3/submission-1/evaluation/report.json,32963e493d0d02fa2605b3a17f006c3d23c623fdf481407f12f9320f08ec65ad,78ffdd0978b716704f3020c778b5d79cc47081d10bf190f315870db7890f3227
i25-lenient__reuse_sfb__single_shot__none__r3,reuse_sfb__single_shot__none,rejectsExcessiveName,input_rejection_policy,AssertionError: Invalid record was accepted by storeRun.,.local/iterations/i25-lenient/runs/i25-lenient__reuse_sfb__single_shot__none__r3/submission-1/evaluation/report.json,32963e493d0d02fa2605b3a17f006c3d23c623fdf481407f12f9320f08ec65ad,78ffdd0978b716704f3020c778b5d79cc47081d10bf190f315870db7890f3227
i25-lenient__generation_sb__single_shot__none__r3,generation_sb__single_shot__none,rejectsNegativeScore,input_rejection_policy,AssertionError: Invalid record was accepted by storeRun.,.local/iterations/i25-lenient/runs/i25-lenient__generation_sb__single_shot__none__r3/submission-1/evaluation/report.json,4d867e1a786f4b22c825abd1d9ffe4c827f024c5f95980b120d7a0ee41afcdf9,5b297261aa8204e93912e37acca66bea2b5c8540db0dc992c3028bd96351afbd
i25-lenient__generation_sb__single_shot__none__r3,generation_sb__single_shot__none,rejectsNegativeTime,input_rejection_policy,AssertionError: Invalid record was accepted by storeRun.,.local/iterations/i25-lenient/runs/i25-lenient__generation_sb__single_shot__none__r3/submission-1/evaluation/report.json,4d867e1a786f4b22c825abd1d9ffe4c827f024c5f95980b120d7a0ee41afcdf9,5b297261aa8204e93912e37acca66bea2b5c8540db0dc992c3028bd96351afbd
i25-lenient__generation_sb__single_shot__none__r3,generation_sb__single_shot__none,rejectsNullName,input_rejection_policy,AssertionError: Invalid record was accepted by storeRun.,.local/iterations/i25-lenient/runs/i25-lenient__generation_sb__single_shot__none__r3/submission-1/evaluation/report.json,4d867e1a786f4b22c825abd1d9ffe4c827f024c5f95980b120d7a0ee41afcdf9,5b297261aa8204e93912e37acca66bea2b5c8540db0dc992c3028bd96351afbd
i25-lenient__generation_sb__single_shot__none__r3,generation_sb__single_shot__none,rejectsBlankName,input_rejection_policy,AssertionError: Invalid record was accepted by storeRun.,.local/iterations/i25-lenient/runs/i25-lenient__generation_sb__single_shot__none__r3/submission-1/evaluation/report.json,4d867e1a786f4b22c825abd1d9ffe4c827f024c5f95980b120d7a0ee41afcdf9,5b297261aa8204e93912e37acca66bea2b5c8540db0dc992c3028bd96351afbd
i25-lenient__generation_sb__single_shot__none__r3,generation_sb__single_shot__none,rejectsExcessiveName,input_rejection_policy,AssertionError: Invalid record was accepted by storeRun.,.local/iterations/i25-lenient/runs/i25-lenient__generation_sb__single_shot__none__r3/submission-1/evaluation/report.json,4d867e1a786f4b22c825abd1d9ffe4c827f024c5f95980b120d7a0ee41afcdf9,5b297261aa8204e93912e37acca66bea2b5c8540db0dc992c3028bd96351afbd
i25-lenient__generation_sb__single_shot__none__r3,generation_sb__single_shot__none,boundsRetainedEntries,retention_threshold,AssertionError: More than 100 entries retained.,.local/iterations/i25-lenient/runs/i25-lenient__generation_sb__single_shot__none__r3/submission-1/evaluation/report.json,4d867e1a786f4b22c825abd1d9ffe4c827f024c5f95980b120d7a0ee41afcdf9,5b297261aa8204e93912e37acca66bea2b5c8540db0dc992c3028bd96351afbd
i25-lenient__generation_sb__single_shot__none__r3,generation_sb__single_shot__none,oversizedPhysicalLine,observed_heap_exhaustion,OutOfMemoryError: Java heap space,.local/iterations/i25-lenient/runs/i25-lenient__generation_sb__single_shot__none__r3/submission-1/evaluation/report.json,4d867e1a786f4b22c825abd1d9ffe4c827f024c5f95980b120d7a0ee41afcdf9,5b297261aa8204e93912e37acca66bea2b5c8540db0dc992c3028bd96351afbd
i25-lenient__reuse_sf__single_shot__none__r3,reuse_sf__single_shot__none,rejectsNegativeScore,input_rejection_policy,AssertionError: Invalid record was accepted by storeRun.,.local/iterations/i25-lenient/runs/i25-lenient__reuse_sf__single_shot__none__r3/submission-1/evaluation/report.json,e00a934667a6b31eccfdded959c3b15f86862ab6c909f917e6c7ff0bac06d927,7caaaad66e715088e12504ca261469765748ce31448fd9f0be8aaf602fecf0ff
i25-lenient__reuse_sf__single_shot__none__r3,reuse_sf__single_shot__none,rejectsNegativeTime,input_rejection_policy,AssertionError: Invalid record was accepted by storeRun.,.local/iterations/i25-lenient/runs/i25-lenient__reuse_sf__single_shot__none__r3/submission-1/evaluation/report.json,e00a934667a6b31eccfdded959c3b15f86862ab6c909f917e6c7ff0bac06d927,7caaaad66e715088e12504ca261469765748ce31448fd9f0be8aaf602fecf0ff
i25-lenient__reuse_sf__single_shot__none__r3,reuse_sf__single_shot__none,rejectsNullName,input_rejection_policy,AssertionError: Invalid record was accepted by storeRun.,.local/iterations/i25-lenient/runs/i25-lenient__reuse_sf__single_shot__none__r3/submission-1/evaluation/report.json,e00a934667a6b31eccfdded959c3b15f86862ab6c909f917e6c7ff0bac06d927,7caaaad66e715088e12504ca261469765748ce31448fd9f0be8aaf602fecf0ff
i25-lenient__reuse_sf__single_shot__none__r3,reuse_sf__single_shot__none,rejectsBlankName,input_rejection_policy,AssertionError: Invalid record was accepted by storeRun.,.local/iterations/i25-lenient/runs/i25-lenient__reuse_sf__single_shot__none__r3/submission-1/evaluation/report.json,e00a934667a6b31eccfdded959c3b15f86862ab6c909f917e6c7ff0bac06d927,7caaaad66e715088e12504ca261469765748ce31448fd9f0be8aaf602fecf0ff
i25-lenient__reuse_sf__single_shot__none__r3,reuse_sf__single_shot__none,rejectsExcessiveName,input_rejection_policy,AssertionError: Invalid record was accepted by storeRun.,.local/iterations/i25-lenient/runs/i25-lenient__reuse_sf__single_shot__none__r3/submission-1/evaluation/report.json,e00a934667a6b31eccfdded959c3b15f86862ab6c909f917e6c7ff0bac06d927,7caaaad66e715088e12504ca261469765748ce31448fd9f0be8aaf602fecf0ff
i25-lenient__reuse_sf__single_shot__none__r3,reuse_sf__single_shot__none,boundsRetainedEntries,retention_threshold,AssertionError: More than 100 entries retained.,.local/iterations/i25-lenient/runs/i25-lenient__reuse_sf__single_shot__none__r3/submission-1/evaluation/report.json,e00a934667a6b31eccfdded959c3b15f86862ab6c909f917e6c7ff0bac06d927,7caaaad66e715088e12504ca261469765748ce31448fd9f0be8aaf602fecf0ff
i25-lenient__generation_sf__single_shot__none__r3,generation_sf__single_shot__none,rejectsNegativeScore,input_rejection_policy,AssertionError: Invalid record was accepted by storeRun.,.local/iterations/i25-lenient/runs/i25-lenient__generation_sf__single_shot__none__r3/submission-1/evaluation/report.json,f99111547f373d1861af8ba8a3cc7682b60c29b3783301b0bd47ba868d04a380,7746cf01867fdc04d65986ee45eb138f19dd64d8127268c06ca28171aa85199c
i25-lenient__generation_sf__single_shot__none__r3,generation_sf__single_shot__none,rejectsNegativeTime,input_rejection_policy,AssertionError: Invalid record was accepted by storeRun.,.local/iterations/i25-lenient/runs/i25-lenient__generation_sf__single_shot__none__r3/submission-1/evaluation/report.json,f99111547f373d1861af8ba8a3cc7682b60c29b3783301b0bd47ba868d04a380,7746cf01867fdc04d65986ee45eb138f19dd64d8127268c06ca28171aa85199c
i25-lenient__generation_sf__single_shot__none__r3,generation_sf__single_shot__none,rejectsNullName,input_rejection_policy,AssertionError: Invalid record was accepted by storeRun.,.local/iterations/i25-lenient/runs/i25-lenient__generation_sf__single_shot__none__r3/submission-1/evaluation/report.json,f99111547f373d1861af8ba8a3cc7682b60c29b3783301b0bd47ba868d04a380,7746cf01867fdc04d65986ee45eb138f19dd64d8127268c06ca28171aa85199c
i25-lenient__generation_sf__single_shot__none__r3,generation_sf__single_shot__none,rejectsBlankName,input_rejection_policy,AssertionError: Invalid record was accepted by storeRun.,.local/iterations/i25-lenient/runs/i25-lenient__generation_sf__single_shot__none__r3/submission-1/evaluation/report.json,f99111547f373d1861af8ba8a3cc7682b60c29b3783301b0bd47ba868d04a380,7746cf01867fdc04d65986ee45eb138f19dd64d8127268c06ca28171aa85199c
i25-lenient__generation_sf__single_shot__none__r3,generation_sf__single_shot__none,rejectsExcessiveName,input_rejection_policy,AssertionError: Invalid record was accepted by storeRun.,.local/iterations/i25-lenient/runs/i25-lenient__generation_sf__single_shot__none__r3/submission-1/evaluation/report.json,f99111547f373d1861af8ba8a3cc7682b60c29b3783301b0bd47ba868d04a380,7746cf01867fdc04d65986ee45eb138f19dd64d8127268c06ca28171aa85199c
i25-lenient__generation_sf__single_shot__none__r3,generation_sf__single_shot__none,boundsRetainedEntries,retention_threshold,AssertionError: More than 100 entries retained.,.local/iterations/i25-lenient/runs/i25-lenient__generation_sf__single_shot__none__r3/submission-1/evaluation/report.json,f99111547f373d1861af8ba8a3cc7682b60c29b3783301b0bd47ba868d04a380,7746cf01867fdc04d65986ee45eb138f19dd64d8127268c06ca28171aa85199c
i25-lenient__generation_sf__single_shot__none__r3,generation_sf__single_shot__none,oversizedPhysicalLine,observed_heap_exhaustion,OutOfMemoryError: Java heap space,.local/iterations/i25-lenient/runs/i25-lenient__generation_sf__single_shot__none__r3/submission-1/evaluation/report.json,f99111547f373d1861af8ba8a3cc7682b60c29b3783301b0bd47ba868d04a380,7746cf01867fdc04d65986ee45eb138f19dd64d8127268c06ca28171aa85199c
i25-lenient__generation_f__single_shot__none__r3,generation_f__single_shot__none,rejectsNegativeScore,input_rejection_policy,AssertionError: Invalid record was accepted by storeRun.,.local/iterations/i25-lenient/runs/i25-lenient__generation_f__single_shot__none__r3/submission-1/evaluation/report.json,ae9e901c3e820ffd02b372aa22db309689b11a635df5f4d446f22bee5ae853e6,3ed11cbfc46cc67aa7bef46cd71f13d697ef495d64372899b8c30288874ce93e
i25-lenient__generation_f__single_shot__none__r3,generation_f__single_shot__none,rejectsNegativeTime,input_rejection_policy,AssertionError: Invalid record was accepted by storeRun.,.local/iterations/i25-lenient/runs/i25-lenient__generation_f__single_shot__none__r3/submission-1/evaluation/report.json,ae9e901c3e820ffd02b372aa22db309689b11a635df5f4d446f22bee5ae853e6,3ed11cbfc46cc67aa7bef46cd71f13d697ef495d64372899b8c30288874ce93e
i25-lenient__generation_f__single_shot__none__r3,generation_f__single_shot__none,rejectsNullName,input_rejection_policy,AssertionError: Invalid record was accepted by storeRun.,.local/iterations/i25-lenient/runs/i25-lenient__generation_f__single_shot__none__r3/submission-1/evaluation/report.json,ae9e901c3e820ffd02b372aa22db309689b11a635df5f4d446f22bee5ae853e6,3ed11cbfc46cc67aa7bef46cd71f13d697ef495d64372899b8c30288874ce93e
i25-lenient__generation_f__single_shot__none__r3,generation_f__single_shot__none,rejectsBlankName,input_rejection_policy,AssertionError: Invalid record was accepted by storeRun.,.local/iterations/i25-lenient/runs/i25-lenient__generation_f__single_shot__none__r3/submission-1/evaluation/report.json,ae9e901c3e820ffd02b372aa22db309689b11a635df5f4d446f22bee5ae853e6,3ed11cbfc46cc67aa7bef46cd71f13d697ef495d64372899b8c30288874ce93e
i25-lenient__generation_f__single_shot__none__r3,generation_f__single_shot__none,rejectsExcessiveName,input_rejection_policy,AssertionError: Invalid record was accepted by storeRun.,.local/iterations/i25-lenient/runs/i25-lenient__generation_f__single_shot__none__r3/submission-1/evaluation/report.json,ae9e901c3e820ffd02b372aa22db309689b11a635df5f4d446f22bee5ae853e6,3ed11cbfc46cc67aa7bef46cd71f13d697ef495d64372899b8c30288874ce93e
i25-lenient__generation_f__single_shot__none__r3,generation_f__single_shot__none,boundsRetainedEntries,retention_threshold,AssertionError: More than 100 entries retained.,.local/iterations/i25-lenient/runs/i25-lenient__generation_f__single_shot__none__r3/submission-1/evaluation/report.json,ae9e901c3e820ffd02b372aa22db309689b11a635df5f4d446f22bee5ae853e6,3ed11cbfc46cc67aa7bef46cd71f13d697ef495d64372899b8c30288874ce93e
i25-lenient__generation_f__single_shot__none__r3,generation_f__single_shot__none,oversizedPhysicalLine,observed_heap_exhaustion,OutOfMemoryError: Java heap space,.local/iterations/i25-lenient/runs/i25-lenient__generation_f__single_shot__none__r3/submission-1/evaluation/report.json,ae9e901c3e820ffd02b372aa22db309689b11a635df5f4d446f22bee5ae853e6,3ed11cbfc46cc67aa7bef46cd71f13d697ef495d64372899b8c30288874ce93e
i25-lenient__generation_s__single_shot__none__r3,generation_s__single_shot__none,rejectsNegativeScore,input_rejection_policy,AssertionError: Invalid record was accepted by storeRun.,.local/iterations/i25-lenient/runs/i25-lenient__generation_s__single_shot__none__r3/submission-1/evaluation/report.json,f4554383c64195f7ab4d3f2aee39a32299aab1cd9e544d612b6a4c270bb4d58b,a070a8d9c3695080a801c71973b452dcb07701c232307e2ecf294c093fb6b84f
i25-lenient__generation_s__single_shot__none__r3,generation_s__single_shot__none,rejectsNegativeTime,input_rejection_policy,AssertionError: Invalid record was accepted by storeRun.,.local/iterations/i25-lenient/runs/i25-lenient__generation_s__single_shot__none__r3/submission-1/evaluation/report.json,f4554383c64195f7ab4d3f2aee39a32299aab1cd9e544d612b6a4c270bb4d58b,a070a8d9c3695080a801c71973b452dcb07701c232307e2ecf294c093fb6b84f
i25-lenient__generation_s__single_shot__none__r3,generation_s__single_shot__none,rejectsNullName,input_rejection_policy,AssertionError: Invalid record was accepted by storeRun.,.local/iterations/i25-lenient/runs/i25-lenient__generation_s__single_shot__none__r3/submission-1/evaluation/report.json,f4554383c64195f7ab4d3f2aee39a32299aab1cd9e544d612b6a4c270bb4d58b,a070a8d9c3695080a801c71973b452dcb07701c232307e2ecf294c093fb6b84f
i25-lenient__generation_s__single_shot__none__r3,generation_s__single_shot__none,rejectsBlankName,input_rejection_policy,AssertionError: Invalid record was accepted by storeRun.,.local/iterations/i25-lenient/runs/i25-lenient__generation_s__single_shot__none__r3/submission-1/evaluation/report.json,f4554383c64195f7ab4d3f2aee39a32299aab1cd9e544d612b6a4c270bb4d58b,a070a8d9c3695080a801c71973b452dcb07701c232307e2ecf294c093fb6b84f
i25-lenient__generation_s__single_shot__none__r3,generation_s__single_shot__none,rejectsExcessiveName,input_rejection_policy,AssertionError: Invalid record was accepted by storeRun.,.local/iterations/i25-lenient/runs/i25-lenient__generation_s__single_shot__none__r3/submission-1/evaluation/report.json,f4554383c64195f7ab4d3f2aee39a32299aab1cd9e544d612b6a4c270bb4d58b,a070a8d9c3695080a801c71973b452dcb07701c232307e2ecf294c093fb6b84f
i25-lenient__generation_s__single_shot__none__r3,generation_s__single_shot__none,boundsRetainedEntries,retention_threshold,AssertionError: More than 100 entries retained.,.local/iterations/i25-lenient/runs/i25-lenient__generation_s__single_shot__none__r3/submission-1/evaluation/report.json,f4554383c64195f7ab4d3f2aee39a32299aab1cd9e544d612b6a4c270bb4d58b,a070a8d9c3695080a801c71973b452dcb07701c232307e2ecf294c093fb6b84f
i25-lenient__generation_sfb__single_shot__none__r3,generation_sfb__single_shot__none,rejectsNegativeScore,input_rejection_policy,AssertionError: Invalid record was accepted by storeRun.,.local/iterations/i25-lenient/runs/i25-lenient__generation_sfb__single_shot__none__r3/submission-1/evaluation/report.json,3bed65a1b1a048155551a8793d0cbed9f68916eb7cc6014bd2778cab8d94d4b5,c9975b5523df873430b13306ce5e3b87b5fe82b96d50f91df3b4043377a1c8a1
i25-lenient__generation_sfb__single_shot__none__r3,generation_sfb__single_shot__none,rejectsExcessiveName,input_rejection_policy,AssertionError: Invalid record was accepted by storeRun.,.local/iterations/i25-lenient/runs/i25-lenient__generation_sfb__single_shot__none__r3/submission-1/evaluation/report.json,3bed65a1b1a048155551a8793d0cbed9f68916eb7cc6014bd2778cab8d94d4b5,c9975b5523df873430b13306ce5e3b87b5fe82b96d50f91df3b4043377a1c8a1
i25-lenient__generation_sfb__single_shot__none__r3,generation_sfb__single_shot__none,boundsRetainedEntries,retention_threshold,AssertionError: More than 100 entries retained.,.local/iterations/i25-lenient/runs/i25-lenient__generation_sfb__single_shot__none__r3/submission-1/evaluation/report.json,3bed65a1b1a048155551a8793d0cbed9f68916eb7cc6014bd2778cab8d94d4b5,c9975b5523df873430b13306ce5e3b87b5fe82b96d50f91df3b4043377a1c8a1
i25-lenient__generation_sfb__single_shot__none__r3,generation_sfb__single_shot__none,oversizedPhysicalLine,observed_heap_exhaustion,OutOfMemoryError: Java heap space,.local/iterations/i25-lenient/runs/i25-lenient__generation_sfb__single_shot__none__r3/submission-1/evaluation/report.json,3bed65a1b1a048155551a8793d0cbed9f68916eb7cc6014bd2778cab8d94d4b5,c9975b5523df873430b13306ce5e3b87b5fe82b96d50f91df3b4043377a1c8a1
i25-lenient__reuse_b__single_shot__none__r3,reuse_b__single_shot__none,rejectsNegativeScore,input_rejection_policy,AssertionError: Invalid record was accepted by storeRun.,.local/iterations/i25-lenient/runs/i25-lenient__reuse_b__single_shot__none__r3/submission-1/evaluation/report.json,9a55877e83dbb3dfd17e9fc6937a95a874398819dc6e2e1e4e927df3390a5f8b,277497b7f078b57527adac9871bf46cfc8ef45acd97489466df9cb5b8f6381cf
i25-lenient__reuse_b__single_shot__none__r3,reuse_b__single_shot__none,rejectsNegativeTime,input_rejection_policy,AssertionError: Invalid record was accepted by storeRun.,.local/iterations/i25-lenient/runs/i25-lenient__reuse_b__single_shot__none__r3/submission-1/evaluation/report.json,9a55877e83dbb3dfd17e9fc6937a95a874398819dc6e2e1e4e927df3390a5f8b,277497b7f078b57527adac9871bf46cfc8ef45acd97489466df9cb5b8f6381cf
i25-lenient__reuse_b__single_shot__none__r3,reuse_b__single_shot__none,rejectsNullName,input_rejection_policy,AssertionError: Invalid record was accepted by storeRun.,.local/iterations/i25-lenient/runs/i25-lenient__reuse_b__single_shot__none__r3/submission-1/evaluation/report.json,9a55877e83dbb3dfd17e9fc6937a95a874398819dc6e2e1e4e927df3390a5f8b,277497b7f078b57527adac9871bf46cfc8ef45acd97489466df9cb5b8f6381cf
i25-lenient__reuse_b__single_shot__none__r3,reuse_b__single_shot__none,rejectsBlankName,input_rejection_policy,AssertionError: Invalid record was accepted by storeRun.,.local/iterations/i25-lenient/runs/i25-lenient__reuse_b__single_shot__none__r3/submission-1/evaluation/report.json,9a55877e83dbb3dfd17e9fc6937a95a874398819dc6e2e1e4e927df3390a5f8b,277497b7f078b57527adac9871bf46cfc8ef45acd97489466df9cb5b8f6381cf
i25-lenient__reuse_b__single_shot__none__r3,reuse_b__single_shot__none,rejectsExcessiveName,input_rejection_policy,AssertionError: Invalid record was accepted by storeRun.,.local/iterations/i25-lenient/runs/i25-lenient__reuse_b__single_shot__none__r3/submission-1/evaluation/report.json,9a55877e83dbb3dfd17e9fc6937a95a874398819dc6e2e1e4e927df3390a5f8b,277497b7f078b57527adac9871bf46cfc8ef45acd97489466df9cb5b8f6381cf
i25-lenient__reuse_b__single_shot__none__r3,reuse_b__single_shot__none,boundsRetainedEntries,retention_threshold,AssertionError: More than 100 entries retained.,.local/iterations/i25-lenient/runs/i25-lenient__reuse_b__single_shot__none__r3/submission-1/evaluation/report.json,9a55877e83dbb3dfd17e9fc6937a95a874398819dc6e2e1e4e927df3390a5f8b,277497b7f078b57527adac9871bf46cfc8ef45acd97489466df9cb5b8f6381cf
i25-lenient__generation_fb__single_shot__none__r3,generation_fb__single_shot__none,rejectsNegativeScore,input_rejection_policy,AssertionError: Invalid record was accepted by storeRun.,.local/iterations/i25-lenient/runs/i25-lenient__generation_fb__single_shot__none__r3/submission-1/evaluation/report.json,9bfa231c09169b278bfbbaed9f4d550a6c9755539970289bcca4bdc44f634d3a,4b25cb20eeedac2ac087652b537d3b33c910b34219b622661d504fd3493be0d5
i25-lenient__generation_fb__single_shot__none__r3,generation_fb__single_shot__none,rejectsNegativeTime,input_rejection_policy,AssertionError: Invalid record was accepted by storeRun.,.local/iterations/i25-lenient/runs/i25-lenient__generation_fb__single_shot__none__r3/submission-1/evaluation/report.json,9bfa231c09169b278bfbbaed9f4d550a6c9755539970289bcca4bdc44f634d3a,4b25cb20eeedac2ac087652b537d3b33c910b34219b622661d504fd3493be0d5
i25-lenient__generation_fb__single_shot__none__r3,generation_fb__single_shot__none,rejectsNullName,input_rejection_policy,AssertionError: Invalid record was accepted by storeRun.,.local/iterations/i25-lenient/runs/i25-lenient__generation_fb__single_shot__none__r3/submission-1/evaluation/report.json,9bfa231c09169b278bfbbaed9f4d550a6c9755539970289bcca4bdc44f634d3a,4b25cb20eeedac2ac087652b537d3b33c910b34219b622661d504fd3493be0d5
i25-lenient__generation_fb__single_shot__none__r3,generation_fb__single_shot__none,rejectsBlankName,input_rejection_policy,AssertionError: Invalid record was accepted by storeRun.,.local/iterations/i25-lenient/runs/i25-lenient__generation_fb__single_shot__none__r3/submission-1/evaluation/report.json,9bfa231c09169b278bfbbaed9f4d550a6c9755539970289bcca4bdc44f634d3a,4b25cb20eeedac2ac087652b537d3b33c910b34219b622661d504fd3493be0d5
i25-lenient__generation_fb__single_shot__none__r3,generation_fb__single_shot__none,rejectsExcessiveName,input_rejection_policy,AssertionError: Invalid record was accepted by storeRun.,.local/iterations/i25-lenient/runs/i25-lenient__generation_fb__single_shot__none__r3/submission-1/evaluation/report.json,9bfa231c09169b278bfbbaed9f4d550a6c9755539970289bcca4bdc44f634d3a,4b25cb20eeedac2ac087652b537d3b33c910b34219b622661d504fd3493be0d5
i25-lenient__generation_fb__single_shot__none__r3,generation_fb__single_shot__none,boundsRetainedEntries,retention_threshold,AssertionError: More than 100 entries retained.,.local/iterations/i25-lenient/runs/i25-lenient__generation_fb__single_shot__none__r3/submission-1/evaluation/report.json,9bfa231c09169b278bfbbaed9f4d550a6c9755539970289bcca4bdc44f634d3a,4b25cb20eeedac2ac087652b537d3b33c910b34219b622661d504fd3493be0d5
i25-lenient__generation_fb__single_shot__none__r3,generation_fb__single_shot__none,oversizedPhysicalLine,observed_heap_exhaustion,OutOfMemoryError: Java heap space,.local/iterations/i25-lenient/runs/i25-lenient__generation_fb__single_shot__none__r3/submission-1/evaluation/report.json,9bfa231c09169b278bfbbaed9f4d550a6c9755539970289bcca4bdc44f634d3a,4b25cb20eeedac2ac087652b537d3b33c910b34219b622661d504fd3493be0d5
i25-lenient__generation_sb__single_shot__none__r4,generation_sb__single_shot__none,rejectsNegativeScore,input_rejection_policy,AssertionError: Invalid record was accepted by storeRun.,.local/iterations/i25-lenient/runs/i25-lenient__generation_sb__single_shot__none__r4/submission-1/evaluation/report.json,90b12a12770a8ac9c67bb56255c5cac1658305b449b0f01aa908b80a864b16a7,a1b5b13e5da84b6eadfb97fc415002f38795b14a10e2c1c86c8ab0f449efa5e4
i25-lenient__generation_sb__single_shot__none__r4,generation_sb__single_shot__none,rejectsNegativeTime,input_rejection_policy,AssertionError: Invalid record was accepted by storeRun.,.local/iterations/i25-lenient/runs/i25-lenient__generation_sb__single_shot__none__r4/submission-1/evaluation/report.json,90b12a12770a8ac9c67bb56255c5cac1658305b449b0f01aa908b80a864b16a7,a1b5b13e5da84b6eadfb97fc415002f38795b14a10e2c1c86c8ab0f449efa5e4
i25-lenient__generation_sb__single_shot__none__r4,generation_sb__single_shot__none,rejectsNullName,input_rejection_policy,AssertionError: Invalid record was accepted by storeRun.,.local/iterations/i25-lenient/runs/i25-lenient__generation_sb__single_shot__none__r4/submission-1/evaluation/report.json,90b12a12770a8ac9c67bb56255c5cac1658305b449b0f01aa908b80a864b16a7,a1b5b13e5da84b6eadfb97fc415002f38795b14a10e2c1c86c8ab0f449efa5e4
i25-lenient__generation_sb__single_shot__none__r4,generation_sb__single_shot__none,rejectsBlankName,input_rejection_policy,AssertionError: Invalid record was accepted by storeRun.,.local/iterations/i25-lenient/runs/i25-lenient__generation_sb__single_shot__none__r4/submission-1/evaluation/report.json,90b12a12770a8ac9c67bb56255c5cac1658305b449b0f01aa908b80a864b16a7,a1b5b13e5da84b6eadfb97fc415002f38795b14a10e2c1c86c8ab0f449efa5e4
i25-lenient__generation_sb__single_shot__none__r4,generation_sb__single_shot__none,rejectsExcessiveName,input_rejection_policy,AssertionError: Invalid record was accepted by storeRun.,.local/iterations/i25-lenient/runs/i25-lenient__generation_sb__single_shot__none__r4/submission-1/evaluation/report.json,90b12a12770a8ac9c67bb56255c5cac1658305b449b0f01aa908b80a864b16a7,a1b5b13e5da84b6eadfb97fc415002f38795b14a10e2c1c86c8ab0f449efa5e4
i25-lenient__generation_sb__single_shot__none__r4,generation_sb__single_shot__none,boundsRetainedEntries,retention_threshold,AssertionError: More than 100 entries retained.,.local/iterations/i25-lenient/runs/i25-lenient__generation_sb__single_shot__none__r4/submission-1/evaluation/report.json,90b12a12770a8ac9c67bb56255c5cac1658305b449b0f01aa908b80a864b16a7,a1b5b13e5da84b6eadfb97fc415002f38795b14a10e2c1c86c8ab0f449efa5e4
i25-lenient__generation_sb__single_shot__none__r4,generation_sb__single_shot__none,oversizedPhysicalLine,observed_heap_exhaustion,OutOfMemoryError: Java heap space,.local/iterations/i25-lenient/runs/i25-lenient__generation_sb__single_shot__none__r4/submission-1/evaluation/report.json,90b12a12770a8ac9c67bb56255c5cac1658305b449b0f01aa908b80a864b16a7,a1b5b13e5da84b6eadfb97fc415002f38795b14a10e2c1c86c8ab0f449efa5e4
i25-lenient__reuse_fb__single_shot__none__r4,reuse_fb__single_shot__none,rejectsNegativeScore,input_rejection_policy,AssertionError: Invalid record was accepted by storeRun.,.local/iterations/i25-lenient/runs/i25-lenient__reuse_fb__single_shot__none__r4/submission-1/evaluation/report.json,a294da784a0e3041737c4f65fac5730434403d7b354a32a386e8de654b44faf9,6888fc05930fc297b241abf3d27eb5d1dd4b40a309eea3ffdd988b509b7eed9b
i25-lenient__reuse_fb__single_shot__none__r4,reuse_fb__single_shot__none,rejectsNegativeTime,input_rejection_policy,AssertionError: Invalid record was accepted by storeRun.,.local/iterations/i25-lenient/runs/i25-lenient__reuse_fb__single_shot__none__r4/submission-1/evaluation/report.json,a294da784a0e3041737c4f65fac5730434403d7b354a32a386e8de654b44faf9,6888fc05930fc297b241abf3d27eb5d1dd4b40a309eea3ffdd988b509b7eed9b
i25-lenient__reuse_fb__single_shot__none__r4,reuse_fb__single_shot__none,rejectsNullName,input_rejection_policy,AssertionError: Invalid record was accepted by storeRun.,.local/iterations/i25-lenient/runs/i25-lenient__reuse_fb__single_shot__none__r4/submission-1/evaluation/report.json,a294da784a0e3041737c4f65fac5730434403d7b354a32a386e8de654b44faf9,6888fc05930fc297b241abf3d27eb5d1dd4b40a309eea3ffdd988b509b7eed9b
i25-lenient__reuse_fb__single_shot__none__r4,reuse_fb__single_shot__none,rejectsBlankName,input_rejection_policy,AssertionError: Invalid record was accepted by storeRun.,.local/iterations/i25-lenient/runs/i25-lenient__reuse_fb__single_shot__none__r4/submission-1/evaluation/report.json,a294da784a0e3041737c4f65fac5730434403d7b354a32a386e8de654b44faf9,6888fc05930fc297b241abf3d27eb5d1dd4b40a309eea3ffdd988b509b7eed9b
i25-lenient__reuse_fb__single_shot__none__r4,reuse_fb__single_shot__none,rejectsExcessiveName,input_rejection_policy,AssertionError: Invalid record was accepted by storeRun.,.local/iterations/i25-lenient/runs/i25-lenient__reuse_fb__single_shot__none__r4/submission-1/evaluation/report.json,a294da784a0e3041737c4f65fac5730434403d7b354a32a386e8de654b44faf9,6888fc05930fc297b241abf3d27eb5d1dd4b40a309eea3ffdd988b509b7eed9b
i25-lenient__reuse_fb__single_shot__none__r4,reuse_fb__single_shot__none,oversizedPhysicalLine,observed_heap_exhaustion,OutOfMemoryError: Java heap space,.local/iterations/i25-lenient/runs/i25-lenient__reuse_fb__single_shot__none__r4/submission-1/evaluation/report.json,a294da784a0e3041737c4f65fac5730434403d7b354a32a386e8de654b44faf9,6888fc05930fc297b241abf3d27eb5d1dd4b40a309eea3ffdd988b509b7eed9b
i25-lenient__reuse_b__single_shot__none__r4,reuse_b__single_shot__none,rejectsNegativeScore,input_rejection_policy,AssertionError: Invalid record was accepted by storeRun.,.local/iterations/i25-lenient/runs/i25-lenient__reuse_b__single_shot__none__r4/submission-1/evaluation/report.json,2ea771bf2cd965bbb4aad067c459636ca944ec120ec325bf9f5d86bc28a62314,d356c2975a97b07d2953c57ade650ecde1cb995b64f8969c09a010ec46d26390
i25-lenient__reuse_b__single_shot__none__r4,reuse_b__single_shot__none,rejectsNegativeTime,input_rejection_policy,AssertionError: Invalid record was accepted by storeRun.,.local/iterations/i25-lenient/runs/i25-lenient__reuse_b__single_shot__none__r4/submission-1/evaluation/report.json,2ea771bf2cd965bbb4aad067c459636ca944ec120ec325bf9f5d86bc28a62314,d356c2975a97b07d2953c57ade650ecde1cb995b64f8969c09a010ec46d26390
i25-lenient__reuse_b__single_shot__none__r4,reuse_b__single_shot__none,rejectsNullName,input_rejection_policy,AssertionError: Invalid record was accepted by storeRun.,.local/iterations/i25-lenient/runs/i25-lenient__reuse_b__single_shot__none__r4/submission-1/evaluation/report.json,2ea771bf2cd965bbb4aad067c459636ca944ec120ec325bf9f5d86bc28a62314,d356c2975a97b07d2953c57ade650ecde1cb995b64f8969c09a010ec46d26390
i25-lenient__reuse_b__single_shot__none__r4,reuse_b__single_shot__none,rejectsBlankName,input_rejection_policy,AssertionError: Invalid record was accepted by storeRun.,.local/iterations/i25-lenient/runs/i25-lenient__reuse_b__single_shot__none__r4/submission-1/evaluation/report.json,2ea771bf2cd965bbb4aad067c459636ca944ec120ec325bf9f5d86bc28a62314,d356c2975a97b07d2953c57ade650ecde1cb995b64f8969c09a010ec46d26390
i25-lenient__reuse_b__single_shot__none__r4,reuse_b__single_shot__none,rejectsExcessiveName,input_rejection_policy,AssertionError: Invalid record was accepted by storeRun.,.local/iterations/i25-lenient/runs/i25-lenient__reuse_b__single_shot__none__r4/submission-1/evaluation/report.json,2ea771bf2cd965bbb4aad067c459636ca944ec120ec325bf9f5d86bc28a62314,d356c2975a97b07d2953c57ade650ecde1cb995b64f8969c09a010ec46d26390
i25-lenient__reuse_b__single_shot__none__r4,reuse_b__single_shot__none,boundsRetainedEntries,retention_threshold,AssertionError: More than 100 entries retained.,.local/iterations/i25-lenient/runs/i25-lenient__reuse_b__single_shot__none__r4/submission-1/evaluation/report.json,2ea771bf2cd965bbb4aad067c459636ca944ec120ec325bf9f5d86bc28a62314,d356c2975a97b07d2953c57ade650ecde1cb995b64f8969c09a010ec46d26390
i25-lenient__generation_fb__single_shot__none__r4,generation_fb__single_shot__none,rejectsNegativeScore,input_rejection_policy,AssertionError: Invalid record was accepted by storeRun.,.local/iterations/i25-lenient/runs/i25-lenient__generation_fb__single_shot__none__r4/submission-1/evaluation/report.json,8d3a54d60d434f49091b5c93df853d55256a83fdb4f2f14b8253177b36b171b5,682327a2c1de3e762b376c84b25fb81061f24047e6ccbc0393d7e860362338e2
i25-lenient__generation_fb__single_shot__none__r4,generation_fb__single_shot__none,rejectsNegativeTime,input_rejection_policy,AssertionError: Invalid record was accepted by storeRun.,.local/iterations/i25-lenient/runs/i25-lenient__generation_fb__single_shot__none__r4/submission-1/evaluation/report.json,8d3a54d60d434f49091b5c93df853d55256a83fdb4f2f14b8253177b36b171b5,682327a2c1de3e762b376c84b25fb81061f24047e6ccbc0393d7e860362338e2
i25-lenient__generation_fb__single_shot__none__r4,generation_fb__single_shot__none,rejectsNullName,input_rejection_policy,AssertionError: Invalid record was accepted by storeRun.,.local/iterations/i25-lenient/runs/i25-lenient__generation_fb__single_shot__none__r4/submission-1/evaluation/report.json,8d3a54d60d434f49091b5c93df853d55256a83fdb4f2f14b8253177b36b171b5,682327a2c1de3e762b376c84b25fb81061f24047e6ccbc0393d7e860362338e2
i25-lenient__generation_fb__single_shot__none__r4,generation_fb__single_shot__none,rejectsBlankName,input_rejection_policy,AssertionError: Invalid record was accepted by storeRun.,.local/iterations/i25-lenient/runs/i25-lenient__generation_fb__single_shot__none__r4/submission-1/evaluation/report.json,8d3a54d60d434f49091b5c93df853d55256a83fdb4f2f14b8253177b36b171b5,682327a2c1de3e762b376c84b25fb81061f24047e6ccbc0393d7e860362338e2
i25-lenient__generation_fb__single_shot__none__r4,generation_fb__single_shot__none,rejectsExcessiveName,input_rejection_policy,AssertionError: Invalid record was accepted by storeRun.,.local/iterations/i25-lenient/runs/i25-lenient__generation_fb__single_shot__none__r4/submission-1/evaluation/report.json,8d3a54d60d434f49091b5c93df853d55256a83fdb4f2f14b8253177b36b171b5,682327a2c1de3e762b376c84b25fb81061f24047e6ccbc0393d7e860362338e2
i25-lenient__generation_fb__single_shot__none__r4,generation_fb__single_shot__none,boundsRetainedEntries,retention_threshold,AssertionError: More than 100 entries retained.,.local/iterations/i25-lenient/runs/i25-lenient__generation_fb__single_shot__none__r4/submission-1/evaluation/report.json,8d3a54d60d434f49091b5c93df853d55256a83fdb4f2f14b8253177b36b171b5,682327a2c1de3e762b376c84b25fb81061f24047e6ccbc0393d7e860362338e2
i25-lenient__generation_fb__single_shot__none__r4,generation_fb__single_shot__none,oversizedPhysicalLine,observed_heap_exhaustion,OutOfMemoryError: Java heap space,.local/iterations/i25-lenient/runs/i25-lenient__generation_fb__single_shot__none__r4/submission-1/evaluation/report.json,8d3a54d60d434f49091b5c93df853d55256a83fdb4f2f14b8253177b36b171b5,682327a2c1de3e762b376c84b25fb81061f24047e6ccbc0393d7e860362338e2
i25-lenient__generation_b__single_shot__none__r4,generation_b__single_shot__none,rejectsNegativeScore,input_rejection_policy,AssertionError: Invalid record was accepted by storeRun.,.local/iterations/i25-lenient/runs/i25-lenient__generation_b__single_shot__none__r4/submission-1/evaluation/report.json,f774c636e4af1e46e0f2b586eb6ddf643435721070bfcde17a3fc127cbcac816,68c1679eb6e480738d6509dfef2c72f0ce90065cf73d73fd71690761e769f7e6
i25-lenient__generation_b__single_shot__none__r4,generation_b__single_shot__none,rejectsNegativeTime,input_rejection_policy,AssertionError: Invalid record was accepted by storeRun.,.local/iterations/i25-lenient/runs/i25-lenient__generation_b__single_shot__none__r4/submission-1/evaluation/report.json,f774c636e4af1e46e0f2b586eb6ddf643435721070bfcde17a3fc127cbcac816,68c1679eb6e480738d6509dfef2c72f0ce90065cf73d73fd71690761e769f7e6
i25-lenient__generation_b__single_shot__none__r4,generation_b__single_shot__none,rejectsNullName,input_rejection_policy,AssertionError: Invalid record was accepted by storeRun.,.local/iterations/i25-lenient/runs/i25-lenient__generation_b__single_shot__none__r4/submission-1/evaluation/report.json,f774c636e4af1e46e0f2b586eb6ddf643435721070bfcde17a3fc127cbcac816,68c1679eb6e480738d6509dfef2c72f0ce90065cf73d73fd71690761e769f7e6
i25-lenient__generation_b__single_shot__none__r4,generation_b__single_shot__none,rejectsBlankName,input_rejection_policy,AssertionError: Invalid record was accepted by storeRun.,.local/iterations/i25-lenient/runs/i25-lenient__generation_b__single_shot__none__r4/submission-1/evaluation/report.json,f774c636e4af1e46e0f2b586eb6ddf643435721070bfcde17a3fc127cbcac816,68c1679eb6e480738d6509dfef2c72f0ce90065cf73d73fd71690761e769f7e6
i25-lenient__generation_b__single_shot__none__r4,generation_b__single_shot__none,rejectsExcessiveName,input_rejection_policy,AssertionError: Invalid record was accepted by storeRun.,.local/iterations/i25-lenient/runs/i25-lenient__generation_b__single_shot__none__r4/submission-1/evaluation/report.json,f774c636e4af1e46e0f2b586eb6ddf643435721070bfcde17a3fc127cbcac816,68c1679eb6e480738d6509dfef2c72f0ce90065cf73d73fd71690761e769f7e6
i25-lenient__generation_b__single_shot__none__r4,generation_b__single_shot__none,boundsRetainedEntries,retention_threshold,AssertionError: More than 100 entries retained.,.local/iterations/i25-lenient/runs/i25-lenient__generation_b__single_shot__none__r4/submission-1/evaluation/report.json,f774c636e4af1e46e0f2b586eb6ddf643435721070bfcde17a3fc127cbcac816,68c1679eb6e480738d6509dfef2c72f0ce90065cf73d73fd71690761e769f7e6
i25-lenient__generation_b__single_shot__none__r4,generation_b__single_shot__none,oversizedPhysicalLine,observed_heap_exhaustion,OutOfMemoryError: Java heap space,.local/iterations/i25-lenient/runs/i25-lenient__generation_b__single_shot__none__r4/submission-1/evaluation/report.json,f774c636e4af1e46e0f2b586eb6ddf643435721070bfcde17a3fc127cbcac816,68c1679eb6e480738d6509dfef2c72f0ce90065cf73d73fd71690761e769f7e6
i25-lenient__generation_f__single_shot__none__r4,generation_f__single_shot__none,rejectsNegativeScore,input_rejection_policy,AssertionError: Invalid record was accepted by storeRun.,.local/iterations/i25-lenient/runs/i25-lenient__generation_f__single_shot__none__r4/submission-1/evaluation/report.json,39ecb6cf04e34a941d955cf27db9e2fcfdc68b3f53ae5cb2d8e5afeba74814d5,fdaecd25e4d6d77be7b0acc03227fd049fd5b6a455ea11fa46143b87c486b54f
i25-lenient__generation_f__single_shot__none__r4,generation_f__single_shot__none,rejectsNegativeTime,input_rejection_policy,AssertionError: Invalid record was accepted by storeRun.,.local/iterations/i25-lenient/runs/i25-lenient__generation_f__single_shot__none__r4/submission-1/evaluation/report.json,39ecb6cf04e34a941d955cf27db9e2fcfdc68b3f53ae5cb2d8e5afeba74814d5,fdaecd25e4d6d77be7b0acc03227fd049fd5b6a455ea11fa46143b87c486b54f
i25-lenient__generation_f__single_shot__none__r4,generation_f__single_shot__none,rejectsNullName,input_rejection_policy,AssertionError: Invalid record was accepted by storeRun.,.local/iterations/i25-lenient/runs/i25-lenient__generation_f__single_shot__none__r4/submission-1/evaluation/report.json,39ecb6cf04e34a941d955cf27db9e2fcfdc68b3f53ae5cb2d8e5afeba74814d5,fdaecd25e4d6d77be7b0acc03227fd049fd5b6a455ea11fa46143b87c486b54f
i25-lenient__generation_f__single_shot__none__r4,generation_f__single_shot__none,rejectsBlankName,input_rejection_policy,AssertionError: Invalid record was accepted by storeRun.,.local/iterations/i25-lenient/runs/i25-lenient__generation_f__single_shot__none__r4/submission-1/evaluation/report.json,39ecb6cf04e34a941d955cf27db9e2fcfdc68b3f53ae5cb2d8e5afeba74814d5,fdaecd25e4d6d77be7b0acc03227fd049fd5b6a455ea11fa46143b87c486b54f
i25-lenient__generation_f__single_shot__none__r4,generation_f__single_shot__none,rejectsExcessiveName,input_rejection_policy,AssertionError: Invalid record was accepted by storeRun.,.local/iterations/i25-lenient/runs/i25-lenient__generation_f__single_shot__none__r4/submission-1/evaluation/report.json,39ecb6cf04e34a941d955cf27db9e2fcfdc68b3f53ae5cb2d8e5afeba74814d5,fdaecd25e4d6d77be7b0acc03227fd049fd5b6a455ea11fa46143b87c486b54f
i25-lenient__generation_f__single_shot__none__r4,generation_f__single_shot__none,boundsRetainedEntries,retention_threshold,AssertionError: More than 100 entries retained.,.local/iterations/i25-lenient/runs/i25-lenient__generation_f__single_shot__none__r4/submission-1/evaluation/report.json,39ecb6cf04e34a941d955cf27db9e2fcfdc68b3f53ae5cb2d8e5afeba74814d5,fdaecd25e4d6d77be7b0acc03227fd049fd5b6a455ea11fa46143b87c486b54f
i25-lenient__generation_f__single_shot__none__r4,generation_f__single_shot__none,oversizedPhysicalLine,observed_heap_exhaustion,OutOfMemoryError: Java heap space,.local/iterations/i25-lenient/runs/i25-lenient__generation_f__single_shot__none__r4/submission-1/evaluation/report.json,39ecb6cf04e34a941d955cf27db9e2fcfdc68b3f53ae5cb2d8e5afeba74814d5,fdaecd25e4d6d77be7b0acc03227fd049fd5b6a455ea11fa46143b87c486b54f
i25-lenient__generation_s__single_shot__none__r4,generation_s__single_shot__none,rejectsNegativeScore,input_rejection_policy,AssertionError: Invalid record was accepted by storeRun.,.local/iterations/i25-lenient/runs/i25-lenient__generation_s__single_shot__none__r4/submission-1/evaluation/report.json,a2af1d84deb574ac6c06f3c30eb1c9eee4f08bcec1d1ed43ce4f792378d7efb0,014d7c99bb540132ba7bd41eb8b531af042110a5448adedd43ce7356f47d824f
i25-lenient__generation_s__single_shot__none__r4,generation_s__single_shot__none,rejectsNegativeTime,input_rejection_policy,AssertionError: Invalid record was accepted by storeRun.,.local/iterations/i25-lenient/runs/i25-lenient__generation_s__single_shot__none__r4/submission-1/evaluation/report.json,a2af1d84deb574ac6c06f3c30eb1c9eee4f08bcec1d1ed43ce4f792378d7efb0,014d7c99bb540132ba7bd41eb8b531af042110a5448adedd43ce7356f47d824f
i25-lenient__generation_s__single_shot__none__r4,generation_s__single_shot__none,rejectsNullName,input_rejection_policy,AssertionError: Invalid record was accepted by storeRun.,.local/iterations/i25-lenient/runs/i25-lenient__generation_s__single_shot__none__r4/submission-1/evaluation/report.json,a2af1d84deb574ac6c06f3c30eb1c9eee4f08bcec1d1ed43ce4f792378d7efb0,014d7c99bb540132ba7bd41eb8b531af042110a5448adedd43ce7356f47d824f
i25-lenient__generation_s__single_shot__none__r4,generation_s__single_shot__none,rejectsBlankName,input_rejection_policy,AssertionError: Invalid record was accepted by storeRun.,.local/iterations/i25-lenient/runs/i25-lenient__generation_s__single_shot__none__r4/submission-1/evaluation/report.json,a2af1d84deb574ac6c06f3c30eb1c9eee4f08bcec1d1ed43ce4f792378d7efb0,014d7c99bb540132ba7bd41eb8b531af042110a5448adedd43ce7356f47d824f
i25-lenient__generation_s__single_shot__none__r4,generation_s__single_shot__none,rejectsExcessiveName,input_rejection_policy,AssertionError: Invalid record was accepted by storeRun.,.local/iterations/i25-lenient/runs/i25-lenient__generation_s__single_shot__none__r4/submission-1/evaluation/report.json,a2af1d84deb574ac6c06f3c30eb1c9eee4f08bcec1d1ed43ce4f792378d7efb0,014d7c99bb540132ba7bd41eb8b531af042110a5448adedd43ce7356f47d824f
i25-lenient__generation_s__single_shot__none__r4,generation_s__single_shot__none,boundsRetainedEntries,retention_threshold,AssertionError: More than 100 entries retained.,.local/iterations/i25-lenient/runs/i25-lenient__generation_s__single_shot__none__r4/submission-1/evaluation/report.json,a2af1d84deb574ac6c06f3c30eb1c9eee4f08bcec1d1ed43ce4f792378d7efb0,014d7c99bb540132ba7bd41eb8b531af042110a5448adedd43ce7356f47d824f
i25-lenient__generation_s__single_shot__none__r4,generation_s__single_shot__none,oversizedPhysicalLine,observed_heap_exhaustion,OutOfMemoryError: Java heap space,.local/iterations/i25-lenient/runs/i25-lenient__generation_s__single_shot__none__r4/submission-1/evaluation/report.json,a2af1d84deb574ac6c06f3c30eb1c9eee4f08bcec1d1ed43ce4f792378d7efb0,014d7c99bb540132ba7bd41eb8b531af042110a5448adedd43ce7356f47d824f
i25-lenient__generation_s__single_shot__none__r5,generation_s__single_shot__none,rejectsNegativeScore,input_rejection_policy,AssertionError: Invalid record was accepted by storeRun.,.local/iterations/i25-lenient/runs/i25-lenient__generation_s__single_shot__none__r5/submission-1/evaluation/report.json,a92631736756b9c447a1a6861085a1b1404dc09be566da3022f1fb56d6c3fd5c,2f7c84b94df1d49cdfd82625e805c6c49f43a5d87ac75b65ff056ba735ca025b
i25-lenient__generation_s__single_shot__none__r5,generation_s__single_shot__none,rejectsNegativeTime,input_rejection_policy,AssertionError: Invalid record was accepted by storeRun.,.local/iterations/i25-lenient/runs/i25-lenient__generation_s__single_shot__none__r5/submission-1/evaluation/report.json,a92631736756b9c447a1a6861085a1b1404dc09be566da3022f1fb56d6c3fd5c,2f7c84b94df1d49cdfd82625e805c6c49f43a5d87ac75b65ff056ba735ca025b
i25-lenient__generation_s__single_shot__none__r5,generation_s__single_shot__none,rejectsExcessiveName,input_rejection_policy,AssertionError: Invalid record was accepted by storeRun.,.local/iterations/i25-lenient/runs/i25-lenient__generation_s__single_shot__none__r5/submission-1/evaluation/report.json,a92631736756b9c447a1a6861085a1b1404dc09be566da3022f1fb56d6c3fd5c,2f7c84b94df1d49cdfd82625e805c6c49f43a5d87ac75b65ff056ba735ca025b
i25-lenient__generation_s__single_shot__none__r5,generation_s__single_shot__none,boundsRetainedEntries,retention_threshold,AssertionError: More than 100 entries retained.,.local/iterations/i25-lenient/runs/i25-lenient__generation_s__single_shot__none__r5/submission-1/evaluation/report.json,a92631736756b9c447a1a6861085a1b1404dc09be566da3022f1fb56d6c3fd5c,2f7c84b94df1d49cdfd82625e805c6c49f43a5d87ac75b65ff056ba735ca025b
i25-lenient__generation_s__single_shot__none__r5,generation_s__single_shot__none,oversizedPhysicalLine,observed_heap_exhaustion,OutOfMemoryError: Java heap space,.local/iterations/i25-lenient/runs/i25-lenient__generation_s__single_shot__none__r5/submission-1/evaluation/report.json,a92631736756b9c447a1a6861085a1b1404dc09be566da3022f1fb56d6c3fd5c,2f7c84b94df1d49cdfd82625e805c6c49f43a5d87ac75b65ff056ba735ca025b
i25-lenient__reuse_sf__single_shot__none__r5,reuse_sf__single_shot__none,rejectsNegativeScore,input_rejection_policy,AssertionError: Invalid record was accepted by storeRun.,.local/iterations/i25-lenient/runs/i25-lenient__reuse_sf__single_shot__none__r5/submission-1/evaluation/report.json,59ad824feaf0788e2befc7970c8f5f700067f26bdee92951acbf3bc7c9e0fb65,e22cf21f8b09a5ecc7abcb407f58062309304e143befbae3a7d7251d0005062f
i25-lenient__reuse_sf__single_shot__none__r5,reuse_sf__single_shot__none,rejectsNegativeTime,input_rejection_policy,AssertionError: Invalid record was accepted by storeRun.,.local/iterations/i25-lenient/runs/i25-lenient__reuse_sf__single_shot__none__r5/submission-1/evaluation/report.json,59ad824feaf0788e2befc7970c8f5f700067f26bdee92951acbf3bc7c9e0fb65,e22cf21f8b09a5ecc7abcb407f58062309304e143befbae3a7d7251d0005062f
i25-lenient__reuse_sf__single_shot__none__r5,reuse_sf__single_shot__none,rejectsNullName,input_rejection_policy,AssertionError: Invalid record was accepted by storeRun.,.local/iterations/i25-lenient/runs/i25-lenient__reuse_sf__single_shot__none__r5/submission-1/evaluation/report.json,59ad824feaf0788e2befc7970c8f5f700067f26bdee92951acbf3bc7c9e0fb65,e22cf21f8b09a5ecc7abcb407f58062309304e143befbae3a7d7251d0005062f
i25-lenient__reuse_sf__single_shot__none__r5,reuse_sf__single_shot__none,rejectsBlankName,input_rejection_policy,AssertionError: Invalid record was accepted by storeRun.,.local/iterations/i25-lenient/runs/i25-lenient__reuse_sf__single_shot__none__r5/submission-1/evaluation/report.json,59ad824feaf0788e2befc7970c8f5f700067f26bdee92951acbf3bc7c9e0fb65,e22cf21f8b09a5ecc7abcb407f58062309304e143befbae3a7d7251d0005062f
i25-lenient__reuse_sf__single_shot__none__r5,reuse_sf__single_shot__none,rejectsExcessiveName,input_rejection_policy,AssertionError: Invalid record was accepted by storeRun.,.local/iterations/i25-lenient/runs/i25-lenient__reuse_sf__single_shot__none__r5/submission-1/evaluation/report.json,59ad824feaf0788e2befc7970c8f5f700067f26bdee92951acbf3bc7c9e0fb65,e22cf21f8b09a5ecc7abcb407f58062309304e143befbae3a7d7251d0005062f
i25-lenient__reuse_sf__single_shot__none__r5,reuse_sf__single_shot__none,oversizedPhysicalLine,observed_heap_exhaustion,OutOfMemoryError: Java heap space,.local/iterations/i25-lenient/runs/i25-lenient__reuse_sf__single_shot__none__r5/submission-1/evaluation/report.json,59ad824feaf0788e2befc7970c8f5f700067f26bdee92951acbf3bc7c9e0fb65,e22cf21f8b09a5ecc7abcb407f58062309304e143befbae3a7d7251d0005062f
i25-lenient__reuse_s__single_shot__none__r5,reuse_s__single_shot__none,rejectsNegativeScore,input_rejection_policy,AssertionError: Invalid record was accepted by storeRun.,.local/iterations/i25-lenient/runs/i25-lenient__reuse_s__single_shot__none__r5/submission-1/evaluation/report.json,a28d25d7aa53321cdd7c27f9bdc34957ecf885bf4868a0e364746e3a2efed11f,ec392f87e1641843f05b45bd783a2939673ce0d76d6425a76b21b34439b0ddc3
i25-lenient__reuse_s__single_shot__none__r5,reuse_s__single_shot__none,rejectsNegativeTime,input_rejection_policy,AssertionError: Invalid record was accepted by storeRun.,.local/iterations/i25-lenient/runs/i25-lenient__reuse_s__single_shot__none__r5/submission-1/evaluation/report.json,a28d25d7aa53321cdd7c27f9bdc34957ecf885bf4868a0e364746e3a2efed11f,ec392f87e1641843f05b45bd783a2939673ce0d76d6425a76b21b34439b0ddc3
i25-lenient__reuse_s__single_shot__none__r5,reuse_s__single_shot__none,rejectsNullName,input_rejection_policy,AssertionError: Invalid record was accepted by storeRun.,.local/iterations/i25-lenient/runs/i25-lenient__reuse_s__single_shot__none__r5/submission-1/evaluation/report.json,a28d25d7aa53321cdd7c27f9bdc34957ecf885bf4868a0e364746e3a2efed11f,ec392f87e1641843f05b45bd783a2939673ce0d76d6425a76b21b34439b0ddc3
i25-lenient__reuse_s__single_shot__none__r5,reuse_s__single_shot__none,rejectsBlankName,input_rejection_policy,AssertionError: Invalid record was accepted by storeRun.,.local/iterations/i25-lenient/runs/i25-lenient__reuse_s__single_shot__none__r5/submission-1/evaluation/report.json,a28d25d7aa53321cdd7c27f9bdc34957ecf885bf4868a0e364746e3a2efed11f,ec392f87e1641843f05b45bd783a2939673ce0d76d6425a76b21b34439b0ddc3
i25-lenient__reuse_s__single_shot__none__r5,reuse_s__single_shot__none,rejectsExcessiveName,input_rejection_policy,AssertionError: Invalid record was accepted by storeRun.,.local/iterations/i25-lenient/runs/i25-lenient__reuse_s__single_shot__none__r5/submission-1/evaluation/report.json,a28d25d7aa53321cdd7c27f9bdc34957ecf885bf4868a0e364746e3a2efed11f,ec392f87e1641843f05b45bd783a2939673ce0d76d6425a76b21b34439b0ddc3
i25-lenient__reuse_s__single_shot__none__r5,reuse_s__single_shot__none,boundsRetainedEntries,retention_threshold,AssertionError: More than 100 entries retained.,.local/iterations/i25-lenient/runs/i25-lenient__reuse_s__single_shot__none__r5/submission-1/evaluation/report.json,a28d25d7aa53321cdd7c27f9bdc34957ecf885bf4868a0e364746e3a2efed11f,ec392f87e1641843f05b45bd783a2939673ce0d76d6425a76b21b34439b0ddc3
i25-lenient__generation_fb__single_shot__none__r5,generation_fb__single_shot__none,rejectsNegativeScore,input_rejection_policy,AssertionError: Invalid record was accepted by storeRun.,.local/iterations/i25-lenient/runs/i25-lenient__generation_fb__single_shot__none__r5/submission-1/evaluation/report.json,66e93588dc287d286b88e02436549f845b5f5b2f48d2d8bce3a8e918aa01ec2a,65dfb1426b10567f4ae20deecaf7ad3956c8333b3230637b570b9d00df5f85bf
i25-lenient__generation_fb__single_shot__none__r5,generation_fb__single_shot__none,rejectsNegativeTime,input_rejection_policy,AssertionError: Invalid record was accepted by storeRun.,.local/iterations/i25-lenient/runs/i25-lenient__generation_fb__single_shot__none__r5/submission-1/evaluation/report.json,66e93588dc287d286b88e02436549f845b5f5b2f48d2d8bce3a8e918aa01ec2a,65dfb1426b10567f4ae20deecaf7ad3956c8333b3230637b570b9d00df5f85bf
i25-lenient__generation_fb__single_shot__none__r5,generation_fb__single_shot__none,rejectsNullName,input_rejection_policy,AssertionError: Invalid record was accepted by storeRun.,.local/iterations/i25-lenient/runs/i25-lenient__generation_fb__single_shot__none__r5/submission-1/evaluation/report.json,66e93588dc287d286b88e02436549f845b5f5b2f48d2d8bce3a8e918aa01ec2a,65dfb1426b10567f4ae20deecaf7ad3956c8333b3230637b570b9d00df5f85bf
i25-lenient__generation_fb__single_shot__none__r5,generation_fb__single_shot__none,rejectsBlankName,input_rejection_policy,AssertionError: Invalid record was accepted by storeRun.,.local/iterations/i25-lenient/runs/i25-lenient__generation_fb__single_shot__none__r5/submission-1/evaluation/report.json,66e93588dc287d286b88e02436549f845b5f5b2f48d2d8bce3a8e918aa01ec2a,65dfb1426b10567f4ae20deecaf7ad3956c8333b3230637b570b9d00df5f85bf
i25-lenient__generation_fb__single_shot__none__r5,generation_fb__single_shot__none,rejectsExcessiveName,input_rejection_policy,AssertionError: Invalid record was accepted by storeRun.,.local/iterations/i25-lenient/runs/i25-lenient__generation_fb__single_shot__none__r5/submission-1/evaluation/report.json,66e93588dc287d286b88e02436549f845b5f5b2f48d2d8bce3a8e918aa01ec2a,65dfb1426b10567f4ae20deecaf7ad3956c8333b3230637b570b9d00df5f85bf
i25-lenient__generation_fb__single_shot__none__r5,generation_fb__single_shot__none,boundsRetainedEntries,retention_threshold,AssertionError: More than 100 entries retained.,.local/iterations/i25-lenient/runs/i25-lenient__generation_fb__single_shot__none__r5/submission-1/evaluation/report.json,66e93588dc287d286b88e02436549f845b5f5b2f48d2d8bce3a8e918aa01ec2a,65dfb1426b10567f4ae20deecaf7ad3956c8333b3230637b570b9d00df5f85bf
i25-lenient__generation_fb__single_shot__none__r5,generation_fb__single_shot__none,oversizedPhysicalLine,observed_heap_exhaustion,OutOfMemoryError: Java heap space,.local/iterations/i25-lenient/runs/i25-lenient__generation_fb__single_shot__none__r5/submission-1/evaluation/report.json,66e93588dc287d286b88e02436549f845b5f5b2f48d2d8bce3a8e918aa01ec2a,65dfb1426b10567f4ae20deecaf7ad3956c8333b3230637b570b9d00df5f85bf
i25-lenient__generation_fb__single_shot__none__r5,generation_fb__single_shot__none,largePersistedRecordSet,observed_heap_exhaustion,OutOfMemoryError: Java heap space,.local/iterations/i25-lenient/runs/i25-lenient__generation_fb__single_shot__none__r5/submission-1/evaluation/report.json,66e93588dc287d286b88e02436549f845b5f5b2f48d2d8bce3a8e918aa01ec2a,65dfb1426b10567f4ae20deecaf7ad3956c8333b3230637b570b9d00df5f85bf
i25-lenient__generation_sb__single_shot__none__r5,generation_sb__single_shot__none,rejectsNegativeScore,input_rejection_policy,AssertionError: Invalid record was accepted by storeRun.,.local/iterations/i25-lenient/runs/i25-lenient__generation_sb__single_shot__none__r5/submission-1/evaluation/report.json,6fa6311809e1910baea48243bd52dd615eb294da86476af6684db7eaf4a20e70,2f86c32c48f18e3e7d2f667a8b224a931cb24ba80c3886a0fb28229cbff4ae30
i25-lenient__generation_sb__single_shot__none__r5,generation_sb__single_shot__none,rejectsNegativeTime,input_rejection_policy,AssertionError: Invalid record was accepted by storeRun.,.local/iterations/i25-lenient/runs/i25-lenient__generation_sb__single_shot__none__r5/submission-1/evaluation/report.json,6fa6311809e1910baea48243bd52dd615eb294da86476af6684db7eaf4a20e70,2f86c32c48f18e3e7d2f667a8b224a931cb24ba80c3886a0fb28229cbff4ae30
i25-lenient__generation_sb__single_shot__none__r5,generation_sb__single_shot__none,rejectsNullName,input_rejection_policy,AssertionError: Invalid record was accepted by storeRun.,.local/iterations/i25-lenient/runs/i25-lenient__generation_sb__single_shot__none__r5/submission-1/evaluation/report.json,6fa6311809e1910baea48243bd52dd615eb294da86476af6684db7eaf4a20e70,2f86c32c48f18e3e7d2f667a8b224a931cb24ba80c3886a0fb28229cbff4ae30
i25-lenient__generation_sb__single_shot__none__r5,generation_sb__single_shot__none,rejectsBlankName,input_rejection_policy,AssertionError: Invalid record was accepted by storeRun.,.local/iterations/i25-lenient/runs/i25-lenient__generation_sb__single_shot__none__r5/submission-1/evaluation/report.json,6fa6311809e1910baea48243bd52dd615eb294da86476af6684db7eaf4a20e70,2f86c32c48f18e3e7d2f667a8b224a931cb24ba80c3886a0fb28229cbff4ae30
i25-lenient__generation_sb__single_shot__none__r5,generation_sb__single_shot__none,rejectsExcessiveName,input_rejection_policy,AssertionError: Invalid record was accepted by storeRun.,.local/iterations/i25-lenient/runs/i25-lenient__generation_sb__single_shot__none__r5/submission-1/evaluation/report.json,6fa6311809e1910baea48243bd52dd615eb294da86476af6684db7eaf4a20e70,2f86c32c48f18e3e7d2f667a8b224a931cb24ba80c3886a0fb28229cbff4ae30
i25-lenient__generation_sb__single_shot__none__r5,generation_sb__single_shot__none,boundsRetainedEntries,retention_threshold,AssertionError: More than 100 entries retained.,.local/iterations/i25-lenient/runs/i25-lenient__generation_sb__single_shot__none__r5/submission-1/evaluation/report.json,6fa6311809e1910baea48243bd52dd615eb294da86476af6684db7eaf4a20e70,2f86c32c48f18e3e7d2f667a8b224a931cb24ba80c3886a0fb28229cbff4ae30
i25-lenient__generation_sb__single_shot__none__r5,generation_sb__single_shot__none,oversizedPhysicalLine,observed_heap_exhaustion,OutOfMemoryError: Java heap space,.local/iterations/i25-lenient/runs/i25-lenient__generation_sb__single_shot__none__r5/submission-1/evaluation/report.json,6fa6311809e1910baea48243bd52dd615eb294da86476af6684db7eaf4a20e70,2f86c32c48f18e3e7d2f667a8b224a931cb24ba80c3886a0fb28229cbff4ae30
i25-lenient__reuse_sfb__single_shot__none__r5,reuse_sfb__single_shot__none,rejectsNegativeScore,input_rejection_policy,AssertionError: Invalid record was accepted by storeRun.,.local/iterations/i25-lenient/runs/i25-lenient__reuse_sfb__single_shot__none__r5/submission-1/evaluation/report.json,65ae7db83a851ec556126a476032d71b6c9bb47215e03ef44468e82df8e4d575,7c297817cfadf97439de6eb2a132bcd948c17c51a07cf6ecf3dc3d8e5e6db855
i25-lenient__reuse_sfb__single_shot__none__r5,reuse_sfb__single_shot__none,rejectsNegativeTime,input_rejection_policy,AssertionError: Invalid record was accepted by storeRun.,.local/iterations/i25-lenient/runs/i25-lenient__reuse_sfb__single_shot__none__r5/submission-1/evaluation/report.json,65ae7db83a851ec556126a476032d71b6c9bb47215e03ef44468e82df8e4d575,7c297817cfadf97439de6eb2a132bcd948c17c51a07cf6ecf3dc3d8e5e6db855
i25-lenient__reuse_sfb__single_shot__none__r5,reuse_sfb__single_shot__none,rejectsExcessiveName,input_rejection_policy,AssertionError: Invalid record was accepted by storeRun.,.local/iterations/i25-lenient/runs/i25-lenient__reuse_sfb__single_shot__none__r5/submission-1/evaluation/report.json,65ae7db83a851ec556126a476032d71b6c9bb47215e03ef44468e82df8e4d575,7c297817cfadf97439de6eb2a132bcd948c17c51a07cf6ecf3dc3d8e5e6db855
i25-lenient__reuse_sfb__single_shot__none__r5,reuse_sfb__single_shot__none,boundsRetainedEntries,retention_threshold,AssertionError: More than 100 entries retained.,.local/iterations/i25-lenient/runs/i25-lenient__reuse_sfb__single_shot__none__r5/submission-1/evaluation/report.json,65ae7db83a851ec556126a476032d71b6c9bb47215e03ef44468e82df8e4d575,7c297817cfadf97439de6eb2a132bcd948c17c51a07cf6ecf3dc3d8e5e6db855
i25-lenient__reuse_sfb__single_shot__none__r5,reuse_sfb__single_shot__none,oversizedPhysicalLine,observed_heap_exhaustion,OutOfMemoryError: Java heap space,.local/iterations/i25-lenient/runs/i25-lenient__reuse_sfb__single_shot__none__r5/submission-1/evaluation/report.json,65ae7db83a851ec556126a476032d71b6c9bb47215e03ef44468e82df8e4d575,7c297817cfadf97439de6eb2a132bcd948c17c51a07cf6ecf3dc3d8e5e6db855
