runId,condition,test,category,detail,report,reportSha256,responseSha256
i05-budget-sensitivity__generation_sfb__boundaries__r1,generation_sfb__boundaries,rejectsNegativeScore,input_rejection_policy,AssertionError: Invalid record was accepted by storeRun.,.local/iterations/i05-budget-sensitivity/runs/i05-budget-sensitivity__generation_sfb__boundaries__r1/submission-1/evaluation/report.json,c0bd453f3e03f7debb3b80065d5c33ab75a5f6bae42df4d1d61a710742ff5c6a,65516ff7f7caa3cbc21bd4b0b6ef9b0cce1badcacbc2ce237d4ea6d7da73fa5b
i05-budget-sensitivity__generation_sfb__boundaries__r1,generation_sfb__boundaries,rejectsNegativeTime,input_rejection_policy,AssertionError: Invalid record was accepted by storeRun.,.local/iterations/i05-budget-sensitivity/runs/i05-budget-sensitivity__generation_sfb__boundaries__r1/submission-1/evaluation/report.json,c0bd453f3e03f7debb3b80065d5c33ab75a5f6bae42df4d1d61a710742ff5c6a,65516ff7f7caa3cbc21bd4b0b6ef9b0cce1badcacbc2ce237d4ea6d7da73fa5b
i05-budget-sensitivity__generation_sfb__boundaries__r1,generation_sfb__boundaries,rejectsNullName,input_rejection_policy,AssertionError: Invalid record was accepted by storeRun.,.local/iterations/i05-budget-sensitivity/runs/i05-budget-sensitivity__generation_sfb__boundaries__r1/submission-1/evaluation/report.json,c0bd453f3e03f7debb3b80065d5c33ab75a5f6bae42df4d1d61a710742ff5c6a,65516ff7f7caa3cbc21bd4b0b6ef9b0cce1badcacbc2ce237d4ea6d7da73fa5b
i05-budget-sensitivity__generation_sfb__boundaries__r1,generation_sfb__boundaries,rejectsBlankName,input_rejection_policy,AssertionError: Invalid record was accepted by storeRun.,.local/iterations/i05-budget-sensitivity/runs/i05-budget-sensitivity__generation_sfb__boundaries__r1/submission-1/evaluation/report.json,c0bd453f3e03f7debb3b80065d5c33ab75a5f6bae42df4d1d61a710742ff5c6a,65516ff7f7caa3cbc21bd4b0b6ef9b0cce1badcacbc2ce237d4ea6d7da73fa5b
i05-budget-sensitivity__generation_sfb__boundaries__r1,generation_sfb__boundaries,rejectsExcessiveName,input_rejection_policy,AssertionError: Invalid record was accepted by storeRun.,.local/iterations/i05-budget-sensitivity/runs/i05-budget-sensitivity__generation_sfb__boundaries__r1/submission-1/evaluation/report.json,c0bd453f3e03f7debb3b80065d5c33ab75a5f6bae42df4d1d61a710742ff5c6a,65516ff7f7caa3cbc21bd4b0b6ef9b0cce1badcacbc2ce237d4ea6d7da73fa5b
i05-budget-sensitivity__generation_sfb__boundaries__r1,generation_sfb__boundaries,oversizedPhysicalLine,observed_heap_exhaustion,OutOfMemoryError: Java heap space,.local/iterations/i05-budget-sensitivity/runs/i05-budget-sensitivity__generation_sfb__boundaries__r1/submission-1/evaluation/report.json,c0bd453f3e03f7debb3b80065d5c33ab75a5f6bae42df4d1d61a710742ff5c6a,65516ff7f7caa3cbc21bd4b0b6ef9b0cce1badcacbc2ce237d4ea6d7da73fa5b
i05-budget-sensitivity__reuse_sb__boundaries__r1,reuse_sb__boundaries,rejectsNegativeScore,input_rejection_policy,AssertionError: Invalid record was accepted by storeRun.,.local/iterations/i05-budget-sensitivity/runs/i05-budget-sensitivity__reuse_sb__boundaries__r1/submission-2/evaluation/report.json,aae618459f71b8b9fe992f16150b4c3928d3b536c30754b924fee9e0d6523a4a,34e1c6cc97737c0be21a8a55dd0d96f0b3146de487d06fcc853595475326d402
i05-budget-sensitivity__reuse_sb__boundaries__r1,reuse_sb__boundaries,rejectsNullName,input_rejection_policy,AssertionError: Invalid record was accepted by storeRun.,.local/iterations/i05-budget-sensitivity/runs/i05-budget-sensitivity__reuse_sb__boundaries__r1/submission-2/evaluation/report.json,aae618459f71b8b9fe992f16150b4c3928d3b536c30754b924fee9e0d6523a4a,34e1c6cc97737c0be21a8a55dd0d96f0b3146de487d06fcc853595475326d402
i05-budget-sensitivity__reuse_sb__boundaries__r1,reuse_sb__boundaries,rejectsBlankName,input_rejection_policy,AssertionError: Invalid record was accepted by storeRun.,.local/iterations/i05-budget-sensitivity/runs/i05-budget-sensitivity__reuse_sb__boundaries__r1/submission-2/evaluation/report.json,aae618459f71b8b9fe992f16150b4c3928d3b536c30754b924fee9e0d6523a4a,34e1c6cc97737c0be21a8a55dd0d96f0b3146de487d06fcc853595475326d402
i05-budget-sensitivity__reuse_sb__boundaries__r1,reuse_sb__boundaries,rejectsExcessiveName,input_rejection_policy,AssertionError: Invalid record was accepted by storeRun.,.local/iterations/i05-budget-sensitivity/runs/i05-budget-sensitivity__reuse_sb__boundaries__r1/submission-2/evaluation/report.json,aae618459f71b8b9fe992f16150b4c3928d3b536c30754b924fee9e0d6523a4a,34e1c6cc97737c0be21a8a55dd0d96f0b3146de487d06fcc853595475326d402
i05-budget-sensitivity__reuse_sb__none__r1,reuse_sb__none,rejectsNegativeScore,input_rejection_policy,AssertionError: Invalid record was accepted by storeRun.,.local/iterations/i05-budget-sensitivity/runs/i05-budget-sensitivity__reuse_sb__none__r1/submission-1/evaluation/report.json,5a52d6ba6300345a1b9360edc8b24c982f5bb2a6b59094273f8d584713f6c6cc,1ec90635b3f240261444da3b7ea7fc45734db7bd9e47e877df059573f42130dd
i05-budget-sensitivity__reuse_sb__none__r1,reuse_sb__none,rejectsNegativeTime,input_rejection_policy,AssertionError: Invalid record was accepted by storeRun.,.local/iterations/i05-budget-sensitivity/runs/i05-budget-sensitivity__reuse_sb__none__r1/submission-1/evaluation/report.json,5a52d6ba6300345a1b9360edc8b24c982f5bb2a6b59094273f8d584713f6c6cc,1ec90635b3f240261444da3b7ea7fc45734db7bd9e47e877df059573f42130dd
i05-budget-sensitivity__reuse_sb__none__r1,reuse_sb__none,rejectsNullName,input_rejection_policy,AssertionError: Invalid record was accepted by storeRun.,.local/iterations/i05-budget-sensitivity/runs/i05-budget-sensitivity__reuse_sb__none__r1/submission-1/evaluation/report.json,5a52d6ba6300345a1b9360edc8b24c982f5bb2a6b59094273f8d584713f6c6cc,1ec90635b3f240261444da3b7ea7fc45734db7bd9e47e877df059573f42130dd
i05-budget-sensitivity__reuse_sb__none__r1,reuse_sb__none,rejectsBlankName,input_rejection_policy,AssertionError: Invalid record was accepted by storeRun.,.local/iterations/i05-budget-sensitivity/runs/i05-budget-sensitivity__reuse_sb__none__r1/submission-1/evaluation/report.json,5a52d6ba6300345a1b9360edc8b24c982f5bb2a6b59094273f8d584713f6c6cc,1ec90635b3f240261444da3b7ea7fc45734db7bd9e47e877df059573f42130dd
i05-budget-sensitivity__reuse_sb__none__r1,reuse_sb__none,rejectsExcessiveName,input_rejection_policy,AssertionError: Invalid record was accepted by storeRun.,.local/iterations/i05-budget-sensitivity/runs/i05-budget-sensitivity__reuse_sb__none__r1/submission-1/evaluation/report.json,5a52d6ba6300345a1b9360edc8b24c982f5bb2a6b59094273f8d584713f6c6cc,1ec90635b3f240261444da3b7ea7fc45734db7bd9e47e877df059573f42130dd
i05-budget-sensitivity__reuse_sb__none__r1,reuse_sb__none,boundsRetainedEntries,retention_threshold,AssertionError: More than 100 entries retained.,.local/iterations/i05-budget-sensitivity/runs/i05-budget-sensitivity__reuse_sb__none__r1/submission-1/evaluation/report.json,5a52d6ba6300345a1b9360edc8b24c982f5bb2a6b59094273f8d584713f6c6cc,1ec90635b3f240261444da3b7ea7fc45734db7bd9e47e877df059573f42130dd
i05-budget-sensitivity__generation_s__boundaries__r1,generation_s__boundaries,rejectsNegativeScore,input_rejection_policy,AssertionError: Invalid record was accepted by storeRun.,.local/iterations/i05-budget-sensitivity/runs/i05-budget-sensitivity__generation_s__boundaries__r1/submission-2/evaluation/report.json,fc26c3f5881262b03ec0d538b01dc87249fea73591dd97dd5efc18834dd2ec9d,d30f8955282fd814a19c08c5f6cb5cd6b07b50c2a149966dc3be66d3f9dc6537
i05-budget-sensitivity__generation_s__boundaries__r1,generation_s__boundaries,rejectsNegativeTime,input_rejection_policy,AssertionError: Invalid record was accepted by storeRun.,.local/iterations/i05-budget-sensitivity/runs/i05-budget-sensitivity__generation_s__boundaries__r1/submission-2/evaluation/report.json,fc26c3f5881262b03ec0d538b01dc87249fea73591dd97dd5efc18834dd2ec9d,d30f8955282fd814a19c08c5f6cb5cd6b07b50c2a149966dc3be66d3f9dc6537
i05-budget-sensitivity__generation_s__boundaries__r1,generation_s__boundaries,rejectsNullName,input_rejection_policy,AssertionError: Invalid record was accepted by storeRun.,.local/iterations/i05-budget-sensitivity/runs/i05-budget-sensitivity__generation_s__boundaries__r1/submission-2/evaluation/report.json,fc26c3f5881262b03ec0d538b01dc87249fea73591dd97dd5efc18834dd2ec9d,d30f8955282fd814a19c08c5f6cb5cd6b07b50c2a149966dc3be66d3f9dc6537
i05-budget-sensitivity__generation_s__boundaries__r1,generation_s__boundaries,rejectsBlankName,input_rejection_policy,AssertionError: Invalid record was accepted by storeRun.,.local/iterations/i05-budget-sensitivity/runs/i05-budget-sensitivity__generation_s__boundaries__r1/submission-2/evaluation/report.json,fc26c3f5881262b03ec0d538b01dc87249fea73591dd97dd5efc18834dd2ec9d,d30f8955282fd814a19c08c5f6cb5cd6b07b50c2a149966dc3be66d3f9dc6537
i05-budget-sensitivity__generation_s__boundaries__r1,generation_s__boundaries,rejectsExcessiveName,input_rejection_policy,AssertionError: Invalid record was accepted by storeRun.,.local/iterations/i05-budget-sensitivity/runs/i05-budget-sensitivity__generation_s__boundaries__r1/submission-2/evaluation/report.json,fc26c3f5881262b03ec0d538b01dc87249fea73591dd97dd5efc18834dd2ec9d,d30f8955282fd814a19c08c5f6cb5cd6b07b50c2a149966dc3be66d3f9dc6537
i05-budget-sensitivity__generation_s__boundaries__r1,generation_s__boundaries,oversizedPhysicalLine,observed_heap_exhaustion,OutOfMemoryError: Java heap space,.local/iterations/i05-budget-sensitivity/runs/i05-budget-sensitivity__generation_s__boundaries__r1/submission-2/evaluation/report.json,fc26c3f5881262b03ec0d538b01dc87249fea73591dd97dd5efc18834dd2ec9d,d30f8955282fd814a19c08c5f6cb5cd6b07b50c2a149966dc3be66d3f9dc6537
i05-budget-sensitivity__generation_sfb__requirements__r1,generation_sfb__requirements,rejectsNegativeScore,input_rejection_policy,AssertionError: Invalid record was accepted by storeRun.,.local/iterations/i05-budget-sensitivity/runs/i05-budget-sensitivity__generation_sfb__requirements__r1/submission-2/evaluation/report.json,4fa6ac3bc6cbbd36fc09275693a2e9445fdebb849fe9b13734245ea6a4d07df7,d79dec2773e92c44fffdb2f0f1cf2e59448512da2e13c5691ef81b6284c6b315
i05-budget-sensitivity__generation_sfb__requirements__r1,generation_sfb__requirements,oversizedPhysicalLine,observed_heap_exhaustion,OutOfMemoryError: Java heap space,.local/iterations/i05-budget-sensitivity/runs/i05-budget-sensitivity__generation_sfb__requirements__r1/submission-2/evaluation/report.json,4fa6ac3bc6cbbd36fc09275693a2e9445fdebb849fe9b13734245ea6a4d07df7,d79dec2773e92c44fffdb2f0f1cf2e59448512da2e13c5691ef81b6284c6b315
i05-budget-sensitivity__generation_s__overview__r1,generation_s__overview,rejectsNegativeScore,input_rejection_policy,AssertionError: Invalid record was accepted by storeRun.,.local/iterations/i05-budget-sensitivity/runs/i05-budget-sensitivity__generation_s__overview__r1/submission-5/evaluation/report.json,35ea69f3b01c0f9a78cf1e0911b6c4a2ae3cd1b898bcd6b75e34acf4c5c0386c,16ea99c130c1f4fd5952ceb52d757142d1957a9d3da56418f309a9737fa57090
i05-budget-sensitivity__generation_s__overview__r1,generation_s__overview,rejectsNegativeTime,input_rejection_policy,AssertionError: Invalid record was accepted by storeRun.,.local/iterations/i05-budget-sensitivity/runs/i05-budget-sensitivity__generation_s__overview__r1/submission-5/evaluation/report.json,35ea69f3b01c0f9a78cf1e0911b6c4a2ae3cd1b898bcd6b75e34acf4c5c0386c,16ea99c130c1f4fd5952ceb52d757142d1957a9d3da56418f309a9737fa57090
i05-budget-sensitivity__generation_s__overview__r1,generation_s__overview,rejectsNullName,input_rejection_policy,AssertionError: Invalid record was accepted by storeRun.,.local/iterations/i05-budget-sensitivity/runs/i05-budget-sensitivity__generation_s__overview__r1/submission-5/evaluation/report.json,35ea69f3b01c0f9a78cf1e0911b6c4a2ae3cd1b898bcd6b75e34acf4c5c0386c,16ea99c130c1f4fd5952ceb52d757142d1957a9d3da56418f309a9737fa57090
i05-budget-sensitivity__generation_s__overview__r1,generation_s__overview,rejectsBlankName,input_rejection_policy,AssertionError: Invalid record was accepted by storeRun.,.local/iterations/i05-budget-sensitivity/runs/i05-budget-sensitivity__generation_s__overview__r1/submission-5/evaluation/report.json,35ea69f3b01c0f9a78cf1e0911b6c4a2ae3cd1b898bcd6b75e34acf4c5c0386c,16ea99c130c1f4fd5952ceb52d757142d1957a9d3da56418f309a9737fa57090
i05-budget-sensitivity__generation_s__overview__r1,generation_s__overview,rejectsExcessiveName,input_rejection_policy,AssertionError: Invalid record was accepted by storeRun.,.local/iterations/i05-budget-sensitivity/runs/i05-budget-sensitivity__generation_s__overview__r1/submission-5/evaluation/report.json,35ea69f3b01c0f9a78cf1e0911b6c4a2ae3cd1b898bcd6b75e34acf4c5c0386c,16ea99c130c1f4fd5952ceb52d757142d1957a9d3da56418f309a9737fa57090
i05-budget-sensitivity__generation_s__overview__r1,generation_s__overview,boundsRetainedEntries,retention_threshold,AssertionError: More than 100 entries retained.,.local/iterations/i05-budget-sensitivity/runs/i05-budget-sensitivity__generation_s__overview__r1/submission-5/evaluation/report.json,35ea69f3b01c0f9a78cf1e0911b6c4a2ae3cd1b898bcd6b75e34acf4c5c0386c,16ea99c130c1f4fd5952ceb52d757142d1957a9d3da56418f309a9737fa57090
i05-budget-sensitivity__generation_s__overview__r1,generation_s__overview,oversizedPhysicalLine,observed_heap_exhaustion,OutOfMemoryError: Java heap space,.local/iterations/i05-budget-sensitivity/runs/i05-budget-sensitivity__generation_s__overview__r1/submission-5/evaluation/report.json,35ea69f3b01c0f9a78cf1e0911b6c4a2ae3cd1b898bcd6b75e34acf4c5c0386c,16ea99c130c1f4fd5952ceb52d757142d1957a9d3da56418f309a9737fa57090
i05-budget-sensitivity__generation_sfb__overview__r1,generation_sfb__overview,rejectsNegativeScore,input_rejection_policy,AssertionError: Invalid record was accepted by storeRun.,.local/iterations/i05-budget-sensitivity/runs/i05-budget-sensitivity__generation_sfb__overview__r1/submission-1/evaluation/report.json,c2f1a735afcdc6672fa6babd41347defc17d692b97e1b9869f1df7b79277973f,62457f6ed3257574971423354b5572d606d1996c67b1bab54de138d7bf2083c2
i05-budget-sensitivity__generation_sfb__overview__r1,generation_sfb__overview,rejectsNegativeTime,input_rejection_policy,AssertionError: Invalid record was accepted by storeRun.,.local/iterations/i05-budget-sensitivity/runs/i05-budget-sensitivity__generation_sfb__overview__r1/submission-1/evaluation/report.json,c2f1a735afcdc6672fa6babd41347defc17d692b97e1b9869f1df7b79277973f,62457f6ed3257574971423354b5572d606d1996c67b1bab54de138d7bf2083c2
i05-budget-sensitivity__generation_sfb__overview__r1,generation_sfb__overview,rejectsNullName,input_rejection_policy,AssertionError: Invalid record was accepted by storeRun.,.local/iterations/i05-budget-sensitivity/runs/i05-budget-sensitivity__generation_sfb__overview__r1/submission-1/evaluation/report.json,c2f1a735afcdc6672fa6babd41347defc17d692b97e1b9869f1df7b79277973f,62457f6ed3257574971423354b5572d606d1996c67b1bab54de138d7bf2083c2
i05-budget-sensitivity__generation_sfb__overview__r1,generation_sfb__overview,rejectsBlankName,input_rejection_policy,AssertionError: Invalid record was accepted by storeRun.,.local/iterations/i05-budget-sensitivity/runs/i05-budget-sensitivity__generation_sfb__overview__r1/submission-1/evaluation/report.json,c2f1a735afcdc6672fa6babd41347defc17d692b97e1b9869f1df7b79277973f,62457f6ed3257574971423354b5572d606d1996c67b1bab54de138d7bf2083c2
i05-budget-sensitivity__generation_sfb__overview__r1,generation_sfb__overview,rejectsExcessiveName,input_rejection_policy,AssertionError: Invalid record was accepted by storeRun.,.local/iterations/i05-budget-sensitivity/runs/i05-budget-sensitivity__generation_sfb__overview__r1/submission-1/evaluation/report.json,c2f1a735afcdc6672fa6babd41347defc17d692b97e1b9869f1df7b79277973f,62457f6ed3257574971423354b5572d606d1996c67b1bab54de138d7bf2083c2
i05-budget-sensitivity__generation_sfb__overview__r1,generation_sfb__overview,boundsRetainedEntries,retention_threshold,AssertionError: More than 100 entries retained.,.local/iterations/i05-budget-sensitivity/runs/i05-budget-sensitivity__generation_sfb__overview__r1/submission-1/evaluation/report.json,c2f1a735afcdc6672fa6babd41347defc17d692b97e1b9869f1df7b79277973f,62457f6ed3257574971423354b5572d606d1996c67b1bab54de138d7bf2083c2
i05-budget-sensitivity__generation_sfb__overview__r1,generation_sfb__overview,oversizedPhysicalLine,observed_heap_exhaustion,OutOfMemoryError: Java heap space,.local/iterations/i05-budget-sensitivity/runs/i05-budget-sensitivity__generation_sfb__overview__r1/submission-1/evaluation/report.json,c2f1a735afcdc6672fa6babd41347defc17d692b97e1b9869f1df7b79277973f,62457f6ed3257574971423354b5572d606d1996c67b1bab54de138d7bf2083c2
i05-budget-sensitivity__generation_sfb__overview__r1,generation_sfb__overview,largePersistedRecordSet,observed_heap_exhaustion,OutOfMemoryError: Java heap space,.local/iterations/i05-budget-sensitivity/runs/i05-budget-sensitivity__generation_sfb__overview__r1/submission-1/evaluation/report.json,c2f1a735afcdc6672fa6babd41347defc17d692b97e1b9869f1df7b79277973f,62457f6ed3257574971423354b5572d606d1996c67b1bab54de138d7bf2083c2
i05-budget-sensitivity__reuse_b__none__r1,reuse_b__none,rejectsNegativeScore,input_rejection_policy,AssertionError: Invalid record was accepted by storeRun.,.local/iterations/i05-budget-sensitivity/runs/i05-budget-sensitivity__reuse_b__none__r1/submission-3/evaluation/report.json,be33faaedb41537d8cc17ae1663f879445a56a9970b22edfa0b470952af047bf,a32991940730a3e54061647c35bc44955e3d0c20e117821b92a5fbc6297ae182
i05-budget-sensitivity__reuse_b__none__r1,reuse_b__none,rejectsNegativeTime,input_rejection_policy,AssertionError: Invalid record was accepted by storeRun.,.local/iterations/i05-budget-sensitivity/runs/i05-budget-sensitivity__reuse_b__none__r1/submission-3/evaluation/report.json,be33faaedb41537d8cc17ae1663f879445a56a9970b22edfa0b470952af047bf,a32991940730a3e54061647c35bc44955e3d0c20e117821b92a5fbc6297ae182
i05-budget-sensitivity__reuse_b__none__r1,reuse_b__none,rejectsNullName,input_rejection_policy,AssertionError: Invalid record was accepted by storeRun.,.local/iterations/i05-budget-sensitivity/runs/i05-budget-sensitivity__reuse_b__none__r1/submission-3/evaluation/report.json,be33faaedb41537d8cc17ae1663f879445a56a9970b22edfa0b470952af047bf,a32991940730a3e54061647c35bc44955e3d0c20e117821b92a5fbc6297ae182
i05-budget-sensitivity__reuse_b__none__r1,reuse_b__none,rejectsBlankName,input_rejection_policy,AssertionError: Invalid record was accepted by storeRun.,.local/iterations/i05-budget-sensitivity/runs/i05-budget-sensitivity__reuse_b__none__r1/submission-3/evaluation/report.json,be33faaedb41537d8cc17ae1663f879445a56a9970b22edfa0b470952af047bf,a32991940730a3e54061647c35bc44955e3d0c20e117821b92a5fbc6297ae182
i05-budget-sensitivity__reuse_b__none__r1,reuse_b__none,rejectsExcessiveName,input_rejection_policy,AssertionError: Invalid record was accepted by storeRun.,.local/iterations/i05-budget-sensitivity/runs/i05-budget-sensitivity__reuse_b__none__r1/submission-3/evaluation/report.json,be33faaedb41537d8cc17ae1663f879445a56a9970b22edfa0b470952af047bf,a32991940730a3e54061647c35bc44955e3d0c20e117821b92a5fbc6297ae182
i05-budget-sensitivity__generation_s__none__r1,generation_s__none,rejectsNegativeScore,input_rejection_policy,AssertionError: Invalid record was accepted by storeRun.,.local/iterations/i05-budget-sensitivity/runs/i05-budget-sensitivity__generation_s__none__r1/submission-4/evaluation/report.json,02555301522536364fe046fbfea88f584732de786bbdd53c4d542ecdb5b0ac64,fa6e50bb7fbe3b88912ec9455d45526b352945c0d09c5558add4ed70a13973d9
i05-budget-sensitivity__generation_s__none__r1,generation_s__none,rejectsNegativeTime,input_rejection_policy,AssertionError: Invalid record was accepted by storeRun.,.local/iterations/i05-budget-sensitivity/runs/i05-budget-sensitivity__generation_s__none__r1/submission-4/evaluation/report.json,02555301522536364fe046fbfea88f584732de786bbdd53c4d542ecdb5b0ac64,fa6e50bb7fbe3b88912ec9455d45526b352945c0d09c5558add4ed70a13973d9
i05-budget-sensitivity__generation_s__none__r1,generation_s__none,rejectsNullName,input_rejection_policy,AssertionError: Invalid record was accepted by storeRun.,.local/iterations/i05-budget-sensitivity/runs/i05-budget-sensitivity__generation_s__none__r1/submission-4/evaluation/report.json,02555301522536364fe046fbfea88f584732de786bbdd53c4d542ecdb5b0ac64,fa6e50bb7fbe3b88912ec9455d45526b352945c0d09c5558add4ed70a13973d9
i05-budget-sensitivity__generation_s__none__r1,generation_s__none,rejectsBlankName,input_rejection_policy,AssertionError: Invalid record was accepted by storeRun.,.local/iterations/i05-budget-sensitivity/runs/i05-budget-sensitivity__generation_s__none__r1/submission-4/evaluation/report.json,02555301522536364fe046fbfea88f584732de786bbdd53c4d542ecdb5b0ac64,fa6e50bb7fbe3b88912ec9455d45526b352945c0d09c5558add4ed70a13973d9
i05-budget-sensitivity__generation_s__none__r1,generation_s__none,rejectsExcessiveName,input_rejection_policy,AssertionError: Invalid record was accepted by storeRun.,.local/iterations/i05-budget-sensitivity/runs/i05-budget-sensitivity__generation_s__none__r1/submission-4/evaluation/report.json,02555301522536364fe046fbfea88f584732de786bbdd53c4d542ecdb5b0ac64,fa6e50bb7fbe3b88912ec9455d45526b352945c0d09c5558add4ed70a13973d9
i05-budget-sensitivity__generation_s__none__r1,generation_s__none,boundsRetainedEntries,retention_threshold,AssertionError: More than 100 entries retained.,.local/iterations/i05-budget-sensitivity/runs/i05-budget-sensitivity__generation_s__none__r1/submission-4/evaluation/report.json,02555301522536364fe046fbfea88f584732de786bbdd53c4d542ecdb5b0ac64,fa6e50bb7fbe3b88912ec9455d45526b352945c0d09c5558add4ed70a13973d9
i05-budget-sensitivity__generation_s__none__r1,generation_s__none,oversizedPhysicalLine,observed_heap_exhaustion,OutOfMemoryError: Java heap space,.local/iterations/i05-budget-sensitivity/runs/i05-budget-sensitivity__generation_s__none__r1/submission-4/evaluation/report.json,02555301522536364fe046fbfea88f584732de786bbdd53c4d542ecdb5b0ac64,fa6e50bb7fbe3b88912ec9455d45526b352945c0d09c5558add4ed70a13973d9
i05-budget-sensitivity__generation_s__none__r1,generation_s__none,largePersistedRecordSet,observed_heap_exhaustion,OutOfMemoryError: Java heap space,.local/iterations/i05-budget-sensitivity/runs/i05-budget-sensitivity__generation_s__none__r1/submission-4/evaluation/report.json,02555301522536364fe046fbfea88f584732de786bbdd53c4d542ecdb5b0ac64,fa6e50bb7fbe3b88912ec9455d45526b352945c0d09c5558add4ed70a13973d9
i05-budget-sensitivity__generation_s__requirements__r1,generation_s__requirements,rejectsNegativeScore,input_rejection_policy,AssertionError: Invalid record was accepted by storeRun.,.local/iterations/i05-budget-sensitivity/runs/i05-budget-sensitivity__generation_s__requirements__r1/submission-2/evaluation/report.json,d6d4ea83e37673c63563b038e83f921e317899f68a25c279980e608b3d5b2dc7,4a6aebae670f988c25b8b15ec1c76b2cc1641f79ff884ef6fd80d83e384aff3d
i05-budget-sensitivity__reuse_b__boundaries__r1,reuse_b__boundaries,rejectsNegativeScore,input_rejection_policy,AssertionError: Invalid record was accepted by storeRun.,.local/iterations/i05-budget-sensitivity/runs/i05-budget-sensitivity__reuse_b__boundaries__r1/submission-1/evaluation/report.json,d8a0bdffaff72018bb3be04193f5c09020b866564e63e424558d0397af903186,ca9b95eb0d59c5a7f1ed9bd273b568c067a5153bb9985ba455056f1e7628a877
i05-budget-sensitivity__reuse_b__boundaries__r1,reuse_b__boundaries,rejectsNegativeTime,input_rejection_policy,AssertionError: Invalid record was accepted by storeRun.,.local/iterations/i05-budget-sensitivity/runs/i05-budget-sensitivity__reuse_b__boundaries__r1/submission-1/evaluation/report.json,d8a0bdffaff72018bb3be04193f5c09020b866564e63e424558d0397af903186,ca9b95eb0d59c5a7f1ed9bd273b568c067a5153bb9985ba455056f1e7628a877
i05-budget-sensitivity__reuse_b__boundaries__r1,reuse_b__boundaries,rejectsNullName,input_rejection_policy,AssertionError: Invalid record was accepted by storeRun.,.local/iterations/i05-budget-sensitivity/runs/i05-budget-sensitivity__reuse_b__boundaries__r1/submission-1/evaluation/report.json,d8a0bdffaff72018bb3be04193f5c09020b866564e63e424558d0397af903186,ca9b95eb0d59c5a7f1ed9bd273b568c067a5153bb9985ba455056f1e7628a877
i05-budget-sensitivity__reuse_b__boundaries__r1,reuse_b__boundaries,rejectsBlankName,input_rejection_policy,AssertionError: Invalid record was accepted by storeRun.,.local/iterations/i05-budget-sensitivity/runs/i05-budget-sensitivity__reuse_b__boundaries__r1/submission-1/evaluation/report.json,d8a0bdffaff72018bb3be04193f5c09020b866564e63e424558d0397af903186,ca9b95eb0d59c5a7f1ed9bd273b568c067a5153bb9985ba455056f1e7628a877
i05-budget-sensitivity__reuse_b__boundaries__r1,reuse_b__boundaries,rejectsExcessiveName,input_rejection_policy,AssertionError: Invalid record was accepted by storeRun.,.local/iterations/i05-budget-sensitivity/runs/i05-budget-sensitivity__reuse_b__boundaries__r1/submission-1/evaluation/report.json,d8a0bdffaff72018bb3be04193f5c09020b866564e63e424558d0397af903186,ca9b95eb0d59c5a7f1ed9bd273b568c067a5153bb9985ba455056f1e7628a877
i05-budget-sensitivity__reuse_sb__overview__r1,reuse_sb__overview,rejectsNegativeScore,input_rejection_policy,AssertionError: Invalid record was accepted by storeRun.,.local/iterations/i05-budget-sensitivity/runs/i05-budget-sensitivity__reuse_sb__overview__r1/submission-1/evaluation/report.json,2e24151fcbab54bdeeb8a51478466368e9e43431a04da7db50fd92e058071981,2734b863b26cedb2a925fbe8ab0d906ae21acfb1fa85c2ad23aee47bd9441e2d
i05-budget-sensitivity__reuse_sb__overview__r1,reuse_sb__overview,rejectsNegativeTime,input_rejection_policy,AssertionError: Invalid record was accepted by storeRun.,.local/iterations/i05-budget-sensitivity/runs/i05-budget-sensitivity__reuse_sb__overview__r1/submission-1/evaluation/report.json,2e24151fcbab54bdeeb8a51478466368e9e43431a04da7db50fd92e058071981,2734b863b26cedb2a925fbe8ab0d906ae21acfb1fa85c2ad23aee47bd9441e2d
i05-budget-sensitivity__reuse_sb__overview__r1,reuse_sb__overview,rejectsNullName,input_rejection_policy,AssertionError: Invalid record was accepted by storeRun.,.local/iterations/i05-budget-sensitivity/runs/i05-budget-sensitivity__reuse_sb__overview__r1/submission-1/evaluation/report.json,2e24151fcbab54bdeeb8a51478466368e9e43431a04da7db50fd92e058071981,2734b863b26cedb2a925fbe8ab0d906ae21acfb1fa85c2ad23aee47bd9441e2d
i05-budget-sensitivity__reuse_sb__overview__r1,reuse_sb__overview,rejectsBlankName,input_rejection_policy,AssertionError: Invalid record was accepted by storeRun.,.local/iterations/i05-budget-sensitivity/runs/i05-budget-sensitivity__reuse_sb__overview__r1/submission-1/evaluation/report.json,2e24151fcbab54bdeeb8a51478466368e9e43431a04da7db50fd92e058071981,2734b863b26cedb2a925fbe8ab0d906ae21acfb1fa85c2ad23aee47bd9441e2d
i05-budget-sensitivity__reuse_sb__overview__r1,reuse_sb__overview,rejectsExcessiveName,input_rejection_policy,AssertionError: Invalid record was accepted by storeRun.,.local/iterations/i05-budget-sensitivity/runs/i05-budget-sensitivity__reuse_sb__overview__r1/submission-1/evaluation/report.json,2e24151fcbab54bdeeb8a51478466368e9e43431a04da7db50fd92e058071981,2734b863b26cedb2a925fbe8ab0d906ae21acfb1fa85c2ad23aee47bd9441e2d
i05-budget-sensitivity__reuse_sb__overview__r1,reuse_sb__overview,malformedStoreDoesNotCrash,other_fixture_failure,IndexOutOfBoundsException: Index 0 out of bounds for length 0,.local/iterations/i05-budget-sensitivity/runs/i05-budget-sensitivity__reuse_sb__overview__r1/submission-1/evaluation/report.json,2e24151fcbab54bdeeb8a51478466368e9e43431a04da7db50fd92e058071981,2734b863b26cedb2a925fbe8ab0d906ae21acfb1fa85c2ad23aee47bd9441e2d
i05-budget-sensitivity__reuse_sb__overview__r1,reuse_sb__overview,oversizedPhysicalLine,observed_heap_exhaustion,OutOfMemoryError: Java heap space,.local/iterations/i05-budget-sensitivity/runs/i05-budget-sensitivity__reuse_sb__overview__r1/submission-1/evaluation/report.json,2e24151fcbab54bdeeb8a51478466368e9e43431a04da7db50fd92e058071981,2734b863b26cedb2a925fbe8ab0d906ae21acfb1fa85c2ad23aee47bd9441e2d
i05-budget-sensitivity__reuse_b__overview__r1,reuse_b__overview,rejectsNegativeScore,input_rejection_policy,AssertionError: Invalid record was accepted by storeRun.,.local/iterations/i05-budget-sensitivity/runs/i05-budget-sensitivity__reuse_b__overview__r1/submission-1/evaluation/report.json,43f459933b4cf6a2d7cdad784b57a638ccf6eae20179337c6a2ba4d6012ad5cc,93896e5844e563b19f739a6e3c3acb1054a7f0a50ad57c937c947529ef1f81c1
i05-budget-sensitivity__reuse_b__overview__r1,reuse_b__overview,rejectsNegativeTime,input_rejection_policy,AssertionError: Invalid record was accepted by storeRun.,.local/iterations/i05-budget-sensitivity/runs/i05-budget-sensitivity__reuse_b__overview__r1/submission-1/evaluation/report.json,43f459933b4cf6a2d7cdad784b57a638ccf6eae20179337c6a2ba4d6012ad5cc,93896e5844e563b19f739a6e3c3acb1054a7f0a50ad57c937c947529ef1f81c1
i05-budget-sensitivity__reuse_b__overview__r1,reuse_b__overview,rejectsNullName,input_rejection_policy,AssertionError: Invalid record was accepted by storeRun.,.local/iterations/i05-budget-sensitivity/runs/i05-budget-sensitivity__reuse_b__overview__r1/submission-1/evaluation/report.json,43f459933b4cf6a2d7cdad784b57a638ccf6eae20179337c6a2ba4d6012ad5cc,93896e5844e563b19f739a6e3c3acb1054a7f0a50ad57c937c947529ef1f81c1
i05-budget-sensitivity__reuse_b__overview__r1,reuse_b__overview,rejectsBlankName,input_rejection_policy,AssertionError: Invalid record was accepted by storeRun.,.local/iterations/i05-budget-sensitivity/runs/i05-budget-sensitivity__reuse_b__overview__r1/submission-1/evaluation/report.json,43f459933b4cf6a2d7cdad784b57a638ccf6eae20179337c6a2ba4d6012ad5cc,93896e5844e563b19f739a6e3c3acb1054a7f0a50ad57c937c947529ef1f81c1
i05-budget-sensitivity__reuse_b__overview__r1,reuse_b__overview,rejectsExcessiveName,input_rejection_policy,AssertionError: Invalid record was accepted by storeRun.,.local/iterations/i05-budget-sensitivity/runs/i05-budget-sensitivity__reuse_b__overview__r1/submission-1/evaluation/report.json,43f459933b4cf6a2d7cdad784b57a638ccf6eae20179337c6a2ba4d6012ad5cc,93896e5844e563b19f739a6e3c3acb1054a7f0a50ad57c937c947529ef1f81c1
i05-budget-sensitivity__generation_sfb__none__r1,generation_sfb__none,rejectsNegativeScore,input_rejection_policy,AssertionError: Invalid record was accepted by storeRun.,.local/iterations/i05-budget-sensitivity/runs/i05-budget-sensitivity__generation_sfb__none__r1/submission-2/evaluation/report.json,7563ddc284ace1a9f31faa055e4ddafe3857d0e464409fbbf030d2aa4b54f2f9,80226ae1c7291c516efeb9743bbcf22a1e81fcb5c12b3c10d7b06f8cb07c40a8
i05-budget-sensitivity__generation_sfb__none__r1,generation_sfb__none,rejectsNegativeTime,input_rejection_policy,AssertionError: Invalid record was accepted by storeRun.,.local/iterations/i05-budget-sensitivity/runs/i05-budget-sensitivity__generation_sfb__none__r1/submission-2/evaluation/report.json,7563ddc284ace1a9f31faa055e4ddafe3857d0e464409fbbf030d2aa4b54f2f9,80226ae1c7291c516efeb9743bbcf22a1e81fcb5c12b3c10d7b06f8cb07c40a8
i05-budget-sensitivity__generation_sfb__none__r1,generation_sfb__none,rejectsNullName,input_rejection_policy,AssertionError: Invalid record was accepted by storeRun.,.local/iterations/i05-budget-sensitivity/runs/i05-budget-sensitivity__generation_sfb__none__r1/submission-2/evaluation/report.json,7563ddc284ace1a9f31faa055e4ddafe3857d0e464409fbbf030d2aa4b54f2f9,80226ae1c7291c516efeb9743bbcf22a1e81fcb5c12b3c10d7b06f8cb07c40a8
i05-budget-sensitivity__generation_sfb__none__r1,generation_sfb__none,rejectsBlankName,input_rejection_policy,AssertionError: Invalid record was accepted by storeRun.,.local/iterations/i05-budget-sensitivity/runs/i05-budget-sensitivity__generation_sfb__none__r1/submission-2/evaluation/report.json,7563ddc284ace1a9f31faa055e4ddafe3857d0e464409fbbf030d2aa4b54f2f9,80226ae1c7291c516efeb9743bbcf22a1e81fcb5c12b3c10d7b06f8cb07c40a8
i05-budget-sensitivity__generation_sfb__none__r1,generation_sfb__none,rejectsExcessiveName,input_rejection_policy,AssertionError: Invalid record was accepted by storeRun.,.local/iterations/i05-budget-sensitivity/runs/i05-budget-sensitivity__generation_sfb__none__r1/submission-2/evaluation/report.json,7563ddc284ace1a9f31faa055e4ddafe3857d0e464409fbbf030d2aa4b54f2f9,80226ae1c7291c516efeb9743bbcf22a1e81fcb5c12b3c10d7b06f8cb07c40a8
i05-budget-sensitivity__generation_sfb__none__r1,generation_sfb__none,boundsRetainedEntries,retention_threshold,AssertionError: More than 100 entries retained.,.local/iterations/i05-budget-sensitivity/runs/i05-budget-sensitivity__generation_sfb__none__r1/submission-2/evaluation/report.json,7563ddc284ace1a9f31faa055e4ddafe3857d0e464409fbbf030d2aa4b54f2f9,80226ae1c7291c516efeb9743bbcf22a1e81fcb5c12b3c10d7b06f8cb07c40a8
i05-budget-sensitivity__generation_sfb__none__r1,generation_sfb__none,oversizedPhysicalLine,observed_heap_exhaustion,OutOfMemoryError: Java heap space,.local/iterations/i05-budget-sensitivity/runs/i05-budget-sensitivity__generation_sfb__none__r1/submission-2/evaluation/report.json,7563ddc284ace1a9f31faa055e4ddafe3857d0e464409fbbf030d2aa4b54f2f9,80226ae1c7291c516efeb9743bbcf22a1e81fcb5c12b3c10d7b06f8cb07c40a8
i05-budget-sensitivity__generation_sfb__none__r1,generation_sfb__none,largePersistedRecordSet,observed_heap_exhaustion,OutOfMemoryError: Java heap space,.local/iterations/i05-budget-sensitivity/runs/i05-budget-sensitivity__generation_sfb__none__r1/submission-2/evaluation/report.json,7563ddc284ace1a9f31faa055e4ddafe3857d0e464409fbbf030d2aa4b54f2f9,80226ae1c7291c516efeb9743bbcf22a1e81fcb5c12b3c10d7b06f8cb07c40a8
i05-budget-sensitivity__reuse_sb__boundaries__r2,reuse_sb__boundaries,rejectsNegativeScore,input_rejection_policy,AssertionError: Invalid record was accepted by storeRun.,.local/iterations/i05-budget-sensitivity/runs/i05-budget-sensitivity__reuse_sb__boundaries__r2/submission-1/evaluation/report.json,239580eaed0f0d8b8abb819b11802ede0f5185babbfc252772630cfe2cf9213b,3397a17d97459a3bd2fb218369066d5ee29b9fd159b0a7dfede8db67a9eb84e7
i05-budget-sensitivity__reuse_sb__boundaries__r2,reuse_sb__boundaries,rejectsNegativeTime,input_rejection_policy,AssertionError: Invalid record was accepted by storeRun.,.local/iterations/i05-budget-sensitivity/runs/i05-budget-sensitivity__reuse_sb__boundaries__r2/submission-1/evaluation/report.json,239580eaed0f0d8b8abb819b11802ede0f5185babbfc252772630cfe2cf9213b,3397a17d97459a3bd2fb218369066d5ee29b9fd159b0a7dfede8db67a9eb84e7
i05-budget-sensitivity__reuse_sb__boundaries__r2,reuse_sb__boundaries,rejectsNullName,input_rejection_policy,AssertionError: Invalid record was accepted by storeRun.,.local/iterations/i05-budget-sensitivity/runs/i05-budget-sensitivity__reuse_sb__boundaries__r2/submission-1/evaluation/report.json,239580eaed0f0d8b8abb819b11802ede0f5185babbfc252772630cfe2cf9213b,3397a17d97459a3bd2fb218369066d5ee29b9fd159b0a7dfede8db67a9eb84e7
i05-budget-sensitivity__reuse_sb__boundaries__r2,reuse_sb__boundaries,rejectsBlankName,input_rejection_policy,AssertionError: Invalid record was accepted by storeRun.,.local/iterations/i05-budget-sensitivity/runs/i05-budget-sensitivity__reuse_sb__boundaries__r2/submission-1/evaluation/report.json,239580eaed0f0d8b8abb819b11802ede0f5185babbfc252772630cfe2cf9213b,3397a17d97459a3bd2fb218369066d5ee29b9fd159b0a7dfede8db67a9eb84e7
i05-budget-sensitivity__reuse_sb__boundaries__r2,reuse_sb__boundaries,rejectsExcessiveName,input_rejection_policy,AssertionError: Invalid record was accepted by storeRun.,.local/iterations/i05-budget-sensitivity/runs/i05-budget-sensitivity__reuse_sb__boundaries__r2/submission-1/evaluation/report.json,239580eaed0f0d8b8abb819b11802ede0f5185babbfc252772630cfe2cf9213b,3397a17d97459a3bd2fb218369066d5ee29b9fd159b0a7dfede8db67a9eb84e7
i05-budget-sensitivity__reuse_sb__boundaries__r2,reuse_sb__boundaries,boundsRetainedEntries,retention_threshold,AssertionError: More than 100 entries retained.,.local/iterations/i05-budget-sensitivity/runs/i05-budget-sensitivity__reuse_sb__boundaries__r2/submission-1/evaluation/report.json,239580eaed0f0d8b8abb819b11802ede0f5185babbfc252772630cfe2cf9213b,3397a17d97459a3bd2fb218369066d5ee29b9fd159b0a7dfede8db67a9eb84e7
i05-budget-sensitivity__reuse_sb__overview__r2,reuse_sb__overview,rejectsNegativeScore,input_rejection_policy,AssertionError: Invalid record was accepted by storeRun.,.local/iterations/i05-budget-sensitivity/runs/i05-budget-sensitivity__reuse_sb__overview__r2/submission-1/evaluation/report.json,df8cd15ab2da695d54ccb19321962985639dc0f5e70839a42190c2ed65a73542,bdbdc53a112bf9daa6f421e7447113c592a2f05666ccb8d565fcacf4600b8c41
i05-budget-sensitivity__reuse_sb__overview__r2,reuse_sb__overview,rejectsNegativeTime,input_rejection_policy,AssertionError: Invalid record was accepted by storeRun.,.local/iterations/i05-budget-sensitivity/runs/i05-budget-sensitivity__reuse_sb__overview__r2/submission-1/evaluation/report.json,df8cd15ab2da695d54ccb19321962985639dc0f5e70839a42190c2ed65a73542,bdbdc53a112bf9daa6f421e7447113c592a2f05666ccb8d565fcacf4600b8c41
i05-budget-sensitivity__reuse_sb__overview__r2,reuse_sb__overview,rejectsNullName,input_rejection_policy,AssertionError: Invalid record was accepted by storeRun.,.local/iterations/i05-budget-sensitivity/runs/i05-budget-sensitivity__reuse_sb__overview__r2/submission-1/evaluation/report.json,df8cd15ab2da695d54ccb19321962985639dc0f5e70839a42190c2ed65a73542,bdbdc53a112bf9daa6f421e7447113c592a2f05666ccb8d565fcacf4600b8c41
i05-budget-sensitivity__reuse_sb__overview__r2,reuse_sb__overview,rejectsBlankName,input_rejection_policy,AssertionError: Invalid record was accepted by storeRun.,.local/iterations/i05-budget-sensitivity/runs/i05-budget-sensitivity__reuse_sb__overview__r2/submission-1/evaluation/report.json,df8cd15ab2da695d54ccb19321962985639dc0f5e70839a42190c2ed65a73542,bdbdc53a112bf9daa6f421e7447113c592a2f05666ccb8d565fcacf4600b8c41
i05-budget-sensitivity__reuse_sb__overview__r2,reuse_sb__overview,rejectsExcessiveName,input_rejection_policy,AssertionError: Invalid record was accepted by storeRun.,.local/iterations/i05-budget-sensitivity/runs/i05-budget-sensitivity__reuse_sb__overview__r2/submission-1/evaluation/report.json,df8cd15ab2da695d54ccb19321962985639dc0f5e70839a42190c2ed65a73542,bdbdc53a112bf9daa6f421e7447113c592a2f05666ccb8d565fcacf4600b8c41
i05-budget-sensitivity__reuse_sb__overview__r2,reuse_sb__overview,oversizedPhysicalLine,observed_heap_exhaustion,OutOfMemoryError: Java heap space,.local/iterations/i05-budget-sensitivity/runs/i05-budget-sensitivity__reuse_sb__overview__r2/submission-1/evaluation/report.json,df8cd15ab2da695d54ccb19321962985639dc0f5e70839a42190c2ed65a73542,bdbdc53a112bf9daa6f421e7447113c592a2f05666ccb8d565fcacf4600b8c41
i05-budget-sensitivity__generation_s__none__r2,generation_s__none,rejectsNegativeScore,input_rejection_policy,AssertionError: Invalid record was accepted by storeRun.,.local/iterations/i05-budget-sensitivity/runs/i05-budget-sensitivity__generation_s__none__r2/submission-3/evaluation/report.json,de6e1cc75f576a22af3674ffc242d8939197f51a79fb5c6c5f42c4de567d264e,830a340dfeaca226129885b53d91a7f9e7811893941beb080d6e9eb9e7c04531
i05-budget-sensitivity__generation_s__none__r2,generation_s__none,rejectsNegativeTime,input_rejection_policy,AssertionError: Invalid record was accepted by storeRun.,.local/iterations/i05-budget-sensitivity/runs/i05-budget-sensitivity__generation_s__none__r2/submission-3/evaluation/report.json,de6e1cc75f576a22af3674ffc242d8939197f51a79fb5c6c5f42c4de567d264e,830a340dfeaca226129885b53d91a7f9e7811893941beb080d6e9eb9e7c04531
i05-budget-sensitivity__generation_s__none__r2,generation_s__none,rejectsNullName,input_rejection_policy,AssertionError: Invalid record was accepted by storeRun.,.local/iterations/i05-budget-sensitivity/runs/i05-budget-sensitivity__generation_s__none__r2/submission-3/evaluation/report.json,de6e1cc75f576a22af3674ffc242d8939197f51a79fb5c6c5f42c4de567d264e,830a340dfeaca226129885b53d91a7f9e7811893941beb080d6e9eb9e7c04531
i05-budget-sensitivity__generation_s__none__r2,generation_s__none,rejectsBlankName,input_rejection_policy,AssertionError: Invalid record was accepted by storeRun.,.local/iterations/i05-budget-sensitivity/runs/i05-budget-sensitivity__generation_s__none__r2/submission-3/evaluation/report.json,de6e1cc75f576a22af3674ffc242d8939197f51a79fb5c6c5f42c4de567d264e,830a340dfeaca226129885b53d91a7f9e7811893941beb080d6e9eb9e7c04531
i05-budget-sensitivity__generation_s__none__r2,generation_s__none,rejectsExcessiveName,input_rejection_policy,AssertionError: Invalid record was accepted by storeRun.,.local/iterations/i05-budget-sensitivity/runs/i05-budget-sensitivity__generation_s__none__r2/submission-3/evaluation/report.json,de6e1cc75f576a22af3674ffc242d8939197f51a79fb5c6c5f42c4de567d264e,830a340dfeaca226129885b53d91a7f9e7811893941beb080d6e9eb9e7c04531
i05-budget-sensitivity__generation_s__none__r2,generation_s__none,boundsRetainedEntries,retention_threshold,AssertionError: More than 100 entries retained.,.local/iterations/i05-budget-sensitivity/runs/i05-budget-sensitivity__generation_s__none__r2/submission-3/evaluation/report.json,de6e1cc75f576a22af3674ffc242d8939197f51a79fb5c6c5f42c4de567d264e,830a340dfeaca226129885b53d91a7f9e7811893941beb080d6e9eb9e7c04531
i05-budget-sensitivity__generation_s__none__r2,generation_s__none,oversizedPhysicalLine,observed_heap_exhaustion,OutOfMemoryError: Java heap space,.local/iterations/i05-budget-sensitivity/runs/i05-budget-sensitivity__generation_s__none__r2/submission-3/evaluation/report.json,de6e1cc75f576a22af3674ffc242d8939197f51a79fb5c6c5f42c4de567d264e,830a340dfeaca226129885b53d91a7f9e7811893941beb080d6e9eb9e7c04531
i05-budget-sensitivity__generation_s__requirements__r2,generation_s__requirements,rejectsNegativeScore,input_rejection_policy,AssertionError: Invalid record was accepted by storeRun.,.local/iterations/i05-budget-sensitivity/runs/i05-budget-sensitivity__generation_s__requirements__r2/submission-1/evaluation/report.json,b92130814d190994e9b38377ea294349c0e3af20279c2d67e9305febfebfcbbf,818c9584713d1bb8cebb83d63857c23e445bec0fd4ccb0a9c64aaac45e35a271
i05-budget-sensitivity__reuse_sb__none__r2,reuse_sb__none,rejectsNegativeScore,input_rejection_policy,AssertionError: Invalid record was accepted by storeRun.,.local/iterations/i05-budget-sensitivity/runs/i05-budget-sensitivity__reuse_sb__none__r2/submission-3/evaluation/report.json,7ff369d19229e3f25914c04df8f87812a35c1d7f6e78dbb43dc6ade98e2c876d,59b62974ee59c55dbf2273c5fbdaa7338ea3bb18c43985cdf30bb67e17b518c6
i05-budget-sensitivity__reuse_sb__none__r2,reuse_sb__none,rejectsNegativeTime,input_rejection_policy,AssertionError: Invalid record was accepted by storeRun.,.local/iterations/i05-budget-sensitivity/runs/i05-budget-sensitivity__reuse_sb__none__r2/submission-3/evaluation/report.json,7ff369d19229e3f25914c04df8f87812a35c1d7f6e78dbb43dc6ade98e2c876d,59b62974ee59c55dbf2273c5fbdaa7338ea3bb18c43985cdf30bb67e17b518c6
i05-budget-sensitivity__reuse_sb__none__r2,reuse_sb__none,rejectsNullName,input_rejection_policy,AssertionError: Invalid record was accepted by storeRun.,.local/iterations/i05-budget-sensitivity/runs/i05-budget-sensitivity__reuse_sb__none__r2/submission-3/evaluation/report.json,7ff369d19229e3f25914c04df8f87812a35c1d7f6e78dbb43dc6ade98e2c876d,59b62974ee59c55dbf2273c5fbdaa7338ea3bb18c43985cdf30bb67e17b518c6
i05-budget-sensitivity__reuse_sb__none__r2,reuse_sb__none,rejectsBlankName,input_rejection_policy,AssertionError: Invalid record was accepted by storeRun.,.local/iterations/i05-budget-sensitivity/runs/i05-budget-sensitivity__reuse_sb__none__r2/submission-3/evaluation/report.json,7ff369d19229e3f25914c04df8f87812a35c1d7f6e78dbb43dc6ade98e2c876d,59b62974ee59c55dbf2273c5fbdaa7338ea3bb18c43985cdf30bb67e17b518c6
i05-budget-sensitivity__reuse_sb__none__r2,reuse_sb__none,rejectsExcessiveName,input_rejection_policy,AssertionError: Invalid record was accepted by storeRun.,.local/iterations/i05-budget-sensitivity/runs/i05-budget-sensitivity__reuse_sb__none__r2/submission-3/evaluation/report.json,7ff369d19229e3f25914c04df8f87812a35c1d7f6e78dbb43dc6ade98e2c876d,59b62974ee59c55dbf2273c5fbdaa7338ea3bb18c43985cdf30bb67e17b518c6
i05-budget-sensitivity__reuse_sb__none__r2,reuse_sb__none,boundsRetainedEntries,retention_threshold,AssertionError: More than 100 entries retained.,.local/iterations/i05-budget-sensitivity/runs/i05-budget-sensitivity__reuse_sb__none__r2/submission-3/evaluation/report.json,7ff369d19229e3f25914c04df8f87812a35c1d7f6e78dbb43dc6ade98e2c876d,59b62974ee59c55dbf2273c5fbdaa7338ea3bb18c43985cdf30bb67e17b518c6
i05-budget-sensitivity__reuse_sb__none__r2,reuse_sb__none,oversizedPhysicalLine,observed_heap_exhaustion,OutOfMemoryError: Java heap space,.local/iterations/i05-budget-sensitivity/runs/i05-budget-sensitivity__reuse_sb__none__r2/submission-3/evaluation/report.json,7ff369d19229e3f25914c04df8f87812a35c1d7f6e78dbb43dc6ade98e2c876d,59b62974ee59c55dbf2273c5fbdaa7338ea3bb18c43985cdf30bb67e17b518c6
i05-budget-sensitivity__reuse_sb__none__r2,reuse_sb__none,largePersistedRecordSet,observed_heap_exhaustion,OutOfMemoryError: Java heap space,.local/iterations/i05-budget-sensitivity/runs/i05-budget-sensitivity__reuse_sb__none__r2/submission-3/evaluation/report.json,7ff369d19229e3f25914c04df8f87812a35c1d7f6e78dbb43dc6ade98e2c876d,59b62974ee59c55dbf2273c5fbdaa7338ea3bb18c43985cdf30bb67e17b518c6
i05-budget-sensitivity__generation_sfb__none__r2,generation_sfb__none,rejectsNegativeScore,input_rejection_policy,AssertionError: Invalid record was accepted by storeRun.,.local/iterations/i05-budget-sensitivity/runs/i05-budget-sensitivity__generation_sfb__none__r2/submission-1/evaluation/report.json,67d24b62a9f9b6e165f0160080dd2a9b8e6f03f57e47d40d03a86d54c8616aa8,524ad25f7f4fc4d942c1e1f8810fae68c1f1b89a67d463ddee746b093ce4521c
i05-budget-sensitivity__generation_sfb__none__r2,generation_sfb__none,rejectsNegativeTime,input_rejection_policy,AssertionError: Invalid record was accepted by storeRun.,.local/iterations/i05-budget-sensitivity/runs/i05-budget-sensitivity__generation_sfb__none__r2/submission-1/evaluation/report.json,67d24b62a9f9b6e165f0160080dd2a9b8e6f03f57e47d40d03a86d54c8616aa8,524ad25f7f4fc4d942c1e1f8810fae68c1f1b89a67d463ddee746b093ce4521c
i05-budget-sensitivity__generation_sfb__none__r2,generation_sfb__none,rejectsNullName,input_rejection_policy,AssertionError: Invalid record was accepted by storeRun.,.local/iterations/i05-budget-sensitivity/runs/i05-budget-sensitivity__generation_sfb__none__r2/submission-1/evaluation/report.json,67d24b62a9f9b6e165f0160080dd2a9b8e6f03f57e47d40d03a86d54c8616aa8,524ad25f7f4fc4d942c1e1f8810fae68c1f1b89a67d463ddee746b093ce4521c
i05-budget-sensitivity__generation_sfb__none__r2,generation_sfb__none,rejectsBlankName,input_rejection_policy,AssertionError: Invalid record was accepted by storeRun.,.local/iterations/i05-budget-sensitivity/runs/i05-budget-sensitivity__generation_sfb__none__r2/submission-1/evaluation/report.json,67d24b62a9f9b6e165f0160080dd2a9b8e6f03f57e47d40d03a86d54c8616aa8,524ad25f7f4fc4d942c1e1f8810fae68c1f1b89a67d463ddee746b093ce4521c
i05-budget-sensitivity__generation_sfb__none__r2,generation_sfb__none,rejectsExcessiveName,input_rejection_policy,AssertionError: Invalid record was accepted by storeRun.,.local/iterations/i05-budget-sensitivity/runs/i05-budget-sensitivity__generation_sfb__none__r2/submission-1/evaluation/report.json,67d24b62a9f9b6e165f0160080dd2a9b8e6f03f57e47d40d03a86d54c8616aa8,524ad25f7f4fc4d942c1e1f8810fae68c1f1b89a67d463ddee746b093ce4521c
i05-budget-sensitivity__generation_sfb__none__r2,generation_sfb__none,boundsRetainedEntries,retention_threshold,AssertionError: More than 100 entries retained.,.local/iterations/i05-budget-sensitivity/runs/i05-budget-sensitivity__generation_sfb__none__r2/submission-1/evaluation/report.json,67d24b62a9f9b6e165f0160080dd2a9b8e6f03f57e47d40d03a86d54c8616aa8,524ad25f7f4fc4d942c1e1f8810fae68c1f1b89a67d463ddee746b093ce4521c
i05-budget-sensitivity__generation_sfb__none__r2,generation_sfb__none,oversizedPhysicalLine,observed_heap_exhaustion,OutOfMemoryError: Java heap space,.local/iterations/i05-budget-sensitivity/runs/i05-budget-sensitivity__generation_sfb__none__r2/submission-1/evaluation/report.json,67d24b62a9f9b6e165f0160080dd2a9b8e6f03f57e47d40d03a86d54c8616aa8,524ad25f7f4fc4d942c1e1f8810fae68c1f1b89a67d463ddee746b093ce4521c
i05-budget-sensitivity__generation_sfb__none__r2,generation_sfb__none,largePersistedRecordSet,observed_heap_exhaustion,OutOfMemoryError: Java heap space,.local/iterations/i05-budget-sensitivity/runs/i05-budget-sensitivity__generation_sfb__none__r2/submission-1/evaluation/report.json,67d24b62a9f9b6e165f0160080dd2a9b8e6f03f57e47d40d03a86d54c8616aa8,524ad25f7f4fc4d942c1e1f8810fae68c1f1b89a67d463ddee746b093ce4521c
i05-budget-sensitivity__reuse_b__none__r2,reuse_b__none,rejectsNegativeScore,input_rejection_policy,AssertionError: Invalid record was accepted by storeRun.,.local/iterations/i05-budget-sensitivity/runs/i05-budget-sensitivity__reuse_b__none__r2/submission-1/evaluation/report.json,ba11c4b2591dc8c98761c8085873cee5489c438aac8a83bdcf1f27a07f0d193f,f77f007b5459c6db18b7338dc8138f31268dddf7345820c3f2973ce58326c0de
i05-budget-sensitivity__reuse_b__none__r2,reuse_b__none,rejectsNegativeTime,input_rejection_policy,AssertionError: Invalid record was accepted by storeRun.,.local/iterations/i05-budget-sensitivity/runs/i05-budget-sensitivity__reuse_b__none__r2/submission-1/evaluation/report.json,ba11c4b2591dc8c98761c8085873cee5489c438aac8a83bdcf1f27a07f0d193f,f77f007b5459c6db18b7338dc8138f31268dddf7345820c3f2973ce58326c0de
i05-budget-sensitivity__reuse_b__none__r2,reuse_b__none,rejectsNullName,input_rejection_policy,AssertionError: Invalid record was accepted by storeRun.,.local/iterations/i05-budget-sensitivity/runs/i05-budget-sensitivity__reuse_b__none__r2/submission-1/evaluation/report.json,ba11c4b2591dc8c98761c8085873cee5489c438aac8a83bdcf1f27a07f0d193f,f77f007b5459c6db18b7338dc8138f31268dddf7345820c3f2973ce58326c0de
i05-budget-sensitivity__reuse_b__none__r2,reuse_b__none,rejectsBlankName,input_rejection_policy,AssertionError: Invalid record was accepted by storeRun.,.local/iterations/i05-budget-sensitivity/runs/i05-budget-sensitivity__reuse_b__none__r2/submission-1/evaluation/report.json,ba11c4b2591dc8c98761c8085873cee5489c438aac8a83bdcf1f27a07f0d193f,f77f007b5459c6db18b7338dc8138f31268dddf7345820c3f2973ce58326c0de
i05-budget-sensitivity__reuse_b__none__r2,reuse_b__none,rejectsExcessiveName,input_rejection_policy,AssertionError: Invalid record was accepted by storeRun.,.local/iterations/i05-budget-sensitivity/runs/i05-budget-sensitivity__reuse_b__none__r2/submission-1/evaluation/report.json,ba11c4b2591dc8c98761c8085873cee5489c438aac8a83bdcf1f27a07f0d193f,f77f007b5459c6db18b7338dc8138f31268dddf7345820c3f2973ce58326c0de
i05-budget-sensitivity__reuse_b__none__r2,reuse_b__none,oversizedPhysicalLine,observed_heap_exhaustion,OutOfMemoryError: Java heap space,.local/iterations/i05-budget-sensitivity/runs/i05-budget-sensitivity__reuse_b__none__r2/submission-1/evaluation/report.json,ba11c4b2591dc8c98761c8085873cee5489c438aac8a83bdcf1f27a07f0d193f,f77f007b5459c6db18b7338dc8138f31268dddf7345820c3f2973ce58326c0de
i05-budget-sensitivity__reuse_b__none__r2,reuse_b__none,largePersistedRecordSet,observed_heap_exhaustion,OutOfMemoryError: Java heap space,.local/iterations/i05-budget-sensitivity/runs/i05-budget-sensitivity__reuse_b__none__r2/submission-1/evaluation/report.json,ba11c4b2591dc8c98761c8085873cee5489c438aac8a83bdcf1f27a07f0d193f,f77f007b5459c6db18b7338dc8138f31268dddf7345820c3f2973ce58326c0de
i05-budget-sensitivity__generation_s__overview__r2,generation_s__overview,rejectsNegativeScore,input_rejection_policy,AssertionError: Invalid record was accepted by storeRun.,.local/iterations/i05-budget-sensitivity/runs/i05-budget-sensitivity__generation_s__overview__r2/submission-1/evaluation/report.json,0c6e407792f00f879e40e8729575e52147d7e3496dad3f8b8ec32fb50ca5b5ea,1517f06911755f202bb52909d9fa769ea75c7b855226dc37d5d73a5bc5eff82f
i05-budget-sensitivity__generation_s__overview__r2,generation_s__overview,rejectsNegativeTime,input_rejection_policy,AssertionError: Invalid record was accepted by storeRun.,.local/iterations/i05-budget-sensitivity/runs/i05-budget-sensitivity__generation_s__overview__r2/submission-1/evaluation/report.json,0c6e407792f00f879e40e8729575e52147d7e3496dad3f8b8ec32fb50ca5b5ea,1517f06911755f202bb52909d9fa769ea75c7b855226dc37d5d73a5bc5eff82f
i05-budget-sensitivity__generation_s__overview__r2,generation_s__overview,rejectsNullName,input_rejection_policy,AssertionError: Invalid record was accepted by storeRun.,.local/iterations/i05-budget-sensitivity/runs/i05-budget-sensitivity__generation_s__overview__r2/submission-1/evaluation/report.json,0c6e407792f00f879e40e8729575e52147d7e3496dad3f8b8ec32fb50ca5b5ea,1517f06911755f202bb52909d9fa769ea75c7b855226dc37d5d73a5bc5eff82f
i05-budget-sensitivity__generation_s__overview__r2,generation_s__overview,rejectsBlankName,input_rejection_policy,AssertionError: Invalid record was accepted by storeRun.,.local/iterations/i05-budget-sensitivity/runs/i05-budget-sensitivity__generation_s__overview__r2/submission-1/evaluation/report.json,0c6e407792f00f879e40e8729575e52147d7e3496dad3f8b8ec32fb50ca5b5ea,1517f06911755f202bb52909d9fa769ea75c7b855226dc37d5d73a5bc5eff82f
i05-budget-sensitivity__generation_s__overview__r2,generation_s__overview,rejectsExcessiveName,input_rejection_policy,AssertionError: Invalid record was accepted by storeRun.,.local/iterations/i05-budget-sensitivity/runs/i05-budget-sensitivity__generation_s__overview__r2/submission-1/evaluation/report.json,0c6e407792f00f879e40e8729575e52147d7e3496dad3f8b8ec32fb50ca5b5ea,1517f06911755f202bb52909d9fa769ea75c7b855226dc37d5d73a5bc5eff82f
i05-budget-sensitivity__generation_s__overview__r2,generation_s__overview,boundsRetainedEntries,retention_threshold,AssertionError: More than 100 entries retained.,.local/iterations/i05-budget-sensitivity/runs/i05-budget-sensitivity__generation_s__overview__r2/submission-1/evaluation/report.json,0c6e407792f00f879e40e8729575e52147d7e3496dad3f8b8ec32fb50ca5b5ea,1517f06911755f202bb52909d9fa769ea75c7b855226dc37d5d73a5bc5eff82f
i05-budget-sensitivity__generation_s__overview__r2,generation_s__overview,oversizedPhysicalLine,observed_heap_exhaustion,OutOfMemoryError: Java heap space,.local/iterations/i05-budget-sensitivity/runs/i05-budget-sensitivity__generation_s__overview__r2/submission-1/evaluation/report.json,0c6e407792f00f879e40e8729575e52147d7e3496dad3f8b8ec32fb50ca5b5ea,1517f06911755f202bb52909d9fa769ea75c7b855226dc37d5d73a5bc5eff82f
i05-budget-sensitivity__generation_s__boundaries__r2,generation_s__boundaries,rejectsNegativeScore,input_rejection_policy,AssertionError: Invalid record was accepted by storeRun.,.local/iterations/i05-budget-sensitivity/runs/i05-budget-sensitivity__generation_s__boundaries__r2/submission-2/evaluation/report.json,1ff1d751783b5525b82f0951957d4b50e54487f00f152b93083b7cb03a6cef02,9c87b371a0820041338c0110b75df873626c8aa732922269615095425342ab8c
i05-budget-sensitivity__generation_s__boundaries__r2,generation_s__boundaries,rejectsNegativeTime,input_rejection_policy,AssertionError: Invalid record was accepted by storeRun.,.local/iterations/i05-budget-sensitivity/runs/i05-budget-sensitivity__generation_s__boundaries__r2/submission-2/evaluation/report.json,1ff1d751783b5525b82f0951957d4b50e54487f00f152b93083b7cb03a6cef02,9c87b371a0820041338c0110b75df873626c8aa732922269615095425342ab8c
i05-budget-sensitivity__generation_s__boundaries__r2,generation_s__boundaries,rejectsNullName,input_rejection_policy,AssertionError: Invalid record was accepted by storeRun.,.local/iterations/i05-budget-sensitivity/runs/i05-budget-sensitivity__generation_s__boundaries__r2/submission-2/evaluation/report.json,1ff1d751783b5525b82f0951957d4b50e54487f00f152b93083b7cb03a6cef02,9c87b371a0820041338c0110b75df873626c8aa732922269615095425342ab8c
i05-budget-sensitivity__generation_s__boundaries__r2,generation_s__boundaries,rejectsBlankName,input_rejection_policy,AssertionError: Invalid record was accepted by storeRun.,.local/iterations/i05-budget-sensitivity/runs/i05-budget-sensitivity__generation_s__boundaries__r2/submission-2/evaluation/report.json,1ff1d751783b5525b82f0951957d4b50e54487f00f152b93083b7cb03a6cef02,9c87b371a0820041338c0110b75df873626c8aa732922269615095425342ab8c
i05-budget-sensitivity__generation_s__boundaries__r2,generation_s__boundaries,rejectsExcessiveName,input_rejection_policy,AssertionError: Invalid record was accepted by storeRun.,.local/iterations/i05-budget-sensitivity/runs/i05-budget-sensitivity__generation_s__boundaries__r2/submission-2/evaluation/report.json,1ff1d751783b5525b82f0951957d4b50e54487f00f152b93083b7cb03a6cef02,9c87b371a0820041338c0110b75df873626c8aa732922269615095425342ab8c
i05-budget-sensitivity__generation_s__boundaries__r2,generation_s__boundaries,oversizedPhysicalLine,observed_heap_exhaustion,OutOfMemoryError: Java heap space,.local/iterations/i05-budget-sensitivity/runs/i05-budget-sensitivity__generation_s__boundaries__r2/submission-2/evaluation/report.json,1ff1d751783b5525b82f0951957d4b50e54487f00f152b93083b7cb03a6cef02,9c87b371a0820041338c0110b75df873626c8aa732922269615095425342ab8c
i05-budget-sensitivity__generation_sfb__boundaries__r2,generation_sfb__boundaries,rejectsNegativeScore,input_rejection_policy,AssertionError: Invalid record was accepted by storeRun.,.local/iterations/i05-budget-sensitivity/runs/i05-budget-sensitivity__generation_sfb__boundaries__r2/submission-1/evaluation/report.json,e11f43a5e6ea1ac5572a91b26f450410b6ad332fff70dd7e77b04f66bcd61cce,e0cb5ff431d3dee4817a0585078db8ce9544c99ee69b4b75b1434ecb5766d2d0
i05-budget-sensitivity__generation_sfb__boundaries__r2,generation_sfb__boundaries,rejectsNegativeTime,input_rejection_policy,AssertionError: Invalid record was accepted by storeRun.,.local/iterations/i05-budget-sensitivity/runs/i05-budget-sensitivity__generation_sfb__boundaries__r2/submission-1/evaluation/report.json,e11f43a5e6ea1ac5572a91b26f450410b6ad332fff70dd7e77b04f66bcd61cce,e0cb5ff431d3dee4817a0585078db8ce9544c99ee69b4b75b1434ecb5766d2d0
i05-budget-sensitivity__generation_sfb__boundaries__r2,generation_sfb__boundaries,rejectsNullName,input_rejection_policy,AssertionError: Invalid record was accepted by storeRun.,.local/iterations/i05-budget-sensitivity/runs/i05-budget-sensitivity__generation_sfb__boundaries__r2/submission-1/evaluation/report.json,e11f43a5e6ea1ac5572a91b26f450410b6ad332fff70dd7e77b04f66bcd61cce,e0cb5ff431d3dee4817a0585078db8ce9544c99ee69b4b75b1434ecb5766d2d0
i05-budget-sensitivity__generation_sfb__boundaries__r2,generation_sfb__boundaries,rejectsBlankName,input_rejection_policy,AssertionError: Invalid record was accepted by storeRun.,.local/iterations/i05-budget-sensitivity/runs/i05-budget-sensitivity__generation_sfb__boundaries__r2/submission-1/evaluation/report.json,e11f43a5e6ea1ac5572a91b26f450410b6ad332fff70dd7e77b04f66bcd61cce,e0cb5ff431d3dee4817a0585078db8ce9544c99ee69b4b75b1434ecb5766d2d0
i05-budget-sensitivity__generation_sfb__boundaries__r2,generation_sfb__boundaries,rejectsExcessiveName,input_rejection_policy,AssertionError: Invalid record was accepted by storeRun.,.local/iterations/i05-budget-sensitivity/runs/i05-budget-sensitivity__generation_sfb__boundaries__r2/submission-1/evaluation/report.json,e11f43a5e6ea1ac5572a91b26f450410b6ad332fff70dd7e77b04f66bcd61cce,e0cb5ff431d3dee4817a0585078db8ce9544c99ee69b4b75b1434ecb5766d2d0
i05-budget-sensitivity__generation_sfb__boundaries__r2,generation_sfb__boundaries,oversizedPhysicalLine,observed_heap_exhaustion,OutOfMemoryError: Java heap space,.local/iterations/i05-budget-sensitivity/runs/i05-budget-sensitivity__generation_sfb__boundaries__r2/submission-1/evaluation/report.json,e11f43a5e6ea1ac5572a91b26f450410b6ad332fff70dd7e77b04f66bcd61cce,e0cb5ff431d3dee4817a0585078db8ce9544c99ee69b4b75b1434ecb5766d2d0
i05-budget-sensitivity__reuse_b__boundaries__r2,reuse_b__boundaries,rejectsNegativeScore,input_rejection_policy,AssertionError: Invalid record was accepted by storeRun.,.local/iterations/i05-budget-sensitivity/runs/i05-budget-sensitivity__reuse_b__boundaries__r2/submission-3/evaluation/report.json,7a1cb76aade029001a1f1bb68e28a3625222fa1d2f858ac2b9f1b4c4d26c974e,ca828269724e8417268b9673482fc2de766f190ca40eaa49e9c6e0ff16b01fca
i05-budget-sensitivity__reuse_b__boundaries__r2,reuse_b__boundaries,rejectsNegativeTime,input_rejection_policy,AssertionError: Invalid record was accepted by storeRun.,.local/iterations/i05-budget-sensitivity/runs/i05-budget-sensitivity__reuse_b__boundaries__r2/submission-3/evaluation/report.json,7a1cb76aade029001a1f1bb68e28a3625222fa1d2f858ac2b9f1b4c4d26c974e,ca828269724e8417268b9673482fc2de766f190ca40eaa49e9c6e0ff16b01fca
i05-budget-sensitivity__reuse_b__boundaries__r2,reuse_b__boundaries,rejectsNullName,input_rejection_policy,AssertionError: Invalid record was accepted by storeRun.,.local/iterations/i05-budget-sensitivity/runs/i05-budget-sensitivity__reuse_b__boundaries__r2/submission-3/evaluation/report.json,7a1cb76aade029001a1f1bb68e28a3625222fa1d2f858ac2b9f1b4c4d26c974e,ca828269724e8417268b9673482fc2de766f190ca40eaa49e9c6e0ff16b01fca
i05-budget-sensitivity__reuse_b__boundaries__r2,reuse_b__boundaries,rejectsBlankName,input_rejection_policy,AssertionError: Invalid record was accepted by storeRun.,.local/iterations/i05-budget-sensitivity/runs/i05-budget-sensitivity__reuse_b__boundaries__r2/submission-3/evaluation/report.json,7a1cb76aade029001a1f1bb68e28a3625222fa1d2f858ac2b9f1b4c4d26c974e,ca828269724e8417268b9673482fc2de766f190ca40eaa49e9c6e0ff16b01fca
i05-budget-sensitivity__reuse_b__boundaries__r2,reuse_b__boundaries,rejectsExcessiveName,input_rejection_policy,AssertionError: Invalid record was accepted by storeRun.,.local/iterations/i05-budget-sensitivity/runs/i05-budget-sensitivity__reuse_b__boundaries__r2/submission-3/evaluation/report.json,7a1cb76aade029001a1f1bb68e28a3625222fa1d2f858ac2b9f1b4c4d26c974e,ca828269724e8417268b9673482fc2de766f190ca40eaa49e9c6e0ff16b01fca
i05-budget-sensitivity__generation_sfb__requirements__r2,generation_sfb__requirements,rejectsNegativeScore,input_rejection_policy,AssertionError: Invalid record was accepted by storeRun.,.local/iterations/i05-budget-sensitivity/runs/i05-budget-sensitivity__generation_sfb__requirements__r2/submission-1/evaluation/report.json,bba8ac3510a4b9f28fd0f00302c22ed7f54b28af2e4d711fb6c0c6fd882cb1b8,f8bb942c3906942a8890f5b7f2718af9b71f15706770cd56a2ffd5a7aef37647
i05-budget-sensitivity__generation_sfb__requirements__r2,generation_sfb__requirements,oversizedPhysicalLine,observed_heap_exhaustion,OutOfMemoryError: Java heap space,.local/iterations/i05-budget-sensitivity/runs/i05-budget-sensitivity__generation_sfb__requirements__r2/submission-1/evaluation/report.json,bba8ac3510a4b9f28fd0f00302c22ed7f54b28af2e4d711fb6c0c6fd882cb1b8,f8bb942c3906942a8890f5b7f2718af9b71f15706770cd56a2ffd5a7aef37647
i05-budget-sensitivity__reuse_b__overview__r2,reuse_b__overview,rejectsNegativeScore,input_rejection_policy,AssertionError: Invalid record was accepted by storeRun.,.local/iterations/i05-budget-sensitivity/runs/i05-budget-sensitivity__reuse_b__overview__r2/submission-1/evaluation/report.json,b4efaba6450244e794f76c0dc8ad73112d22660c072f3db3ff1c5077f457e5fd,4b6482595f4c4a2ca2d859d87fa2ff0b396aaa134c9a206c477035c90a6e9907
i05-budget-sensitivity__reuse_b__overview__r2,reuse_b__overview,rejectsNegativeTime,input_rejection_policy,AssertionError: Invalid record was accepted by storeRun.,.local/iterations/i05-budget-sensitivity/runs/i05-budget-sensitivity__reuse_b__overview__r2/submission-1/evaluation/report.json,b4efaba6450244e794f76c0dc8ad73112d22660c072f3db3ff1c5077f457e5fd,4b6482595f4c4a2ca2d859d87fa2ff0b396aaa134c9a206c477035c90a6e9907
i05-budget-sensitivity__reuse_b__overview__r2,reuse_b__overview,rejectsNullName,input_rejection_policy,AssertionError: Invalid record was accepted by storeRun.,.local/iterations/i05-budget-sensitivity/runs/i05-budget-sensitivity__reuse_b__overview__r2/submission-1/evaluation/report.json,b4efaba6450244e794f76c0dc8ad73112d22660c072f3db3ff1c5077f457e5fd,4b6482595f4c4a2ca2d859d87fa2ff0b396aaa134c9a206c477035c90a6e9907
i05-budget-sensitivity__reuse_b__overview__r2,reuse_b__overview,rejectsBlankName,input_rejection_policy,AssertionError: Invalid record was accepted by storeRun.,.local/iterations/i05-budget-sensitivity/runs/i05-budget-sensitivity__reuse_b__overview__r2/submission-1/evaluation/report.json,b4efaba6450244e794f76c0dc8ad73112d22660c072f3db3ff1c5077f457e5fd,4b6482595f4c4a2ca2d859d87fa2ff0b396aaa134c9a206c477035c90a6e9907
i05-budget-sensitivity__reuse_b__overview__r2,reuse_b__overview,rejectsExcessiveName,input_rejection_policy,AssertionError: Invalid record was accepted by storeRun.,.local/iterations/i05-budget-sensitivity/runs/i05-budget-sensitivity__reuse_b__overview__r2/submission-1/evaluation/report.json,b4efaba6450244e794f76c0dc8ad73112d22660c072f3db3ff1c5077f457e5fd,4b6482595f4c4a2ca2d859d87fa2ff0b396aaa134c9a206c477035c90a6e9907
i05-budget-sensitivity__reuse_b__overview__r2,reuse_b__overview,boundsRetainedEntries,retention_threshold,AssertionError: More than 100 entries retained.,.local/iterations/i05-budget-sensitivity/runs/i05-budget-sensitivity__reuse_b__overview__r2/submission-1/evaluation/report.json,b4efaba6450244e794f76c0dc8ad73112d22660c072f3db3ff1c5077f457e5fd,4b6482595f4c4a2ca2d859d87fa2ff0b396aaa134c9a206c477035c90a6e9907
i05-budget-sensitivity__reuse_b__overview__r2,reuse_b__overview,oversizedPhysicalLine,observed_heap_exhaustion,OutOfMemoryError: Java heap space,.local/iterations/i05-budget-sensitivity/runs/i05-budget-sensitivity__reuse_b__overview__r2/submission-1/evaluation/report.json,b4efaba6450244e794f76c0dc8ad73112d22660c072f3db3ff1c5077f457e5fd,4b6482595f4c4a2ca2d859d87fa2ff0b396aaa134c9a206c477035c90a6e9907
i05-budget-sensitivity__reuse_b__overview__r2,reuse_b__overview,largePersistedRecordSet,observed_heap_exhaustion,OutOfMemoryError: Java heap space,.local/iterations/i05-budget-sensitivity/runs/i05-budget-sensitivity__reuse_b__overview__r2/submission-1/evaluation/report.json,b4efaba6450244e794f76c0dc8ad73112d22660c072f3db3ff1c5077f457e5fd,4b6482595f4c4a2ca2d859d87fa2ff0b396aaa134c9a206c477035c90a6e9907
i05-budget-sensitivity__generation_sfb__overview__r2,generation_sfb__overview,rejectsNegativeScore,input_rejection_policy,AssertionError: Invalid record was accepted by storeRun.,.local/iterations/i05-budget-sensitivity/runs/i05-budget-sensitivity__generation_sfb__overview__r2/submission-1/evaluation/report.json,44ecc80fa3da32a2a3f017af4758017e1a6c8377c33359710bb7cc5e9a66700b,1a93734ec4a8c32c2f0d7f45cb43d04c24dd1f074a7ddc98834fbeaa915c8653
i05-budget-sensitivity__generation_sfb__overview__r2,generation_sfb__overview,rejectsNegativeTime,input_rejection_policy,AssertionError: Invalid record was accepted by storeRun.,.local/iterations/i05-budget-sensitivity/runs/i05-budget-sensitivity__generation_sfb__overview__r2/submission-1/evaluation/report.json,44ecc80fa3da32a2a3f017af4758017e1a6c8377c33359710bb7cc5e9a66700b,1a93734ec4a8c32c2f0d7f45cb43d04c24dd1f074a7ddc98834fbeaa915c8653
i05-budget-sensitivity__generation_sfb__overview__r2,generation_sfb__overview,rejectsNullName,input_rejection_policy,AssertionError: Invalid record was accepted by storeRun.,.local/iterations/i05-budget-sensitivity/runs/i05-budget-sensitivity__generation_sfb__overview__r2/submission-1/evaluation/report.json,44ecc80fa3da32a2a3f017af4758017e1a6c8377c33359710bb7cc5e9a66700b,1a93734ec4a8c32c2f0d7f45cb43d04c24dd1f074a7ddc98834fbeaa915c8653
i05-budget-sensitivity__generation_sfb__overview__r2,generation_sfb__overview,rejectsBlankName,input_rejection_policy,AssertionError: Invalid record was accepted by storeRun.,.local/iterations/i05-budget-sensitivity/runs/i05-budget-sensitivity__generation_sfb__overview__r2/submission-1/evaluation/report.json,44ecc80fa3da32a2a3f017af4758017e1a6c8377c33359710bb7cc5e9a66700b,1a93734ec4a8c32c2f0d7f45cb43d04c24dd1f074a7ddc98834fbeaa915c8653
i05-budget-sensitivity__generation_sfb__overview__r2,generation_sfb__overview,rejectsExcessiveName,input_rejection_policy,AssertionError: Invalid record was accepted by storeRun.,.local/iterations/i05-budget-sensitivity/runs/i05-budget-sensitivity__generation_sfb__overview__r2/submission-1/evaluation/report.json,44ecc80fa3da32a2a3f017af4758017e1a6c8377c33359710bb7cc5e9a66700b,1a93734ec4a8c32c2f0d7f45cb43d04c24dd1f074a7ddc98834fbeaa915c8653
i05-budget-sensitivity__generation_sfb__overview__r2,generation_sfb__overview,boundsRetainedEntries,retention_threshold,AssertionError: More than 100 entries retained.,.local/iterations/i05-budget-sensitivity/runs/i05-budget-sensitivity__generation_sfb__overview__r2/submission-1/evaluation/report.json,44ecc80fa3da32a2a3f017af4758017e1a6c8377c33359710bb7cc5e9a66700b,1a93734ec4a8c32c2f0d7f45cb43d04c24dd1f074a7ddc98834fbeaa915c8653
i05-budget-sensitivity__generation_sfb__overview__r2,generation_sfb__overview,oversizedPhysicalLine,observed_heap_exhaustion,OutOfMemoryError: Java heap space,.local/iterations/i05-budget-sensitivity/runs/i05-budget-sensitivity__generation_sfb__overview__r2/submission-1/evaluation/report.json,44ecc80fa3da32a2a3f017af4758017e1a6c8377c33359710bb7cc5e9a66700b,1a93734ec4a8c32c2f0d7f45cb43d04c24dd1f074a7ddc98834fbeaa915c8653
i05-budget-sensitivity__generation_sfb__overview__r2,generation_sfb__overview,largePersistedRecordSet,observed_heap_exhaustion,OutOfMemoryError: Java heap space,.local/iterations/i05-budget-sensitivity/runs/i05-budget-sensitivity__generation_sfb__overview__r2/submission-1/evaluation/report.json,44ecc80fa3da32a2a3f017af4758017e1a6c8377c33359710bb7cc5e9a66700b,1a93734ec4a8c32c2f0d7f45cb43d04c24dd1f074a7ddc98834fbeaa915c8653
i05-budget-sensitivity__generation_sfb__none__r3,generation_sfb__none,rejectsNegativeScore,input_rejection_policy,AssertionError: Invalid record was accepted by storeRun.,.local/iterations/i05-budget-sensitivity/runs/i05-budget-sensitivity__generation_sfb__none__r3/submission-2/evaluation/report.json,acdb73eb929375e7e0aaafc2de904d8e98f6fb583488d0c4ebbc76561e551a0a,c9dd8d28e0d8976e96234b193fe0aabab42f360586bfa0490002bae64b4ec0fc
i05-budget-sensitivity__generation_sfb__none__r3,generation_sfb__none,rejectsNegativeTime,input_rejection_policy,AssertionError: Invalid record was accepted by storeRun.,.local/iterations/i05-budget-sensitivity/runs/i05-budget-sensitivity__generation_sfb__none__r3/submission-2/evaluation/report.json,acdb73eb929375e7e0aaafc2de904d8e98f6fb583488d0c4ebbc76561e551a0a,c9dd8d28e0d8976e96234b193fe0aabab42f360586bfa0490002bae64b4ec0fc
i05-budget-sensitivity__generation_sfb__none__r3,generation_sfb__none,rejectsNullName,input_rejection_policy,AssertionError: Invalid record was accepted by storeRun.,.local/iterations/i05-budget-sensitivity/runs/i05-budget-sensitivity__generation_sfb__none__r3/submission-2/evaluation/report.json,acdb73eb929375e7e0aaafc2de904d8e98f6fb583488d0c4ebbc76561e551a0a,c9dd8d28e0d8976e96234b193fe0aabab42f360586bfa0490002bae64b4ec0fc
i05-budget-sensitivity__generation_sfb__none__r3,generation_sfb__none,rejectsBlankName,input_rejection_policy,AssertionError: Invalid record was accepted by storeRun.,.local/iterations/i05-budget-sensitivity/runs/i05-budget-sensitivity__generation_sfb__none__r3/submission-2/evaluation/report.json,acdb73eb929375e7e0aaafc2de904d8e98f6fb583488d0c4ebbc76561e551a0a,c9dd8d28e0d8976e96234b193fe0aabab42f360586bfa0490002bae64b4ec0fc
i05-budget-sensitivity__generation_sfb__none__r3,generation_sfb__none,rejectsExcessiveName,input_rejection_policy,AssertionError: Invalid record was accepted by storeRun.,.local/iterations/i05-budget-sensitivity/runs/i05-budget-sensitivity__generation_sfb__none__r3/submission-2/evaluation/report.json,acdb73eb929375e7e0aaafc2de904d8e98f6fb583488d0c4ebbc76561e551a0a,c9dd8d28e0d8976e96234b193fe0aabab42f360586bfa0490002bae64b4ec0fc
i05-budget-sensitivity__generation_sfb__none__r3,generation_sfb__none,boundsRetainedEntries,retention_threshold,AssertionError: More than 100 entries retained.,.local/iterations/i05-budget-sensitivity/runs/i05-budget-sensitivity__generation_sfb__none__r3/submission-2/evaluation/report.json,acdb73eb929375e7e0aaafc2de904d8e98f6fb583488d0c4ebbc76561e551a0a,c9dd8d28e0d8976e96234b193fe0aabab42f360586bfa0490002bae64b4ec0fc
i05-budget-sensitivity__generation_sfb__none__r3,generation_sfb__none,oversizedPhysicalLine,observed_heap_exhaustion,OutOfMemoryError: Java heap space,.local/iterations/i05-budget-sensitivity/runs/i05-budget-sensitivity__generation_sfb__none__r3/submission-2/evaluation/report.json,acdb73eb929375e7e0aaafc2de904d8e98f6fb583488d0c4ebbc76561e551a0a,c9dd8d28e0d8976e96234b193fe0aabab42f360586bfa0490002bae64b4ec0fc
i05-budget-sensitivity__generation_sfb__none__r3,generation_sfb__none,largePersistedRecordSet,observed_heap_exhaustion,OutOfMemoryError: Java heap space,.local/iterations/i05-budget-sensitivity/runs/i05-budget-sensitivity__generation_sfb__none__r3/submission-2/evaluation/report.json,acdb73eb929375e7e0aaafc2de904d8e98f6fb583488d0c4ebbc76561e551a0a,c9dd8d28e0d8976e96234b193fe0aabab42f360586bfa0490002bae64b4ec0fc
i05-budget-sensitivity__reuse_sb__none__r3,reuse_sb__none,rejectsNegativeScore,input_rejection_policy,AssertionError: Invalid record was accepted by storeRun.,.local/iterations/i05-budget-sensitivity/runs/i05-budget-sensitivity__reuse_sb__none__r3/submission-2/evaluation/report.json,4ad808064585dac426c59fb3f4bd1b701f9d9b2877fc7f580215c5c564fe8c2a,1117616ee92c9111b70d1f84840641dcdd454a76c66da2302a91ed43cdff624a
i05-budget-sensitivity__reuse_sb__none__r3,reuse_sb__none,rejectsNegativeTime,input_rejection_policy,AssertionError: Invalid record was accepted by storeRun.,.local/iterations/i05-budget-sensitivity/runs/i05-budget-sensitivity__reuse_sb__none__r3/submission-2/evaluation/report.json,4ad808064585dac426c59fb3f4bd1b701f9d9b2877fc7f580215c5c564fe8c2a,1117616ee92c9111b70d1f84840641dcdd454a76c66da2302a91ed43cdff624a
i05-budget-sensitivity__reuse_sb__none__r3,reuse_sb__none,rejectsNullName,input_rejection_policy,AssertionError: Invalid record was accepted by storeRun.,.local/iterations/i05-budget-sensitivity/runs/i05-budget-sensitivity__reuse_sb__none__r3/submission-2/evaluation/report.json,4ad808064585dac426c59fb3f4bd1b701f9d9b2877fc7f580215c5c564fe8c2a,1117616ee92c9111b70d1f84840641dcdd454a76c66da2302a91ed43cdff624a
i05-budget-sensitivity__reuse_sb__none__r3,reuse_sb__none,rejectsBlankName,input_rejection_policy,AssertionError: Invalid record was accepted by storeRun.,.local/iterations/i05-budget-sensitivity/runs/i05-budget-sensitivity__reuse_sb__none__r3/submission-2/evaluation/report.json,4ad808064585dac426c59fb3f4bd1b701f9d9b2877fc7f580215c5c564fe8c2a,1117616ee92c9111b70d1f84840641dcdd454a76c66da2302a91ed43cdff624a
i05-budget-sensitivity__reuse_sb__none__r3,reuse_sb__none,rejectsExcessiveName,input_rejection_policy,AssertionError: Invalid record was accepted by storeRun.,.local/iterations/i05-budget-sensitivity/runs/i05-budget-sensitivity__reuse_sb__none__r3/submission-2/evaluation/report.json,4ad808064585dac426c59fb3f4bd1b701f9d9b2877fc7f580215c5c564fe8c2a,1117616ee92c9111b70d1f84840641dcdd454a76c66da2302a91ed43cdff624a
i05-budget-sensitivity__reuse_sb__none__r3,reuse_sb__none,oversizedPhysicalLine,observed_heap_exhaustion,OutOfMemoryError: Java heap space,.local/iterations/i05-budget-sensitivity/runs/i05-budget-sensitivity__reuse_sb__none__r3/submission-2/evaluation/report.json,4ad808064585dac426c59fb3f4bd1b701f9d9b2877fc7f580215c5c564fe8c2a,1117616ee92c9111b70d1f84840641dcdd454a76c66da2302a91ed43cdff624a
i05-budget-sensitivity__reuse_sb__none__r3,reuse_sb__none,largePersistedRecordSet,observed_heap_exhaustion,OutOfMemoryError: Java heap space,.local/iterations/i05-budget-sensitivity/runs/i05-budget-sensitivity__reuse_sb__none__r3/submission-2/evaluation/report.json,4ad808064585dac426c59fb3f4bd1b701f9d9b2877fc7f580215c5c564fe8c2a,1117616ee92c9111b70d1f84840641dcdd454a76c66da2302a91ed43cdff624a
i05-budget-sensitivity__generation_sfb__boundaries__r3,generation_sfb__boundaries,rejectsNegativeScore,input_rejection_policy,AssertionError: Invalid record was accepted by storeRun.,.local/iterations/i05-budget-sensitivity/runs/i05-budget-sensitivity__generation_sfb__boundaries__r3/submission-1/evaluation/report.json,7b7e63672eac7fa8178e7be024acbf1e70089f2b71977fa40f75986c38c89849,3fae29bca00f619ebf22187a41152ebb89dc7717a465f5ea284a74c134719e89
i05-budget-sensitivity__generation_sfb__boundaries__r3,generation_sfb__boundaries,rejectsNegativeTime,input_rejection_policy,AssertionError: Invalid record was accepted by storeRun.,.local/iterations/i05-budget-sensitivity/runs/i05-budget-sensitivity__generation_sfb__boundaries__r3/submission-1/evaluation/report.json,7b7e63672eac7fa8178e7be024acbf1e70089f2b71977fa40f75986c38c89849,3fae29bca00f619ebf22187a41152ebb89dc7717a465f5ea284a74c134719e89
i05-budget-sensitivity__generation_sfb__boundaries__r3,generation_sfb__boundaries,rejectsNullName,input_rejection_policy,AssertionError: Invalid record was accepted by storeRun.,.local/iterations/i05-budget-sensitivity/runs/i05-budget-sensitivity__generation_sfb__boundaries__r3/submission-1/evaluation/report.json,7b7e63672eac7fa8178e7be024acbf1e70089f2b71977fa40f75986c38c89849,3fae29bca00f619ebf22187a41152ebb89dc7717a465f5ea284a74c134719e89
i05-budget-sensitivity__generation_sfb__boundaries__r3,generation_sfb__boundaries,rejectsBlankName,input_rejection_policy,AssertionError: Invalid record was accepted by storeRun.,.local/iterations/i05-budget-sensitivity/runs/i05-budget-sensitivity__generation_sfb__boundaries__r3/submission-1/evaluation/report.json,7b7e63672eac7fa8178e7be024acbf1e70089f2b71977fa40f75986c38c89849,3fae29bca00f619ebf22187a41152ebb89dc7717a465f5ea284a74c134719e89
i05-budget-sensitivity__generation_sfb__boundaries__r3,generation_sfb__boundaries,rejectsExcessiveName,input_rejection_policy,AssertionError: Invalid record was accepted by storeRun.,.local/iterations/i05-budget-sensitivity/runs/i05-budget-sensitivity__generation_sfb__boundaries__r3/submission-1/evaluation/report.json,7b7e63672eac7fa8178e7be024acbf1e70089f2b71977fa40f75986c38c89849,3fae29bca00f619ebf22187a41152ebb89dc7717a465f5ea284a74c134719e89
i05-budget-sensitivity__generation_sfb__boundaries__r3,generation_sfb__boundaries,oversizedPhysicalLine,observed_heap_exhaustion,OutOfMemoryError: Java heap space,.local/iterations/i05-budget-sensitivity/runs/i05-budget-sensitivity__generation_sfb__boundaries__r3/submission-1/evaluation/report.json,7b7e63672eac7fa8178e7be024acbf1e70089f2b71977fa40f75986c38c89849,3fae29bca00f619ebf22187a41152ebb89dc7717a465f5ea284a74c134719e89
i05-budget-sensitivity__generation_s__requirements__r3,generation_s__requirements,rejectsNegativeScore,input_rejection_policy,AssertionError: Invalid record was accepted by storeRun.,.local/iterations/i05-budget-sensitivity/runs/i05-budget-sensitivity__generation_s__requirements__r3/submission-2/evaluation/report.json,6e7f5ed1818920f878fe7c1951e61f2595c971c54a5b059528bdaeb63bf8f0d2,3788f5c2b3a387a1cef087bf4afba29b2e1485e80eef89156535e5f1a1c8331b
i05-budget-sensitivity__generation_s__requirements__r3,generation_s__requirements,rejectsExcessiveName,input_rejection_policy,AssertionError: Invalid record was accepted by storeRun.,.local/iterations/i05-budget-sensitivity/runs/i05-budget-sensitivity__generation_s__requirements__r3/submission-2/evaluation/report.json,6e7f5ed1818920f878fe7c1951e61f2595c971c54a5b059528bdaeb63bf8f0d2,3788f5c2b3a387a1cef087bf4afba29b2e1485e80eef89156535e5f1a1c8331b
i05-budget-sensitivity__generation_s__requirements__r3,generation_s__requirements,oversizedPhysicalLine,observed_heap_exhaustion,OutOfMemoryError: Java heap space,.local/iterations/i05-budget-sensitivity/runs/i05-budget-sensitivity__generation_s__requirements__r3/submission-2/evaluation/report.json,6e7f5ed1818920f878fe7c1951e61f2595c971c54a5b059528bdaeb63bf8f0d2,3788f5c2b3a387a1cef087bf4afba29b2e1485e80eef89156535e5f1a1c8331b
i05-budget-sensitivity__reuse_sb__overview__r3,reuse_sb__overview,rejectsNegativeScore,input_rejection_policy,AssertionError: Invalid record was accepted by storeRun.,.local/iterations/i05-budget-sensitivity/runs/i05-budget-sensitivity__reuse_sb__overview__r3/submission-1/evaluation/report.json,56e85062d4f2333c644d3ff9a7c0b2584ec6c5aada7e270b03376b717a52d172,a6a2d98e4aec9fb618c73c9fced12af118ae3abe5a4c5109f79e35c6cfbc3002
i05-budget-sensitivity__reuse_sb__overview__r3,reuse_sb__overview,rejectsNegativeTime,input_rejection_policy,AssertionError: Invalid record was accepted by storeRun.,.local/iterations/i05-budget-sensitivity/runs/i05-budget-sensitivity__reuse_sb__overview__r3/submission-1/evaluation/report.json,56e85062d4f2333c644d3ff9a7c0b2584ec6c5aada7e270b03376b717a52d172,a6a2d98e4aec9fb618c73c9fced12af118ae3abe5a4c5109f79e35c6cfbc3002
i05-budget-sensitivity__reuse_sb__overview__r3,reuse_sb__overview,rejectsNullName,input_rejection_policy,AssertionError: Invalid record was accepted by storeRun.,.local/iterations/i05-budget-sensitivity/runs/i05-budget-sensitivity__reuse_sb__overview__r3/submission-1/evaluation/report.json,56e85062d4f2333c644d3ff9a7c0b2584ec6c5aada7e270b03376b717a52d172,a6a2d98e4aec9fb618c73c9fced12af118ae3abe5a4c5109f79e35c6cfbc3002
i05-budget-sensitivity__reuse_sb__overview__r3,reuse_sb__overview,rejectsBlankName,input_rejection_policy,AssertionError: Invalid record was accepted by storeRun.,.local/iterations/i05-budget-sensitivity/runs/i05-budget-sensitivity__reuse_sb__overview__r3/submission-1/evaluation/report.json,56e85062d4f2333c644d3ff9a7c0b2584ec6c5aada7e270b03376b717a52d172,a6a2d98e4aec9fb618c73c9fced12af118ae3abe5a4c5109f79e35c6cfbc3002
i05-budget-sensitivity__reuse_sb__overview__r3,reuse_sb__overview,rejectsExcessiveName,input_rejection_policy,AssertionError: Invalid record was accepted by storeRun.,.local/iterations/i05-budget-sensitivity/runs/i05-budget-sensitivity__reuse_sb__overview__r3/submission-1/evaluation/report.json,56e85062d4f2333c644d3ff9a7c0b2584ec6c5aada7e270b03376b717a52d172,a6a2d98e4aec9fb618c73c9fced12af118ae3abe5a4c5109f79e35c6cfbc3002
i05-budget-sensitivity__reuse_sb__overview__r3,reuse_sb__overview,oversizedPhysicalLine,observed_heap_exhaustion,OutOfMemoryError: Java heap space,.local/iterations/i05-budget-sensitivity/runs/i05-budget-sensitivity__reuse_sb__overview__r3/submission-1/evaluation/report.json,56e85062d4f2333c644d3ff9a7c0b2584ec6c5aada7e270b03376b717a52d172,a6a2d98e4aec9fb618c73c9fced12af118ae3abe5a4c5109f79e35c6cfbc3002
i05-budget-sensitivity__generation_s__overview__r3,generation_s__overview,rejectsNegativeScore,input_rejection_policy,AssertionError: Invalid record was accepted by storeRun.,.local/iterations/i05-budget-sensitivity/runs/i05-budget-sensitivity__generation_s__overview__r3/submission-3/evaluation/report.json,859a09cc34d3bd35ed5f35feafd095b832ed95a5cb4988459b594543fbbd87c3,732c4f1dfdc9d934f582f085901cda6a9d1e34cf990f7263df95ac26f5fcf282
i05-budget-sensitivity__generation_s__overview__r3,generation_s__overview,rejectsNegativeTime,input_rejection_policy,AssertionError: Invalid record was accepted by storeRun.,.local/iterations/i05-budget-sensitivity/runs/i05-budget-sensitivity__generation_s__overview__r3/submission-3/evaluation/report.json,859a09cc34d3bd35ed5f35feafd095b832ed95a5cb4988459b594543fbbd87c3,732c4f1dfdc9d934f582f085901cda6a9d1e34cf990f7263df95ac26f5fcf282
i05-budget-sensitivity__generation_s__overview__r3,generation_s__overview,rejectsNullName,input_rejection_policy,AssertionError: Invalid record was accepted by storeRun.,.local/iterations/i05-budget-sensitivity/runs/i05-budget-sensitivity__generation_s__overview__r3/submission-3/evaluation/report.json,859a09cc34d3bd35ed5f35feafd095b832ed95a5cb4988459b594543fbbd87c3,732c4f1dfdc9d934f582f085901cda6a9d1e34cf990f7263df95ac26f5fcf282
i05-budget-sensitivity__generation_s__overview__r3,generation_s__overview,rejectsBlankName,input_rejection_policy,AssertionError: Invalid record was accepted by storeRun.,.local/iterations/i05-budget-sensitivity/runs/i05-budget-sensitivity__generation_s__overview__r3/submission-3/evaluation/report.json,859a09cc34d3bd35ed5f35feafd095b832ed95a5cb4988459b594543fbbd87c3,732c4f1dfdc9d934f582f085901cda6a9d1e34cf990f7263df95ac26f5fcf282
i05-budget-sensitivity__generation_s__overview__r3,generation_s__overview,rejectsExcessiveName,input_rejection_policy,AssertionError: Invalid record was accepted by storeRun.,.local/iterations/i05-budget-sensitivity/runs/i05-budget-sensitivity__generation_s__overview__r3/submission-3/evaluation/report.json,859a09cc34d3bd35ed5f35feafd095b832ed95a5cb4988459b594543fbbd87c3,732c4f1dfdc9d934f582f085901cda6a9d1e34cf990f7263df95ac26f5fcf282
i05-budget-sensitivity__generation_s__overview__r3,generation_s__overview,oversizedPhysicalLine,observed_heap_exhaustion,OutOfMemoryError: Java heap space,.local/iterations/i05-budget-sensitivity/runs/i05-budget-sensitivity__generation_s__overview__r3/submission-3/evaluation/report.json,859a09cc34d3bd35ed5f35feafd095b832ed95a5cb4988459b594543fbbd87c3,732c4f1dfdc9d934f582f085901cda6a9d1e34cf990f7263df95ac26f5fcf282
i05-budget-sensitivity__reuse_b__boundaries__r3,reuse_b__boundaries,rejectsNegativeScore,input_rejection_policy,AssertionError: Invalid record was accepted by storeRun.,.local/iterations/i05-budget-sensitivity/runs/i05-budget-sensitivity__reuse_b__boundaries__r3/submission-2/evaluation/report.json,6fb44ff9b2da399fbc64a71eb8198da6e04aa885f2f331ad22704f3725052e3d,ab153fd55a84d7770729d8bde463c0c0c0ec2666cfa89d00c117de96c0be3363
i05-budget-sensitivity__reuse_b__boundaries__r3,reuse_b__boundaries,rejectsNegativeTime,input_rejection_policy,AssertionError: Invalid record was accepted by storeRun.,.local/iterations/i05-budget-sensitivity/runs/i05-budget-sensitivity__reuse_b__boundaries__r3/submission-2/evaluation/report.json,6fb44ff9b2da399fbc64a71eb8198da6e04aa885f2f331ad22704f3725052e3d,ab153fd55a84d7770729d8bde463c0c0c0ec2666cfa89d00c117de96c0be3363
i05-budget-sensitivity__reuse_b__boundaries__r3,reuse_b__boundaries,rejectsNullName,input_rejection_policy,AssertionError: Invalid record was accepted by storeRun.,.local/iterations/i05-budget-sensitivity/runs/i05-budget-sensitivity__reuse_b__boundaries__r3/submission-2/evaluation/report.json,6fb44ff9b2da399fbc64a71eb8198da6e04aa885f2f331ad22704f3725052e3d,ab153fd55a84d7770729d8bde463c0c0c0ec2666cfa89d00c117de96c0be3363
i05-budget-sensitivity__reuse_b__boundaries__r3,reuse_b__boundaries,rejectsBlankName,input_rejection_policy,AssertionError: Invalid record was accepted by storeRun.,.local/iterations/i05-budget-sensitivity/runs/i05-budget-sensitivity__reuse_b__boundaries__r3/submission-2/evaluation/report.json,6fb44ff9b2da399fbc64a71eb8198da6e04aa885f2f331ad22704f3725052e3d,ab153fd55a84d7770729d8bde463c0c0c0ec2666cfa89d00c117de96c0be3363
i05-budget-sensitivity__reuse_b__boundaries__r3,reuse_b__boundaries,rejectsExcessiveName,input_rejection_policy,AssertionError: Invalid record was accepted by storeRun.,.local/iterations/i05-budget-sensitivity/runs/i05-budget-sensitivity__reuse_b__boundaries__r3/submission-2/evaluation/report.json,6fb44ff9b2da399fbc64a71eb8198da6e04aa885f2f331ad22704f3725052e3d,ab153fd55a84d7770729d8bde463c0c0c0ec2666cfa89d00c117de96c0be3363
i05-budget-sensitivity__reuse_b__requirements__r3,reuse_b__requirements,oversizedPhysicalLine,observed_heap_exhaustion,OutOfMemoryError: Java heap space,.local/iterations/i05-budget-sensitivity/runs/i05-budget-sensitivity__reuse_b__requirements__r3/submission-2/evaluation/report.json,53ef2116e15accede376dd0ca1358f974a6856e44ce5db792440a8aea4327a66,45030eb0dc4c58f9fea160435682c0ed607c5f62f957196a7e41b5bc5aa7c35f
i05-budget-sensitivity__reuse_sb__boundaries__r3,reuse_sb__boundaries,rejectsNegativeScore,input_rejection_policy,AssertionError: Invalid record was accepted by storeRun.,.local/iterations/i05-budget-sensitivity/runs/i05-budget-sensitivity__reuse_sb__boundaries__r3/submission-3/evaluation/report.json,2b8598dceeb0ad642e42663b2ecb42c47e8711f799d9ab5714a552abf2200fa7,248cc1b3c8828a448296f087d69cc5d0a0b698a1e629050cc5015e2927135d47
i05-budget-sensitivity__reuse_sb__boundaries__r3,reuse_sb__boundaries,rejectsNegativeTime,input_rejection_policy,AssertionError: Invalid record was accepted by storeRun.,.local/iterations/i05-budget-sensitivity/runs/i05-budget-sensitivity__reuse_sb__boundaries__r3/submission-3/evaluation/report.json,2b8598dceeb0ad642e42663b2ecb42c47e8711f799d9ab5714a552abf2200fa7,248cc1b3c8828a448296f087d69cc5d0a0b698a1e629050cc5015e2927135d47
i05-budget-sensitivity__reuse_sb__boundaries__r3,reuse_sb__boundaries,rejectsNullName,input_rejection_policy,AssertionError: Invalid record was accepted by storeRun.,.local/iterations/i05-budget-sensitivity/runs/i05-budget-sensitivity__reuse_sb__boundaries__r3/submission-3/evaluation/report.json,2b8598dceeb0ad642e42663b2ecb42c47e8711f799d9ab5714a552abf2200fa7,248cc1b3c8828a448296f087d69cc5d0a0b698a1e629050cc5015e2927135d47
i05-budget-sensitivity__reuse_sb__boundaries__r3,reuse_sb__boundaries,rejectsBlankName,input_rejection_policy,AssertionError: Invalid record was accepted by storeRun.,.local/iterations/i05-budget-sensitivity/runs/i05-budget-sensitivity__reuse_sb__boundaries__r3/submission-3/evaluation/report.json,2b8598dceeb0ad642e42663b2ecb42c47e8711f799d9ab5714a552abf2200fa7,248cc1b3c8828a448296f087d69cc5d0a0b698a1e629050cc5015e2927135d47
i05-budget-sensitivity__reuse_sb__boundaries__r3,reuse_sb__boundaries,rejectsExcessiveName,input_rejection_policy,AssertionError: Invalid record was accepted by storeRun.,.local/iterations/i05-budget-sensitivity/runs/i05-budget-sensitivity__reuse_sb__boundaries__r3/submission-3/evaluation/report.json,2b8598dceeb0ad642e42663b2ecb42c47e8711f799d9ab5714a552abf2200fa7,248cc1b3c8828a448296f087d69cc5d0a0b698a1e629050cc5015e2927135d47
i05-budget-sensitivity__generation_s__boundaries__r3,generation_s__boundaries,rejectsNegativeScore,input_rejection_policy,AssertionError: Invalid record was accepted by storeRun.,.local/iterations/i05-budget-sensitivity/runs/i05-budget-sensitivity__generation_s__boundaries__r3/submission-1/evaluation/report.json,ced7bb4ecce5e8964666db3de8e8b531dd598629dc097e135d39ac8ce33b981c,32a08c4f487a5a7cb81e97f9079b31779a88fe3bcbb6f3e204fa43529b33ff5a
i05-budget-sensitivity__generation_s__boundaries__r3,generation_s__boundaries,rejectsNullName,input_rejection_policy,AssertionError: Invalid record was accepted by storeRun.,.local/iterations/i05-budget-sensitivity/runs/i05-budget-sensitivity__generation_s__boundaries__r3/submission-1/evaluation/report.json,ced7bb4ecce5e8964666db3de8e8b531dd598629dc097e135d39ac8ce33b981c,32a08c4f487a5a7cb81e97f9079b31779a88fe3bcbb6f3e204fa43529b33ff5a
i05-budget-sensitivity__generation_s__boundaries__r3,generation_s__boundaries,rejectsBlankName,input_rejection_policy,AssertionError: Invalid record was accepted by storeRun.,.local/iterations/i05-budget-sensitivity/runs/i05-budget-sensitivity__generation_s__boundaries__r3/submission-1/evaluation/report.json,ced7bb4ecce5e8964666db3de8e8b531dd598629dc097e135d39ac8ce33b981c,32a08c4f487a5a7cb81e97f9079b31779a88fe3bcbb6f3e204fa43529b33ff5a
i05-budget-sensitivity__generation_s__boundaries__r3,generation_s__boundaries,rejectsExcessiveName,input_rejection_policy,AssertionError: Invalid record was accepted by storeRun.,.local/iterations/i05-budget-sensitivity/runs/i05-budget-sensitivity__generation_s__boundaries__r3/submission-1/evaluation/report.json,ced7bb4ecce5e8964666db3de8e8b531dd598629dc097e135d39ac8ce33b981c,32a08c4f487a5a7cb81e97f9079b31779a88fe3bcbb6f3e204fa43529b33ff5a
i05-budget-sensitivity__generation_s__boundaries__r3,generation_s__boundaries,oversizedPhysicalLine,observed_heap_exhaustion,OutOfMemoryError: Java heap space,.local/iterations/i05-budget-sensitivity/runs/i05-budget-sensitivity__generation_s__boundaries__r3/submission-1/evaluation/report.json,ced7bb4ecce5e8964666db3de8e8b531dd598629dc097e135d39ac8ce33b981c,32a08c4f487a5a7cb81e97f9079b31779a88fe3bcbb6f3e204fa43529b33ff5a
i05-budget-sensitivity__generation_sfb__overview__r3,generation_sfb__overview,rejectsNegativeScore,input_rejection_policy,AssertionError: Invalid record was accepted by storeRun.,.local/iterations/i05-budget-sensitivity/runs/i05-budget-sensitivity__generation_sfb__overview__r3/submission-5/evaluation/report.json,7d40fde0672383ab3de89f63ec1af888923c3cd08118ba78d40592a7d5a3c9cf,1a177db5ca390a66c9ad0264a3688b8990fd247414017b18e5890be58648c3e2
i05-budget-sensitivity__generation_sfb__overview__r3,generation_sfb__overview,rejectsNegativeTime,input_rejection_policy,AssertionError: Invalid record was accepted by storeRun.,.local/iterations/i05-budget-sensitivity/runs/i05-budget-sensitivity__generation_sfb__overview__r3/submission-5/evaluation/report.json,7d40fde0672383ab3de89f63ec1af888923c3cd08118ba78d40592a7d5a3c9cf,1a177db5ca390a66c9ad0264a3688b8990fd247414017b18e5890be58648c3e2
i05-budget-sensitivity__generation_sfb__overview__r3,generation_sfb__overview,rejectsNullName,input_rejection_policy,AssertionError: Invalid record was accepted by storeRun.,.local/iterations/i05-budget-sensitivity/runs/i05-budget-sensitivity__generation_sfb__overview__r3/submission-5/evaluation/report.json,7d40fde0672383ab3de89f63ec1af888923c3cd08118ba78d40592a7d5a3c9cf,1a177db5ca390a66c9ad0264a3688b8990fd247414017b18e5890be58648c3e2
i05-budget-sensitivity__generation_sfb__overview__r3,generation_sfb__overview,rejectsBlankName,input_rejection_policy,AssertionError: Invalid record was accepted by storeRun.,.local/iterations/i05-budget-sensitivity/runs/i05-budget-sensitivity__generation_sfb__overview__r3/submission-5/evaluation/report.json,7d40fde0672383ab3de89f63ec1af888923c3cd08118ba78d40592a7d5a3c9cf,1a177db5ca390a66c9ad0264a3688b8990fd247414017b18e5890be58648c3e2
i05-budget-sensitivity__generation_sfb__overview__r3,generation_sfb__overview,rejectsExcessiveName,input_rejection_policy,AssertionError: Invalid record was accepted by storeRun.,.local/iterations/i05-budget-sensitivity/runs/i05-budget-sensitivity__generation_sfb__overview__r3/submission-5/evaluation/report.json,7d40fde0672383ab3de89f63ec1af888923c3cd08118ba78d40592a7d5a3c9cf,1a177db5ca390a66c9ad0264a3688b8990fd247414017b18e5890be58648c3e2
i05-budget-sensitivity__generation_sfb__overview__r3,generation_sfb__overview,boundsRetainedEntries,retention_threshold,AssertionError: More than 100 entries retained.,.local/iterations/i05-budget-sensitivity/runs/i05-budget-sensitivity__generation_sfb__overview__r3/submission-5/evaluation/report.json,7d40fde0672383ab3de89f63ec1af888923c3cd08118ba78d40592a7d5a3c9cf,1a177db5ca390a66c9ad0264a3688b8990fd247414017b18e5890be58648c3e2
i05-budget-sensitivity__generation_sfb__overview__r3,generation_sfb__overview,oversizedPhysicalLine,observed_heap_exhaustion,OutOfMemoryError: Java heap space,.local/iterations/i05-budget-sensitivity/runs/i05-budget-sensitivity__generation_sfb__overview__r3/submission-5/evaluation/report.json,7d40fde0672383ab3de89f63ec1af888923c3cd08118ba78d40592a7d5a3c9cf,1a177db5ca390a66c9ad0264a3688b8990fd247414017b18e5890be58648c3e2
i05-budget-sensitivity__generation_s__none__r3,generation_s__none,rejectsNegativeScore,input_rejection_policy,AssertionError: Invalid record was accepted by storeRun.,.local/iterations/i05-budget-sensitivity/runs/i05-budget-sensitivity__generation_s__none__r3/submission-1/evaluation/report.json,7298800a3592ca0fbec6fe5695cd623933c4c1ca3e48143d3f0a4e6f228839fd,0ec6652fd9227bc172c133b0bd38414d4fc129e25bc89271711cedbb3559c1a1
i05-budget-sensitivity__generation_s__none__r3,generation_s__none,rejectsNegativeTime,input_rejection_policy,AssertionError: Invalid record was accepted by storeRun.,.local/iterations/i05-budget-sensitivity/runs/i05-budget-sensitivity__generation_s__none__r3/submission-1/evaluation/report.json,7298800a3592ca0fbec6fe5695cd623933c4c1ca3e48143d3f0a4e6f228839fd,0ec6652fd9227bc172c133b0bd38414d4fc129e25bc89271711cedbb3559c1a1
i05-budget-sensitivity__generation_s__none__r3,generation_s__none,rejectsNullName,input_rejection_policy,AssertionError: Invalid record was accepted by storeRun.,.local/iterations/i05-budget-sensitivity/runs/i05-budget-sensitivity__generation_s__none__r3/submission-1/evaluation/report.json,7298800a3592ca0fbec6fe5695cd623933c4c1ca3e48143d3f0a4e6f228839fd,0ec6652fd9227bc172c133b0bd38414d4fc129e25bc89271711cedbb3559c1a1
i05-budget-sensitivity__generation_s__none__r3,generation_s__none,rejectsBlankName,input_rejection_policy,AssertionError: Invalid record was accepted by storeRun.,.local/iterations/i05-budget-sensitivity/runs/i05-budget-sensitivity__generation_s__none__r3/submission-1/evaluation/report.json,7298800a3592ca0fbec6fe5695cd623933c4c1ca3e48143d3f0a4e6f228839fd,0ec6652fd9227bc172c133b0bd38414d4fc129e25bc89271711cedbb3559c1a1
i05-budget-sensitivity__generation_s__none__r3,generation_s__none,rejectsExcessiveName,input_rejection_policy,AssertionError: Invalid record was accepted by storeRun.,.local/iterations/i05-budget-sensitivity/runs/i05-budget-sensitivity__generation_s__none__r3/submission-1/evaluation/report.json,7298800a3592ca0fbec6fe5695cd623933c4c1ca3e48143d3f0a4e6f228839fd,0ec6652fd9227bc172c133b0bd38414d4fc129e25bc89271711cedbb3559c1a1
i05-budget-sensitivity__generation_s__none__r3,generation_s__none,boundsRetainedEntries,retention_threshold,AssertionError: More than 100 entries retained.,.local/iterations/i05-budget-sensitivity/runs/i05-budget-sensitivity__generation_s__none__r3/submission-1/evaluation/report.json,7298800a3592ca0fbec6fe5695cd623933c4c1ca3e48143d3f0a4e6f228839fd,0ec6652fd9227bc172c133b0bd38414d4fc129e25bc89271711cedbb3559c1a1
i05-budget-sensitivity__generation_s__none__r3,generation_s__none,oversizedPhysicalLine,observed_heap_exhaustion,OutOfMemoryError: Java heap space,.local/iterations/i05-budget-sensitivity/runs/i05-budget-sensitivity__generation_s__none__r3/submission-1/evaluation/report.json,7298800a3592ca0fbec6fe5695cd623933c4c1ca3e48143d3f0a4e6f228839fd,0ec6652fd9227bc172c133b0bd38414d4fc129e25bc89271711cedbb3559c1a1
i05-budget-sensitivity__generation_sfb__requirements__r3,generation_sfb__requirements,rejectsNegativeScore,input_rejection_policy,AssertionError: Invalid record was accepted by storeRun.,.local/iterations/i05-budget-sensitivity/runs/i05-budget-sensitivity__generation_sfb__requirements__r3/submission-1/evaluation/report.json,388d68cbc701537b233cb0a5bdda9addfb01ddf8c6fe73766ca76ffa953cf9b6,03d039adecc1f8511631264de2698c1358fa346ed32a52a5c801c36c7d8acbb4
i05-budget-sensitivity__generation_sfb__requirements__r3,generation_sfb__requirements,oversizedPhysicalLine,observed_heap_exhaustion,OutOfMemoryError: Java heap space,.local/iterations/i05-budget-sensitivity/runs/i05-budget-sensitivity__generation_sfb__requirements__r3/submission-1/evaluation/report.json,388d68cbc701537b233cb0a5bdda9addfb01ddf8c6fe73766ca76ffa953cf9b6,03d039adecc1f8511631264de2698c1358fa346ed32a52a5c801c36c7d8acbb4
i05-budget-sensitivity__reuse_b__overview__r3,reuse_b__overview,rejectsNegativeScore,input_rejection_policy,AssertionError: Invalid record was accepted by storeRun.,.local/iterations/i05-budget-sensitivity/runs/i05-budget-sensitivity__reuse_b__overview__r3/submission-2/evaluation/report.json,336620124bc948c11c53d0f738f907532c9a1858de3e0680bb69be990c700e4b,541880d3e6f263d834a092efd17dd31acea15e28dd8bd083f825c54b97f4662c
i05-budget-sensitivity__reuse_b__overview__r3,reuse_b__overview,rejectsNegativeTime,input_rejection_policy,AssertionError: Invalid record was accepted by storeRun.,.local/iterations/i05-budget-sensitivity/runs/i05-budget-sensitivity__reuse_b__overview__r3/submission-2/evaluation/report.json,336620124bc948c11c53d0f738f907532c9a1858de3e0680bb69be990c700e4b,541880d3e6f263d834a092efd17dd31acea15e28dd8bd083f825c54b97f4662c
i05-budget-sensitivity__reuse_b__overview__r3,reuse_b__overview,rejectsNullName,input_rejection_policy,AssertionError: Invalid record was accepted by storeRun.,.local/iterations/i05-budget-sensitivity/runs/i05-budget-sensitivity__reuse_b__overview__r3/submission-2/evaluation/report.json,336620124bc948c11c53d0f738f907532c9a1858de3e0680bb69be990c700e4b,541880d3e6f263d834a092efd17dd31acea15e28dd8bd083f825c54b97f4662c
i05-budget-sensitivity__reuse_b__overview__r3,reuse_b__overview,rejectsBlankName,input_rejection_policy,AssertionError: Invalid record was accepted by storeRun.,.local/iterations/i05-budget-sensitivity/runs/i05-budget-sensitivity__reuse_b__overview__r3/submission-2/evaluation/report.json,336620124bc948c11c53d0f738f907532c9a1858de3e0680bb69be990c700e4b,541880d3e6f263d834a092efd17dd31acea15e28dd8bd083f825c54b97f4662c
i05-budget-sensitivity__reuse_b__overview__r3,reuse_b__overview,rejectsExcessiveName,input_rejection_policy,AssertionError: Invalid record was accepted by storeRun.,.local/iterations/i05-budget-sensitivity/runs/i05-budget-sensitivity__reuse_b__overview__r3/submission-2/evaluation/report.json,336620124bc948c11c53d0f738f907532c9a1858de3e0680bb69be990c700e4b,541880d3e6f263d834a092efd17dd31acea15e28dd8bd083f825c54b97f4662c
i05-budget-sensitivity__reuse_b__overview__r3,reuse_b__overview,boundsRetainedEntries,retention_threshold,AssertionError: More than 100 entries retained.,.local/iterations/i05-budget-sensitivity/runs/i05-budget-sensitivity__reuse_b__overview__r3/submission-2/evaluation/report.json,336620124bc948c11c53d0f738f907532c9a1858de3e0680bb69be990c700e4b,541880d3e6f263d834a092efd17dd31acea15e28dd8bd083f825c54b97f4662c
i05-budget-sensitivity__reuse_b__overview__r3,reuse_b__overview,oversizedPhysicalLine,observed_heap_exhaustion,OutOfMemoryError: Java heap space,.local/iterations/i05-budget-sensitivity/runs/i05-budget-sensitivity__reuse_b__overview__r3/submission-2/evaluation/report.json,336620124bc948c11c53d0f738f907532c9a1858de3e0680bb69be990c700e4b,541880d3e6f263d834a092efd17dd31acea15e28dd8bd083f825c54b97f4662c
i05-budget-sensitivity__reuse_b__none__r3,reuse_b__none,rejectsNegativeScore,input_rejection_policy,AssertionError: Invalid record was accepted by storeRun.,.local/iterations/i05-budget-sensitivity/runs/i05-budget-sensitivity__reuse_b__none__r3/submission-4/evaluation/report.json,25564e80a6c14dcc0a4a55e0d64494c30539875c7f8429c074a5f229e6aa68f6,c5542dcfe68d27092afc7cfdcfb1a90b7f5efa1b172775e0d4338b14cf5b3fd4
i05-budget-sensitivity__reuse_b__none__r3,reuse_b__none,rejectsNegativeTime,input_rejection_policy,AssertionError: Invalid record was accepted by storeRun.,.local/iterations/i05-budget-sensitivity/runs/i05-budget-sensitivity__reuse_b__none__r3/submission-4/evaluation/report.json,25564e80a6c14dcc0a4a55e0d64494c30539875c7f8429c074a5f229e6aa68f6,c5542dcfe68d27092afc7cfdcfb1a90b7f5efa1b172775e0d4338b14cf5b3fd4
i05-budget-sensitivity__reuse_b__none__r3,reuse_b__none,rejectsNullName,input_rejection_policy,AssertionError: Invalid record was accepted by storeRun.,.local/iterations/i05-budget-sensitivity/runs/i05-budget-sensitivity__reuse_b__none__r3/submission-4/evaluation/report.json,25564e80a6c14dcc0a4a55e0d64494c30539875c7f8429c074a5f229e6aa68f6,c5542dcfe68d27092afc7cfdcfb1a90b7f5efa1b172775e0d4338b14cf5b3fd4
i05-budget-sensitivity__reuse_b__none__r3,reuse_b__none,rejectsBlankName,input_rejection_policy,AssertionError: Invalid record was accepted by storeRun.,.local/iterations/i05-budget-sensitivity/runs/i05-budget-sensitivity__reuse_b__none__r3/submission-4/evaluation/report.json,25564e80a6c14dcc0a4a55e0d64494c30539875c7f8429c074a5f229e6aa68f6,c5542dcfe68d27092afc7cfdcfb1a90b7f5efa1b172775e0d4338b14cf5b3fd4
i05-budget-sensitivity__reuse_b__none__r3,reuse_b__none,rejectsExcessiveName,input_rejection_policy,AssertionError: Invalid record was accepted by storeRun.,.local/iterations/i05-budget-sensitivity/runs/i05-budget-sensitivity__reuse_b__none__r3/submission-4/evaluation/report.json,25564e80a6c14dcc0a4a55e0d64494c30539875c7f8429c074a5f229e6aa68f6,c5542dcfe68d27092afc7cfdcfb1a90b7f5efa1b172775e0d4338b14cf5b3fd4
i05-budget-sensitivity__reuse_b__none__r3,reuse_b__none,boundsRetainedEntries,retention_threshold,AssertionError: More than 100 entries retained.,.local/iterations/i05-budget-sensitivity/runs/i05-budget-sensitivity__reuse_b__none__r3/submission-4/evaluation/report.json,25564e80a6c14dcc0a4a55e0d64494c30539875c7f8429c074a5f229e6aa68f6,c5542dcfe68d27092afc7cfdcfb1a90b7f5efa1b172775e0d4338b14cf5b3fd4
i05-budget-sensitivity__reuse_b__none__r3,reuse_b__none,oversizedPhysicalLine,observed_heap_exhaustion,OutOfMemoryError: Java heap space,.local/iterations/i05-budget-sensitivity/runs/i05-budget-sensitivity__reuse_b__none__r3/submission-4/evaluation/report.json,25564e80a6c14dcc0a4a55e0d64494c30539875c7f8429c074a5f229e6aa68f6,c5542dcfe68d27092afc7cfdcfb1a90b7f5efa1b172775e0d4338b14cf5b3fd4
i05-budget-sensitivity__reuse_b__none__r3,reuse_b__none,largePersistedRecordSet,observed_heap_exhaustion,OutOfMemoryError: Java heap space,.local/iterations/i05-budget-sensitivity/runs/i05-budget-sensitivity__reuse_b__none__r3/submission-4/evaluation/report.json,25564e80a6c14dcc0a4a55e0d64494c30539875c7f8429c074a5f229e6aa68f6,c5542dcfe68d27092afc7cfdcfb1a90b7f5efa1b172775e0d4338b14cf5b3fd4
i05-budget-sensitivity__reuse_b__overview__r4,reuse_b__overview,rejectsNegativeScore,input_rejection_policy,AssertionError: Invalid record was accepted by storeRun.,.local/iterations/i05-budget-sensitivity/runs/i05-budget-sensitivity__reuse_b__overview__r4/submission-3/evaluation/report.json,ff24f1c3f06c542b4716607ca1c372246e56dce4732e6e12d129d6295ed47bc3,46c4e33829b8e0cb445b78f82bd198e0ff2d62a8a53b82b976832b82264e9772
i05-budget-sensitivity__reuse_b__overview__r4,reuse_b__overview,rejectsNegativeTime,input_rejection_policy,AssertionError: Invalid record was accepted by storeRun.,.local/iterations/i05-budget-sensitivity/runs/i05-budget-sensitivity__reuse_b__overview__r4/submission-3/evaluation/report.json,ff24f1c3f06c542b4716607ca1c372246e56dce4732e6e12d129d6295ed47bc3,46c4e33829b8e0cb445b78f82bd198e0ff2d62a8a53b82b976832b82264e9772
i05-budget-sensitivity__reuse_b__overview__r4,reuse_b__overview,rejectsNullName,input_rejection_policy,AssertionError: Invalid record was accepted by storeRun.,.local/iterations/i05-budget-sensitivity/runs/i05-budget-sensitivity__reuse_b__overview__r4/submission-3/evaluation/report.json,ff24f1c3f06c542b4716607ca1c372246e56dce4732e6e12d129d6295ed47bc3,46c4e33829b8e0cb445b78f82bd198e0ff2d62a8a53b82b976832b82264e9772
i05-budget-sensitivity__reuse_b__overview__r4,reuse_b__overview,rejectsBlankName,input_rejection_policy,AssertionError: Invalid record was accepted by storeRun.,.local/iterations/i05-budget-sensitivity/runs/i05-budget-sensitivity__reuse_b__overview__r4/submission-3/evaluation/report.json,ff24f1c3f06c542b4716607ca1c372246e56dce4732e6e12d129d6295ed47bc3,46c4e33829b8e0cb445b78f82bd198e0ff2d62a8a53b82b976832b82264e9772
i05-budget-sensitivity__reuse_b__overview__r4,reuse_b__overview,rejectsExcessiveName,input_rejection_policy,AssertionError: Invalid record was accepted by storeRun.,.local/iterations/i05-budget-sensitivity/runs/i05-budget-sensitivity__reuse_b__overview__r4/submission-3/evaluation/report.json,ff24f1c3f06c542b4716607ca1c372246e56dce4732e6e12d129d6295ed47bc3,46c4e33829b8e0cb445b78f82bd198e0ff2d62a8a53b82b976832b82264e9772
i05-budget-sensitivity__reuse_b__overview__r4,reuse_b__overview,oversizedPhysicalLine,observed_heap_exhaustion,OutOfMemoryError: Java heap space,.local/iterations/i05-budget-sensitivity/runs/i05-budget-sensitivity__reuse_b__overview__r4/submission-3/evaluation/report.json,ff24f1c3f06c542b4716607ca1c372246e56dce4732e6e12d129d6295ed47bc3,46c4e33829b8e0cb445b78f82bd198e0ff2d62a8a53b82b976832b82264e9772
i05-budget-sensitivity__generation_sfb__boundaries__r4,generation_sfb__boundaries,rejectsNegativeScore,input_rejection_policy,AssertionError: Invalid record was accepted by storeRun.,.local/iterations/i05-budget-sensitivity/runs/i05-budget-sensitivity__generation_sfb__boundaries__r4/submission-2/evaluation/report.json,5ffa6f9c2d0e3a0d19035cc1d1ca2551941e627379cc51588e85d200a9ad4a1b,fc698f5df55cecc3ecf984aa4133f86aeb40d283313e35b0d9186b8623f4d777
i05-budget-sensitivity__generation_sfb__boundaries__r4,generation_sfb__boundaries,rejectsNegativeTime,input_rejection_policy,AssertionError: Invalid record was accepted by storeRun.,.local/iterations/i05-budget-sensitivity/runs/i05-budget-sensitivity__generation_sfb__boundaries__r4/submission-2/evaluation/report.json,5ffa6f9c2d0e3a0d19035cc1d1ca2551941e627379cc51588e85d200a9ad4a1b,fc698f5df55cecc3ecf984aa4133f86aeb40d283313e35b0d9186b8623f4d777
i05-budget-sensitivity__generation_sfb__boundaries__r4,generation_sfb__boundaries,rejectsNullName,input_rejection_policy,AssertionError: Invalid record was accepted by storeRun.,.local/iterations/i05-budget-sensitivity/runs/i05-budget-sensitivity__generation_sfb__boundaries__r4/submission-2/evaluation/report.json,5ffa6f9c2d0e3a0d19035cc1d1ca2551941e627379cc51588e85d200a9ad4a1b,fc698f5df55cecc3ecf984aa4133f86aeb40d283313e35b0d9186b8623f4d777
i05-budget-sensitivity__generation_sfb__boundaries__r4,generation_sfb__boundaries,rejectsBlankName,input_rejection_policy,AssertionError: Invalid record was accepted by storeRun.,.local/iterations/i05-budget-sensitivity/runs/i05-budget-sensitivity__generation_sfb__boundaries__r4/submission-2/evaluation/report.json,5ffa6f9c2d0e3a0d19035cc1d1ca2551941e627379cc51588e85d200a9ad4a1b,fc698f5df55cecc3ecf984aa4133f86aeb40d283313e35b0d9186b8623f4d777
i05-budget-sensitivity__generation_sfb__boundaries__r4,generation_sfb__boundaries,rejectsExcessiveName,input_rejection_policy,AssertionError: Invalid record was accepted by storeRun.,.local/iterations/i05-budget-sensitivity/runs/i05-budget-sensitivity__generation_sfb__boundaries__r4/submission-2/evaluation/report.json,5ffa6f9c2d0e3a0d19035cc1d1ca2551941e627379cc51588e85d200a9ad4a1b,fc698f5df55cecc3ecf984aa4133f86aeb40d283313e35b0d9186b8623f4d777
i05-budget-sensitivity__generation_sfb__boundaries__r4,generation_sfb__boundaries,oversizedPhysicalLine,observed_heap_exhaustion,OutOfMemoryError: Java heap space,.local/iterations/i05-budget-sensitivity/runs/i05-budget-sensitivity__generation_sfb__boundaries__r4/submission-2/evaluation/report.json,5ffa6f9c2d0e3a0d19035cc1d1ca2551941e627379cc51588e85d200a9ad4a1b,fc698f5df55cecc3ecf984aa4133f86aeb40d283313e35b0d9186b8623f4d777
i05-budget-sensitivity__generation_s__requirements__r4,generation_s__requirements,oversizedPhysicalLine,observed_heap_exhaustion,OutOfMemoryError: Java heap space,.local/iterations/i05-budget-sensitivity/runs/i05-budget-sensitivity__generation_s__requirements__r4/submission-2/evaluation/report.json,43796eb12b9beada2a95258e60f743fffa56cbb2d79fdd1241dee3c04441d93c,fd583bd2704c3996b9ef9e8f63c7d6c805b3d69f1949b8ce74dc1a9929d6601f
i05-budget-sensitivity__reuse_b__none__r4,reuse_b__none,rejectsNegativeScore,input_rejection_policy,AssertionError: Invalid record was accepted by storeRun.,.local/iterations/i05-budget-sensitivity/runs/i05-budget-sensitivity__reuse_b__none__r4/submission-2/evaluation/report.json,568d9ca7f60a2635b2c07abe92ea92ce9fa923689714a2095d9c03107f418b25,e1fcfabdb63c05fcc47660c0df424383d930a060883a051ca3c50a5af1cd4a0d
i05-budget-sensitivity__reuse_b__none__r4,reuse_b__none,rejectsNegativeTime,input_rejection_policy,AssertionError: Invalid record was accepted by storeRun.,.local/iterations/i05-budget-sensitivity/runs/i05-budget-sensitivity__reuse_b__none__r4/submission-2/evaluation/report.json,568d9ca7f60a2635b2c07abe92ea92ce9fa923689714a2095d9c03107f418b25,e1fcfabdb63c05fcc47660c0df424383d930a060883a051ca3c50a5af1cd4a0d
i05-budget-sensitivity__reuse_b__none__r4,reuse_b__none,rejectsNullName,input_rejection_policy,AssertionError: Invalid record was accepted by storeRun.,.local/iterations/i05-budget-sensitivity/runs/i05-budget-sensitivity__reuse_b__none__r4/submission-2/evaluation/report.json,568d9ca7f60a2635b2c07abe92ea92ce9fa923689714a2095d9c03107f418b25,e1fcfabdb63c05fcc47660c0df424383d930a060883a051ca3c50a5af1cd4a0d
i05-budget-sensitivity__reuse_b__none__r4,reuse_b__none,rejectsBlankName,input_rejection_policy,AssertionError: Invalid record was accepted by storeRun.,.local/iterations/i05-budget-sensitivity/runs/i05-budget-sensitivity__reuse_b__none__r4/submission-2/evaluation/report.json,568d9ca7f60a2635b2c07abe92ea92ce9fa923689714a2095d9c03107f418b25,e1fcfabdb63c05fcc47660c0df424383d930a060883a051ca3c50a5af1cd4a0d
i05-budget-sensitivity__reuse_b__none__r4,reuse_b__none,rejectsExcessiveName,input_rejection_policy,AssertionError: Invalid record was accepted by storeRun.,.local/iterations/i05-budget-sensitivity/runs/i05-budget-sensitivity__reuse_b__none__r4/submission-2/evaluation/report.json,568d9ca7f60a2635b2c07abe92ea92ce9fa923689714a2095d9c03107f418b25,e1fcfabdb63c05fcc47660c0df424383d930a060883a051ca3c50a5af1cd4a0d
i05-budget-sensitivity__reuse_b__none__r4,reuse_b__none,oversizedPhysicalLine,observed_heap_exhaustion,OutOfMemoryError: Java heap space,.local/iterations/i05-budget-sensitivity/runs/i05-budget-sensitivity__reuse_b__none__r4/submission-2/evaluation/report.json,568d9ca7f60a2635b2c07abe92ea92ce9fa923689714a2095d9c03107f418b25,e1fcfabdb63c05fcc47660c0df424383d930a060883a051ca3c50a5af1cd4a0d
i05-budget-sensitivity__reuse_b__none__r4,reuse_b__none,largePersistedRecordSet,observed_heap_exhaustion,OutOfMemoryError: Java heap space,.local/iterations/i05-budget-sensitivity/runs/i05-budget-sensitivity__reuse_b__none__r4/submission-2/evaluation/report.json,568d9ca7f60a2635b2c07abe92ea92ce9fa923689714a2095d9c03107f418b25,e1fcfabdb63c05fcc47660c0df424383d930a060883a051ca3c50a5af1cd4a0d
i05-budget-sensitivity__reuse_b__boundaries__r4,reuse_b__boundaries,rejectsNegativeScore,input_rejection_policy,AssertionError: Invalid record was accepted by storeRun.,.local/iterations/i05-budget-sensitivity/runs/i05-budget-sensitivity__reuse_b__boundaries__r4/submission-4/evaluation/report.json,154298626fd9d7292facf61948f03e97facf163e5a8b3d5487c3a723124b68c4,5393e7061f340a2d5e09222f985936d11dbf284fc0eb6fd553e13a0a0455d3d5
i05-budget-sensitivity__reuse_b__boundaries__r4,reuse_b__boundaries,rejectsNegativeTime,input_rejection_policy,AssertionError: Invalid record was accepted by storeRun.,.local/iterations/i05-budget-sensitivity/runs/i05-budget-sensitivity__reuse_b__boundaries__r4/submission-4/evaluation/report.json,154298626fd9d7292facf61948f03e97facf163e5a8b3d5487c3a723124b68c4,5393e7061f340a2d5e09222f985936d11dbf284fc0eb6fd553e13a0a0455d3d5
i05-budget-sensitivity__reuse_b__boundaries__r4,reuse_b__boundaries,rejectsNullName,input_rejection_policy,AssertionError: Invalid record was accepted by storeRun.,.local/iterations/i05-budget-sensitivity/runs/i05-budget-sensitivity__reuse_b__boundaries__r4/submission-4/evaluation/report.json,154298626fd9d7292facf61948f03e97facf163e5a8b3d5487c3a723124b68c4,5393e7061f340a2d5e09222f985936d11dbf284fc0eb6fd553e13a0a0455d3d5
i05-budget-sensitivity__reuse_b__boundaries__r4,reuse_b__boundaries,rejectsBlankName,input_rejection_policy,AssertionError: Invalid record was accepted by storeRun.,.local/iterations/i05-budget-sensitivity/runs/i05-budget-sensitivity__reuse_b__boundaries__r4/submission-4/evaluation/report.json,154298626fd9d7292facf61948f03e97facf163e5a8b3d5487c3a723124b68c4,5393e7061f340a2d5e09222f985936d11dbf284fc0eb6fd553e13a0a0455d3d5
i05-budget-sensitivity__reuse_b__boundaries__r4,reuse_b__boundaries,rejectsExcessiveName,input_rejection_policy,AssertionError: Invalid record was accepted by storeRun.,.local/iterations/i05-budget-sensitivity/runs/i05-budget-sensitivity__reuse_b__boundaries__r4/submission-4/evaluation/report.json,154298626fd9d7292facf61948f03e97facf163e5a8b3d5487c3a723124b68c4,5393e7061f340a2d5e09222f985936d11dbf284fc0eb6fd553e13a0a0455d3d5
i05-budget-sensitivity__reuse_b__boundaries__r4,reuse_b__boundaries,boundsRetainedEntries,retention_threshold,AssertionError: More than 100 entries retained.,.local/iterations/i05-budget-sensitivity/runs/i05-budget-sensitivity__reuse_b__boundaries__r4/submission-4/evaluation/report.json,154298626fd9d7292facf61948f03e97facf163e5a8b3d5487c3a723124b68c4,5393e7061f340a2d5e09222f985936d11dbf284fc0eb6fd553e13a0a0455d3d5
i05-budget-sensitivity__generation_sfb__overview__r4,generation_sfb__overview,rejectsNegativeScore,input_rejection_policy,AssertionError: Invalid record was accepted by storeRun.,.local/iterations/i05-budget-sensitivity/runs/i05-budget-sensitivity__generation_sfb__overview__r4/submission-3/evaluation/report.json,62028dc6f0753e4b589e61bf8db2091a3f19c050a3559973ebfa004149344d36,8b532e314a38703931b95be6779c2e93ce62dab80ec8d05578594460e22f54e9
i05-budget-sensitivity__generation_sfb__overview__r4,generation_sfb__overview,rejectsNegativeTime,input_rejection_policy,AssertionError: Invalid record was accepted by storeRun.,.local/iterations/i05-budget-sensitivity/runs/i05-budget-sensitivity__generation_sfb__overview__r4/submission-3/evaluation/report.json,62028dc6f0753e4b589e61bf8db2091a3f19c050a3559973ebfa004149344d36,8b532e314a38703931b95be6779c2e93ce62dab80ec8d05578594460e22f54e9
i05-budget-sensitivity__generation_sfb__overview__r4,generation_sfb__overview,rejectsNullName,input_rejection_policy,AssertionError: Invalid record was accepted by storeRun.,.local/iterations/i05-budget-sensitivity/runs/i05-budget-sensitivity__generation_sfb__overview__r4/submission-3/evaluation/report.json,62028dc6f0753e4b589e61bf8db2091a3f19c050a3559973ebfa004149344d36,8b532e314a38703931b95be6779c2e93ce62dab80ec8d05578594460e22f54e9
i05-budget-sensitivity__generation_sfb__overview__r4,generation_sfb__overview,rejectsBlankName,input_rejection_policy,AssertionError: Invalid record was accepted by storeRun.,.local/iterations/i05-budget-sensitivity/runs/i05-budget-sensitivity__generation_sfb__overview__r4/submission-3/evaluation/report.json,62028dc6f0753e4b589e61bf8db2091a3f19c050a3559973ebfa004149344d36,8b532e314a38703931b95be6779c2e93ce62dab80ec8d05578594460e22f54e9
i05-budget-sensitivity__generation_sfb__overview__r4,generation_sfb__overview,rejectsExcessiveName,input_rejection_policy,AssertionError: Invalid record was accepted by storeRun.,.local/iterations/i05-budget-sensitivity/runs/i05-budget-sensitivity__generation_sfb__overview__r4/submission-3/evaluation/report.json,62028dc6f0753e4b589e61bf8db2091a3f19c050a3559973ebfa004149344d36,8b532e314a38703931b95be6779c2e93ce62dab80ec8d05578594460e22f54e9
i05-budget-sensitivity__generation_sfb__overview__r4,generation_sfb__overview,boundsRetainedEntries,retention_threshold,AssertionError: More than 100 entries retained.,.local/iterations/i05-budget-sensitivity/runs/i05-budget-sensitivity__generation_sfb__overview__r4/submission-3/evaluation/report.json,62028dc6f0753e4b589e61bf8db2091a3f19c050a3559973ebfa004149344d36,8b532e314a38703931b95be6779c2e93ce62dab80ec8d05578594460e22f54e9
i05-budget-sensitivity__generation_sfb__overview__r4,generation_sfb__overview,oversizedPhysicalLine,observed_heap_exhaustion,OutOfMemoryError: Java heap space,.local/iterations/i05-budget-sensitivity/runs/i05-budget-sensitivity__generation_sfb__overview__r4/submission-3/evaluation/report.json,62028dc6f0753e4b589e61bf8db2091a3f19c050a3559973ebfa004149344d36,8b532e314a38703931b95be6779c2e93ce62dab80ec8d05578594460e22f54e9
i05-budget-sensitivity__generation_sfb__none__r4,generation_sfb__none,rejectsNegativeScore,input_rejection_policy,AssertionError: Invalid record was accepted by storeRun.,.local/iterations/i05-budget-sensitivity/runs/i05-budget-sensitivity__generation_sfb__none__r4/submission-1/evaluation/report.json,2122bbd644e82da5953ad8ac9e357395376b0bffbc39e1a91ab29af06b924899,d9564ca1057d291ec74dd6ebfc95f5fb12529f90a229c9614c38ea03a63b4fa6
i05-budget-sensitivity__generation_sfb__none__r4,generation_sfb__none,rejectsNegativeTime,input_rejection_policy,AssertionError: Invalid record was accepted by storeRun.,.local/iterations/i05-budget-sensitivity/runs/i05-budget-sensitivity__generation_sfb__none__r4/submission-1/evaluation/report.json,2122bbd644e82da5953ad8ac9e357395376b0bffbc39e1a91ab29af06b924899,d9564ca1057d291ec74dd6ebfc95f5fb12529f90a229c9614c38ea03a63b4fa6
i05-budget-sensitivity__generation_sfb__none__r4,generation_sfb__none,rejectsNullName,input_rejection_policy,AssertionError: Invalid record was accepted by storeRun.,.local/iterations/i05-budget-sensitivity/runs/i05-budget-sensitivity__generation_sfb__none__r4/submission-1/evaluation/report.json,2122bbd644e82da5953ad8ac9e357395376b0bffbc39e1a91ab29af06b924899,d9564ca1057d291ec74dd6ebfc95f5fb12529f90a229c9614c38ea03a63b4fa6
i05-budget-sensitivity__generation_sfb__none__r4,generation_sfb__none,rejectsBlankName,input_rejection_policy,AssertionError: Invalid record was accepted by storeRun.,.local/iterations/i05-budget-sensitivity/runs/i05-budget-sensitivity__generation_sfb__none__r4/submission-1/evaluation/report.json,2122bbd644e82da5953ad8ac9e357395376b0bffbc39e1a91ab29af06b924899,d9564ca1057d291ec74dd6ebfc95f5fb12529f90a229c9614c38ea03a63b4fa6
i05-budget-sensitivity__generation_sfb__none__r4,generation_sfb__none,rejectsExcessiveName,input_rejection_policy,AssertionError: Invalid record was accepted by storeRun.,.local/iterations/i05-budget-sensitivity/runs/i05-budget-sensitivity__generation_sfb__none__r4/submission-1/evaluation/report.json,2122bbd644e82da5953ad8ac9e357395376b0bffbc39e1a91ab29af06b924899,d9564ca1057d291ec74dd6ebfc95f5fb12529f90a229c9614c38ea03a63b4fa6
i05-budget-sensitivity__generation_sfb__none__r4,generation_sfb__none,boundsRetainedEntries,retention_threshold,AssertionError: More than 100 entries retained.,.local/iterations/i05-budget-sensitivity/runs/i05-budget-sensitivity__generation_sfb__none__r4/submission-1/evaluation/report.json,2122bbd644e82da5953ad8ac9e357395376b0bffbc39e1a91ab29af06b924899,d9564ca1057d291ec74dd6ebfc95f5fb12529f90a229c9614c38ea03a63b4fa6
i05-budget-sensitivity__generation_sfb__none__r4,generation_sfb__none,oversizedPhysicalLine,observed_heap_exhaustion,OutOfMemoryError: Java heap space,.local/iterations/i05-budget-sensitivity/runs/i05-budget-sensitivity__generation_sfb__none__r4/submission-1/evaluation/report.json,2122bbd644e82da5953ad8ac9e357395376b0bffbc39e1a91ab29af06b924899,d9564ca1057d291ec74dd6ebfc95f5fb12529f90a229c9614c38ea03a63b4fa6
i05-budget-sensitivity__generation_sfb__none__r4,generation_sfb__none,largePersistedRecordSet,observed_heap_exhaustion,OutOfMemoryError: Java heap space,.local/iterations/i05-budget-sensitivity/runs/i05-budget-sensitivity__generation_sfb__none__r4/submission-1/evaluation/report.json,2122bbd644e82da5953ad8ac9e357395376b0bffbc39e1a91ab29af06b924899,d9564ca1057d291ec74dd6ebfc95f5fb12529f90a229c9614c38ea03a63b4fa6
i05-budget-sensitivity__reuse_sb__boundaries__r4,reuse_sb__boundaries,rejectsNegativeScore,input_rejection_policy,AssertionError: Invalid record was accepted by storeRun.,.local/iterations/i05-budget-sensitivity/runs/i05-budget-sensitivity__reuse_sb__boundaries__r4/submission-2/evaluation/report.json,67d2733049b4eb7ac28031dcab735b1ce5a7dfdeb47b1e19adfe6e35b4ed5365,9b778e8635539f3272e47bd19befe199d000ac432b7721687365ceea765c95b1
i05-budget-sensitivity__reuse_sb__boundaries__r4,reuse_sb__boundaries,rejectsNegativeTime,input_rejection_policy,AssertionError: Invalid record was accepted by storeRun.,.local/iterations/i05-budget-sensitivity/runs/i05-budget-sensitivity__reuse_sb__boundaries__r4/submission-2/evaluation/report.json,67d2733049b4eb7ac28031dcab735b1ce5a7dfdeb47b1e19adfe6e35b4ed5365,9b778e8635539f3272e47bd19befe199d000ac432b7721687365ceea765c95b1
i05-budget-sensitivity__reuse_sb__boundaries__r4,reuse_sb__boundaries,rejectsNullName,input_rejection_policy,AssertionError: Invalid record was accepted by storeRun.,.local/iterations/i05-budget-sensitivity/runs/i05-budget-sensitivity__reuse_sb__boundaries__r4/submission-2/evaluation/report.json,67d2733049b4eb7ac28031dcab735b1ce5a7dfdeb47b1e19adfe6e35b4ed5365,9b778e8635539f3272e47bd19befe199d000ac432b7721687365ceea765c95b1
i05-budget-sensitivity__reuse_sb__boundaries__r4,reuse_sb__boundaries,rejectsBlankName,input_rejection_policy,AssertionError: Invalid record was accepted by storeRun.,.local/iterations/i05-budget-sensitivity/runs/i05-budget-sensitivity__reuse_sb__boundaries__r4/submission-2/evaluation/report.json,67d2733049b4eb7ac28031dcab735b1ce5a7dfdeb47b1e19adfe6e35b4ed5365,9b778e8635539f3272e47bd19befe199d000ac432b7721687365ceea765c95b1
i05-budget-sensitivity__reuse_sb__boundaries__r4,reuse_sb__boundaries,rejectsExcessiveName,input_rejection_policy,AssertionError: Invalid record was accepted by storeRun.,.local/iterations/i05-budget-sensitivity/runs/i05-budget-sensitivity__reuse_sb__boundaries__r4/submission-2/evaluation/report.json,67d2733049b4eb7ac28031dcab735b1ce5a7dfdeb47b1e19adfe6e35b4ed5365,9b778e8635539f3272e47bd19befe199d000ac432b7721687365ceea765c95b1
i05-budget-sensitivity__reuse_sb__overview__r4,reuse_sb__overview,rejectsNegativeScore,input_rejection_policy,AssertionError: Invalid record was accepted by storeRun.,.local/iterations/i05-budget-sensitivity/runs/i05-budget-sensitivity__reuse_sb__overview__r4/submission-2/evaluation/report.json,251327cf2185388301af72f2eedaf9804c6a241924027415528749e08d02dc54,af136e42206531fced04e6e83f91b34c36053d1b18faac66574b17e692d52394
i05-budget-sensitivity__reuse_sb__overview__r4,reuse_sb__overview,rejectsNegativeTime,input_rejection_policy,AssertionError: Invalid record was accepted by storeRun.,.local/iterations/i05-budget-sensitivity/runs/i05-budget-sensitivity__reuse_sb__overview__r4/submission-2/evaluation/report.json,251327cf2185388301af72f2eedaf9804c6a241924027415528749e08d02dc54,af136e42206531fced04e6e83f91b34c36053d1b18faac66574b17e692d52394
i05-budget-sensitivity__reuse_sb__overview__r4,reuse_sb__overview,rejectsNullName,input_rejection_policy,AssertionError: Invalid record was accepted by storeRun.,.local/iterations/i05-budget-sensitivity/runs/i05-budget-sensitivity__reuse_sb__overview__r4/submission-2/evaluation/report.json,251327cf2185388301af72f2eedaf9804c6a241924027415528749e08d02dc54,af136e42206531fced04e6e83f91b34c36053d1b18faac66574b17e692d52394
i05-budget-sensitivity__reuse_sb__overview__r4,reuse_sb__overview,rejectsBlankName,input_rejection_policy,AssertionError: Invalid record was accepted by storeRun.,.local/iterations/i05-budget-sensitivity/runs/i05-budget-sensitivity__reuse_sb__overview__r4/submission-2/evaluation/report.json,251327cf2185388301af72f2eedaf9804c6a241924027415528749e08d02dc54,af136e42206531fced04e6e83f91b34c36053d1b18faac66574b17e692d52394
i05-budget-sensitivity__reuse_sb__overview__r4,reuse_sb__overview,rejectsExcessiveName,input_rejection_policy,AssertionError: Invalid record was accepted by storeRun.,.local/iterations/i05-budget-sensitivity/runs/i05-budget-sensitivity__reuse_sb__overview__r4/submission-2/evaluation/report.json,251327cf2185388301af72f2eedaf9804c6a241924027415528749e08d02dc54,af136e42206531fced04e6e83f91b34c36053d1b18faac66574b17e692d52394
i05-budget-sensitivity__reuse_sb__overview__r4,reuse_sb__overview,boundsRetainedEntries,retention_threshold,AssertionError: More than 100 entries retained.,.local/iterations/i05-budget-sensitivity/runs/i05-budget-sensitivity__reuse_sb__overview__r4/submission-2/evaluation/report.json,251327cf2185388301af72f2eedaf9804c6a241924027415528749e08d02dc54,af136e42206531fced04e6e83f91b34c36053d1b18faac66574b17e692d52394
i05-budget-sensitivity__reuse_sb__overview__r4,reuse_sb__overview,oversizedPhysicalLine,observed_heap_exhaustion,OutOfMemoryError: Java heap space,.local/iterations/i05-budget-sensitivity/runs/i05-budget-sensitivity__reuse_sb__overview__r4/submission-2/evaluation/report.json,251327cf2185388301af72f2eedaf9804c6a241924027415528749e08d02dc54,af136e42206531fced04e6e83f91b34c36053d1b18faac66574b17e692d52394
i05-budget-sensitivity__reuse_sb__overview__r4,reuse_sb__overview,largePersistedRecordSet,observed_heap_exhaustion,OutOfMemoryError: Java heap space,.local/iterations/i05-budget-sensitivity/runs/i05-budget-sensitivity__reuse_sb__overview__r4/submission-2/evaluation/report.json,251327cf2185388301af72f2eedaf9804c6a241924027415528749e08d02dc54,af136e42206531fced04e6e83f91b34c36053d1b18faac66574b17e692d52394
i05-budget-sensitivity__reuse_sb__none__r4,reuse_sb__none,rejectsNegativeScore,input_rejection_policy,AssertionError: Invalid record was accepted by storeRun.,.local/iterations/i05-budget-sensitivity/runs/i05-budget-sensitivity__reuse_sb__none__r4/submission-1/evaluation/report.json,e477940a61498cf66dcccd183a208f3731c69a109629829dcf0e8ced3c7ee5c2,d85d154cd5fabb21b9f772882531ba1a51db13024912d7b843370ee2260c42b9
i05-budget-sensitivity__reuse_sb__none__r4,reuse_sb__none,rejectsNegativeTime,input_rejection_policy,AssertionError: Invalid record was accepted by storeRun.,.local/iterations/i05-budget-sensitivity/runs/i05-budget-sensitivity__reuse_sb__none__r4/submission-1/evaluation/report.json,e477940a61498cf66dcccd183a208f3731c69a109629829dcf0e8ced3c7ee5c2,d85d154cd5fabb21b9f772882531ba1a51db13024912d7b843370ee2260c42b9
i05-budget-sensitivity__reuse_sb__none__r4,reuse_sb__none,rejectsNullName,input_rejection_policy,AssertionError: Invalid record was accepted by storeRun.,.local/iterations/i05-budget-sensitivity/runs/i05-budget-sensitivity__reuse_sb__none__r4/submission-1/evaluation/report.json,e477940a61498cf66dcccd183a208f3731c69a109629829dcf0e8ced3c7ee5c2,d85d154cd5fabb21b9f772882531ba1a51db13024912d7b843370ee2260c42b9
i05-budget-sensitivity__reuse_sb__none__r4,reuse_sb__none,rejectsBlankName,input_rejection_policy,AssertionError: Invalid record was accepted by storeRun.,.local/iterations/i05-budget-sensitivity/runs/i05-budget-sensitivity__reuse_sb__none__r4/submission-1/evaluation/report.json,e477940a61498cf66dcccd183a208f3731c69a109629829dcf0e8ced3c7ee5c2,d85d154cd5fabb21b9f772882531ba1a51db13024912d7b843370ee2260c42b9
i05-budget-sensitivity__reuse_sb__none__r4,reuse_sb__none,rejectsExcessiveName,input_rejection_policy,AssertionError: Invalid record was accepted by storeRun.,.local/iterations/i05-budget-sensitivity/runs/i05-budget-sensitivity__reuse_sb__none__r4/submission-1/evaluation/report.json,e477940a61498cf66dcccd183a208f3731c69a109629829dcf0e8ced3c7ee5c2,d85d154cd5fabb21b9f772882531ba1a51db13024912d7b843370ee2260c42b9
i05-budget-sensitivity__reuse_sb__none__r4,reuse_sb__none,oversizedPhysicalLine,observed_heap_exhaustion,OutOfMemoryError: Java heap space,.local/iterations/i05-budget-sensitivity/runs/i05-budget-sensitivity__reuse_sb__none__r4/submission-1/evaluation/report.json,e477940a61498cf66dcccd183a208f3731c69a109629829dcf0e8ced3c7ee5c2,d85d154cd5fabb21b9f772882531ba1a51db13024912d7b843370ee2260c42b9
i05-budget-sensitivity__generation_s__none__r4,generation_s__none,rejectsNegativeScore,input_rejection_policy,AssertionError: Invalid record was accepted by storeRun.,.local/iterations/i05-budget-sensitivity/runs/i05-budget-sensitivity__generation_s__none__r4/submission-1/evaluation/report.json,08fb1a29ee63e344252e6bea358674fb4fd656e1fd5569e6bcce1998988adfa6,18548683fed74521627628d9de666776850274de9416f310106028b6a091fa76
i05-budget-sensitivity__generation_s__none__r4,generation_s__none,rejectsNegativeTime,input_rejection_policy,AssertionError: Invalid record was accepted by storeRun.,.local/iterations/i05-budget-sensitivity/runs/i05-budget-sensitivity__generation_s__none__r4/submission-1/evaluation/report.json,08fb1a29ee63e344252e6bea358674fb4fd656e1fd5569e6bcce1998988adfa6,18548683fed74521627628d9de666776850274de9416f310106028b6a091fa76
i05-budget-sensitivity__generation_s__none__r4,generation_s__none,rejectsNullName,input_rejection_policy,AssertionError: Invalid record was accepted by storeRun.,.local/iterations/i05-budget-sensitivity/runs/i05-budget-sensitivity__generation_s__none__r4/submission-1/evaluation/report.json,08fb1a29ee63e344252e6bea358674fb4fd656e1fd5569e6bcce1998988adfa6,18548683fed74521627628d9de666776850274de9416f310106028b6a091fa76
i05-budget-sensitivity__generation_s__none__r4,generation_s__none,rejectsBlankName,input_rejection_policy,AssertionError: Invalid record was accepted by storeRun.,.local/iterations/i05-budget-sensitivity/runs/i05-budget-sensitivity__generation_s__none__r4/submission-1/evaluation/report.json,08fb1a29ee63e344252e6bea358674fb4fd656e1fd5569e6bcce1998988adfa6,18548683fed74521627628d9de666776850274de9416f310106028b6a091fa76
i05-budget-sensitivity__generation_s__none__r4,generation_s__none,rejectsExcessiveName,input_rejection_policy,AssertionError: Invalid record was accepted by storeRun.,.local/iterations/i05-budget-sensitivity/runs/i05-budget-sensitivity__generation_s__none__r4/submission-1/evaluation/report.json,08fb1a29ee63e344252e6bea358674fb4fd656e1fd5569e6bcce1998988adfa6,18548683fed74521627628d9de666776850274de9416f310106028b6a091fa76
i05-budget-sensitivity__generation_s__none__r4,generation_s__none,boundsRetainedEntries,retention_threshold,AssertionError: More than 100 entries retained.,.local/iterations/i05-budget-sensitivity/runs/i05-budget-sensitivity__generation_s__none__r4/submission-1/evaluation/report.json,08fb1a29ee63e344252e6bea358674fb4fd656e1fd5569e6bcce1998988adfa6,18548683fed74521627628d9de666776850274de9416f310106028b6a091fa76
i05-budget-sensitivity__generation_s__none__r4,generation_s__none,oversizedPhysicalLine,observed_heap_exhaustion,OutOfMemoryError: Java heap space,.local/iterations/i05-budget-sensitivity/runs/i05-budget-sensitivity__generation_s__none__r4/submission-1/evaluation/report.json,08fb1a29ee63e344252e6bea358674fb4fd656e1fd5569e6bcce1998988adfa6,18548683fed74521627628d9de666776850274de9416f310106028b6a091fa76
i05-budget-sensitivity__generation_s__overview__r4,generation_s__overview,rejectsNegativeScore,input_rejection_policy,AssertionError: Invalid record was accepted by storeRun.,.local/iterations/i05-budget-sensitivity/runs/i05-budget-sensitivity__generation_s__overview__r4/submission-2/evaluation/report.json,213e21e635d7f941aa9924e4cfded1bea35dd2c5b86bb228b6eebf72995ca6e7,857a096d84f55d383883ad585a297b09e87bdd14ce4c5a5e6548c76f273802fe
i05-budget-sensitivity__generation_s__overview__r4,generation_s__overview,rejectsNegativeTime,input_rejection_policy,AssertionError: Invalid record was accepted by storeRun.,.local/iterations/i05-budget-sensitivity/runs/i05-budget-sensitivity__generation_s__overview__r4/submission-2/evaluation/report.json,213e21e635d7f941aa9924e4cfded1bea35dd2c5b86bb228b6eebf72995ca6e7,857a096d84f55d383883ad585a297b09e87bdd14ce4c5a5e6548c76f273802fe
i05-budget-sensitivity__generation_s__overview__r4,generation_s__overview,rejectsNullName,input_rejection_policy,AssertionError: Invalid record was accepted by storeRun.,.local/iterations/i05-budget-sensitivity/runs/i05-budget-sensitivity__generation_s__overview__r4/submission-2/evaluation/report.json,213e21e635d7f941aa9924e4cfded1bea35dd2c5b86bb228b6eebf72995ca6e7,857a096d84f55d383883ad585a297b09e87bdd14ce4c5a5e6548c76f273802fe
i05-budget-sensitivity__generation_s__overview__r4,generation_s__overview,rejectsBlankName,input_rejection_policy,AssertionError: Invalid record was accepted by storeRun.,.local/iterations/i05-budget-sensitivity/runs/i05-budget-sensitivity__generation_s__overview__r4/submission-2/evaluation/report.json,213e21e635d7f941aa9924e4cfded1bea35dd2c5b86bb228b6eebf72995ca6e7,857a096d84f55d383883ad585a297b09e87bdd14ce4c5a5e6548c76f273802fe
i05-budget-sensitivity__generation_s__overview__r4,generation_s__overview,rejectsExcessiveName,input_rejection_policy,AssertionError: Invalid record was accepted by storeRun.,.local/iterations/i05-budget-sensitivity/runs/i05-budget-sensitivity__generation_s__overview__r4/submission-2/evaluation/report.json,213e21e635d7f941aa9924e4cfded1bea35dd2c5b86bb228b6eebf72995ca6e7,857a096d84f55d383883ad585a297b09e87bdd14ce4c5a5e6548c76f273802fe
i05-budget-sensitivity__generation_s__overview__r4,generation_s__overview,boundsRetainedEntries,retention_threshold,AssertionError: More than 100 entries retained.,.local/iterations/i05-budget-sensitivity/runs/i05-budget-sensitivity__generation_s__overview__r4/submission-2/evaluation/report.json,213e21e635d7f941aa9924e4cfded1bea35dd2c5b86bb228b6eebf72995ca6e7,857a096d84f55d383883ad585a297b09e87bdd14ce4c5a5e6548c76f273802fe
i05-budget-sensitivity__generation_s__overview__r4,generation_s__overview,oversizedPhysicalLine,observed_heap_exhaustion,OutOfMemoryError: Java heap space,.local/iterations/i05-budget-sensitivity/runs/i05-budget-sensitivity__generation_s__overview__r4/submission-2/evaluation/report.json,213e21e635d7f941aa9924e4cfded1bea35dd2c5b86bb228b6eebf72995ca6e7,857a096d84f55d383883ad585a297b09e87bdd14ce4c5a5e6548c76f273802fe
i05-budget-sensitivity__generation_s__boundaries__r4,generation_s__boundaries,rejectsNegativeScore,input_rejection_policy,AssertionError: Invalid record was accepted by storeRun.,.local/iterations/i05-budget-sensitivity/runs/i05-budget-sensitivity__generation_s__boundaries__r4/submission-3/evaluation/report.json,1964b7d7738e506737967541b7f0dcc1075a26072094f169d4e1d7fce8dbe5d5,5b6e51b79fd16c82b4a0841a5c77f74899fae15c84d2a0c43f6fb231b36939b7
i05-budget-sensitivity__generation_s__boundaries__r4,generation_s__boundaries,rejectsNegativeTime,input_rejection_policy,AssertionError: Invalid record was accepted by storeRun.,.local/iterations/i05-budget-sensitivity/runs/i05-budget-sensitivity__generation_s__boundaries__r4/submission-3/evaluation/report.json,1964b7d7738e506737967541b7f0dcc1075a26072094f169d4e1d7fce8dbe5d5,5b6e51b79fd16c82b4a0841a5c77f74899fae15c84d2a0c43f6fb231b36939b7
i05-budget-sensitivity__generation_s__boundaries__r4,generation_s__boundaries,rejectsNullName,input_rejection_policy,AssertionError: Invalid record was accepted by storeRun.,.local/iterations/i05-budget-sensitivity/runs/i05-budget-sensitivity__generation_s__boundaries__r4/submission-3/evaluation/report.json,1964b7d7738e506737967541b7f0dcc1075a26072094f169d4e1d7fce8dbe5d5,5b6e51b79fd16c82b4a0841a5c77f74899fae15c84d2a0c43f6fb231b36939b7
i05-budget-sensitivity__generation_s__boundaries__r4,generation_s__boundaries,rejectsBlankName,input_rejection_policy,AssertionError: Invalid record was accepted by storeRun.,.local/iterations/i05-budget-sensitivity/runs/i05-budget-sensitivity__generation_s__boundaries__r4/submission-3/evaluation/report.json,1964b7d7738e506737967541b7f0dcc1075a26072094f169d4e1d7fce8dbe5d5,5b6e51b79fd16c82b4a0841a5c77f74899fae15c84d2a0c43f6fb231b36939b7
i05-budget-sensitivity__generation_s__boundaries__r4,generation_s__boundaries,rejectsExcessiveName,input_rejection_policy,AssertionError: Invalid record was accepted by storeRun.,.local/iterations/i05-budget-sensitivity/runs/i05-budget-sensitivity__generation_s__boundaries__r4/submission-3/evaluation/report.json,1964b7d7738e506737967541b7f0dcc1075a26072094f169d4e1d7fce8dbe5d5,5b6e51b79fd16c82b4a0841a5c77f74899fae15c84d2a0c43f6fb231b36939b7
i05-budget-sensitivity__generation_s__boundaries__r4,generation_s__boundaries,oversizedPhysicalLine,observed_heap_exhaustion,OutOfMemoryError: Java heap space,.local/iterations/i05-budget-sensitivity/runs/i05-budget-sensitivity__generation_s__boundaries__r4/submission-3/evaluation/report.json,1964b7d7738e506737967541b7f0dcc1075a26072094f169d4e1d7fce8dbe5d5,5b6e51b79fd16c82b4a0841a5c77f74899fae15c84d2a0c43f6fb231b36939b7
i05-budget-sensitivity__generation_sfb__requirements__r4,generation_sfb__requirements,rejectsNegativeScore,input_rejection_policy,AssertionError: Invalid record was accepted by storeRun.,.local/iterations/i05-budget-sensitivity/runs/i05-budget-sensitivity__generation_sfb__requirements__r4/submission-5/evaluation/report.json,81f58b05f746f593c989a205287e83c90e76693d0ba209a6e451bfe798edfde8,10f1542c23ff86dc9d30964cf1b52b941e4d4722b6f7e4c3f78a71d33d24adf6
i05-budget-sensitivity__reuse_sb__none__r5,reuse_sb__none,rejectsNegativeScore,input_rejection_policy,AssertionError: Invalid record was accepted by storeRun.,.local/iterations/i05-budget-sensitivity/runs/i05-budget-sensitivity__reuse_sb__none__r5/submission-1/evaluation/report.json,c060499bfaf0c13137c05c876e2d277596c551ac9d57321f3fd44cee5e789aaf,7d819b44fda018b30689bf263bf51fd836096c9fe848840db57cc539f9d65f55
i05-budget-sensitivity__reuse_sb__none__r5,reuse_sb__none,rejectsNegativeTime,input_rejection_policy,AssertionError: Invalid record was accepted by storeRun.,.local/iterations/i05-budget-sensitivity/runs/i05-budget-sensitivity__reuse_sb__none__r5/submission-1/evaluation/report.json,c060499bfaf0c13137c05c876e2d277596c551ac9d57321f3fd44cee5e789aaf,7d819b44fda018b30689bf263bf51fd836096c9fe848840db57cc539f9d65f55
i05-budget-sensitivity__reuse_sb__none__r5,reuse_sb__none,rejectsNullName,input_rejection_policy,AssertionError: Invalid record was accepted by storeRun.,.local/iterations/i05-budget-sensitivity/runs/i05-budget-sensitivity__reuse_sb__none__r5/submission-1/evaluation/report.json,c060499bfaf0c13137c05c876e2d277596c551ac9d57321f3fd44cee5e789aaf,7d819b44fda018b30689bf263bf51fd836096c9fe848840db57cc539f9d65f55
i05-budget-sensitivity__reuse_sb__none__r5,reuse_sb__none,rejectsBlankName,input_rejection_policy,AssertionError: Invalid record was accepted by storeRun.,.local/iterations/i05-budget-sensitivity/runs/i05-budget-sensitivity__reuse_sb__none__r5/submission-1/evaluation/report.json,c060499bfaf0c13137c05c876e2d277596c551ac9d57321f3fd44cee5e789aaf,7d819b44fda018b30689bf263bf51fd836096c9fe848840db57cc539f9d65f55
i05-budget-sensitivity__reuse_sb__none__r5,reuse_sb__none,rejectsExcessiveName,input_rejection_policy,AssertionError: Invalid record was accepted by storeRun.,.local/iterations/i05-budget-sensitivity/runs/i05-budget-sensitivity__reuse_sb__none__r5/submission-1/evaluation/report.json,c060499bfaf0c13137c05c876e2d277596c551ac9d57321f3fd44cee5e789aaf,7d819b44fda018b30689bf263bf51fd836096c9fe848840db57cc539f9d65f55
i05-budget-sensitivity__reuse_sb__none__r5,reuse_sb__none,oversizedPhysicalLine,observed_heap_exhaustion,OutOfMemoryError: Java heap space,.local/iterations/i05-budget-sensitivity/runs/i05-budget-sensitivity__reuse_sb__none__r5/submission-1/evaluation/report.json,c060499bfaf0c13137c05c876e2d277596c551ac9d57321f3fd44cee5e789aaf,7d819b44fda018b30689bf263bf51fd836096c9fe848840db57cc539f9d65f55
i05-budget-sensitivity__reuse_sb__none__r5,reuse_sb__none,largePersistedRecordSet,observed_heap_exhaustion,OutOfMemoryError: Java heap space,.local/iterations/i05-budget-sensitivity/runs/i05-budget-sensitivity__reuse_sb__none__r5/submission-1/evaluation/report.json,c060499bfaf0c13137c05c876e2d277596c551ac9d57321f3fd44cee5e789aaf,7d819b44fda018b30689bf263bf51fd836096c9fe848840db57cc539f9d65f55
i05-budget-sensitivity__generation_sfb__overview__r5,generation_sfb__overview,rejectsNegativeScore,input_rejection_policy,AssertionError: Invalid record was accepted by storeRun.,.local/iterations/i05-budget-sensitivity/runs/i05-budget-sensitivity__generation_sfb__overview__r5/submission-2/evaluation/report.json,c3a1c355268a31ed44e475e1ba8d9342cc025e8e796f7dcfde08f64e354589f8,aeceb660ababfc1640d5cd7976855baceb60c6ba01a2eea585be86fd14091b05
i05-budget-sensitivity__generation_sfb__overview__r5,generation_sfb__overview,rejectsNegativeTime,input_rejection_policy,AssertionError: Invalid record was accepted by storeRun.,.local/iterations/i05-budget-sensitivity/runs/i05-budget-sensitivity__generation_sfb__overview__r5/submission-2/evaluation/report.json,c3a1c355268a31ed44e475e1ba8d9342cc025e8e796f7dcfde08f64e354589f8,aeceb660ababfc1640d5cd7976855baceb60c6ba01a2eea585be86fd14091b05
i05-budget-sensitivity__generation_sfb__overview__r5,generation_sfb__overview,rejectsNullName,input_rejection_policy,AssertionError: Invalid record was accepted by storeRun.,.local/iterations/i05-budget-sensitivity/runs/i05-budget-sensitivity__generation_sfb__overview__r5/submission-2/evaluation/report.json,c3a1c355268a31ed44e475e1ba8d9342cc025e8e796f7dcfde08f64e354589f8,aeceb660ababfc1640d5cd7976855baceb60c6ba01a2eea585be86fd14091b05
i05-budget-sensitivity__generation_sfb__overview__r5,generation_sfb__overview,rejectsBlankName,input_rejection_policy,AssertionError: Invalid record was accepted by storeRun.,.local/iterations/i05-budget-sensitivity/runs/i05-budget-sensitivity__generation_sfb__overview__r5/submission-2/evaluation/report.json,c3a1c355268a31ed44e475e1ba8d9342cc025e8e796f7dcfde08f64e354589f8,aeceb660ababfc1640d5cd7976855baceb60c6ba01a2eea585be86fd14091b05
i05-budget-sensitivity__generation_sfb__overview__r5,generation_sfb__overview,rejectsExcessiveName,input_rejection_policy,AssertionError: Invalid record was accepted by storeRun.,.local/iterations/i05-budget-sensitivity/runs/i05-budget-sensitivity__generation_sfb__overview__r5/submission-2/evaluation/report.json,c3a1c355268a31ed44e475e1ba8d9342cc025e8e796f7dcfde08f64e354589f8,aeceb660ababfc1640d5cd7976855baceb60c6ba01a2eea585be86fd14091b05
i05-budget-sensitivity__generation_sfb__overview__r5,generation_sfb__overview,oversizedPhysicalLine,observed_heap_exhaustion,OutOfMemoryError: Java heap space,.local/iterations/i05-budget-sensitivity/runs/i05-budget-sensitivity__generation_sfb__overview__r5/submission-2/evaluation/report.json,c3a1c355268a31ed44e475e1ba8d9342cc025e8e796f7dcfde08f64e354589f8,aeceb660ababfc1640d5cd7976855baceb60c6ba01a2eea585be86fd14091b05
i05-budget-sensitivity__generation_sfb__none__r5,generation_sfb__none,rejectsNegativeScore,input_rejection_policy,AssertionError: Invalid record was accepted by storeRun.,.local/iterations/i05-budget-sensitivity/runs/i05-budget-sensitivity__generation_sfb__none__r5/submission-2/evaluation/report.json,db06e8eb461673d769be4c8d6dc5cf7d35cbf52949fdcc9c2c422e616986bfcf,2ec77cca5695017ccc29663f90328e68918ab5b4563c31e20b43731369531908
i05-budget-sensitivity__generation_sfb__none__r5,generation_sfb__none,rejectsNegativeTime,input_rejection_policy,AssertionError: Invalid record was accepted by storeRun.,.local/iterations/i05-budget-sensitivity/runs/i05-budget-sensitivity__generation_sfb__none__r5/submission-2/evaluation/report.json,db06e8eb461673d769be4c8d6dc5cf7d35cbf52949fdcc9c2c422e616986bfcf,2ec77cca5695017ccc29663f90328e68918ab5b4563c31e20b43731369531908
i05-budget-sensitivity__generation_sfb__none__r5,generation_sfb__none,rejectsNullName,input_rejection_policy,AssertionError: Invalid record was accepted by storeRun.,.local/iterations/i05-budget-sensitivity/runs/i05-budget-sensitivity__generation_sfb__none__r5/submission-2/evaluation/report.json,db06e8eb461673d769be4c8d6dc5cf7d35cbf52949fdcc9c2c422e616986bfcf,2ec77cca5695017ccc29663f90328e68918ab5b4563c31e20b43731369531908
i05-budget-sensitivity__generation_sfb__none__r5,generation_sfb__none,rejectsBlankName,input_rejection_policy,AssertionError: Invalid record was accepted by storeRun.,.local/iterations/i05-budget-sensitivity/runs/i05-budget-sensitivity__generation_sfb__none__r5/submission-2/evaluation/report.json,db06e8eb461673d769be4c8d6dc5cf7d35cbf52949fdcc9c2c422e616986bfcf,2ec77cca5695017ccc29663f90328e68918ab5b4563c31e20b43731369531908
i05-budget-sensitivity__generation_sfb__none__r5,generation_sfb__none,rejectsExcessiveName,input_rejection_policy,AssertionError: Invalid record was accepted by storeRun.,.local/iterations/i05-budget-sensitivity/runs/i05-budget-sensitivity__generation_sfb__none__r5/submission-2/evaluation/report.json,db06e8eb461673d769be4c8d6dc5cf7d35cbf52949fdcc9c2c422e616986bfcf,2ec77cca5695017ccc29663f90328e68918ab5b4563c31e20b43731369531908
i05-budget-sensitivity__generation_sfb__none__r5,generation_sfb__none,oversizedPhysicalLine,observed_heap_exhaustion,OutOfMemoryError: Java heap space,.local/iterations/i05-budget-sensitivity/runs/i05-budget-sensitivity__generation_sfb__none__r5/submission-2/evaluation/report.json,db06e8eb461673d769be4c8d6dc5cf7d35cbf52949fdcc9c2c422e616986bfcf,2ec77cca5695017ccc29663f90328e68918ab5b4563c31e20b43731369531908
i05-budget-sensitivity__generation_sfb__none__r5,generation_sfb__none,largePersistedRecordSet,observed_heap_exhaustion,OutOfMemoryError: Java heap space,.local/iterations/i05-budget-sensitivity/runs/i05-budget-sensitivity__generation_sfb__none__r5/submission-2/evaluation/report.json,db06e8eb461673d769be4c8d6dc5cf7d35cbf52949fdcc9c2c422e616986bfcf,2ec77cca5695017ccc29663f90328e68918ab5b4563c31e20b43731369531908
i05-budget-sensitivity__reuse_sb__boundaries__r5,reuse_sb__boundaries,rejectsNegativeScore,input_rejection_policy,AssertionError: Invalid record was accepted by storeRun.,.local/iterations/i05-budget-sensitivity/runs/i05-budget-sensitivity__reuse_sb__boundaries__r5/submission-5/evaluation/report.json,10c31ffe6bae7aaca8f6f1fc0d7754a1615b68d6160dd3550c8ab9b8a860cce5,fb2c5e0621fb88c641804e7ce3840cc4d56c360096798119e7682c7088d2dd92
i05-budget-sensitivity__reuse_sb__boundaries__r5,reuse_sb__boundaries,rejectsNegativeTime,input_rejection_policy,AssertionError: Invalid record was accepted by storeRun.,.local/iterations/i05-budget-sensitivity/runs/i05-budget-sensitivity__reuse_sb__boundaries__r5/submission-5/evaluation/report.json,10c31ffe6bae7aaca8f6f1fc0d7754a1615b68d6160dd3550c8ab9b8a860cce5,fb2c5e0621fb88c641804e7ce3840cc4d56c360096798119e7682c7088d2dd92
i05-budget-sensitivity__reuse_sb__boundaries__r5,reuse_sb__boundaries,rejectsNullName,input_rejection_policy,AssertionError: Invalid record was accepted by storeRun.,.local/iterations/i05-budget-sensitivity/runs/i05-budget-sensitivity__reuse_sb__boundaries__r5/submission-5/evaluation/report.json,10c31ffe6bae7aaca8f6f1fc0d7754a1615b68d6160dd3550c8ab9b8a860cce5,fb2c5e0621fb88c641804e7ce3840cc4d56c360096798119e7682c7088d2dd92
i05-budget-sensitivity__reuse_sb__boundaries__r5,reuse_sb__boundaries,rejectsBlankName,input_rejection_policy,AssertionError: Invalid record was accepted by storeRun.,.local/iterations/i05-budget-sensitivity/runs/i05-budget-sensitivity__reuse_sb__boundaries__r5/submission-5/evaluation/report.json,10c31ffe6bae7aaca8f6f1fc0d7754a1615b68d6160dd3550c8ab9b8a860cce5,fb2c5e0621fb88c641804e7ce3840cc4d56c360096798119e7682c7088d2dd92
i05-budget-sensitivity__reuse_sb__boundaries__r5,reuse_sb__boundaries,rejectsExcessiveName,input_rejection_policy,AssertionError: Invalid record was accepted by storeRun.,.local/iterations/i05-budget-sensitivity/runs/i05-budget-sensitivity__reuse_sb__boundaries__r5/submission-5/evaluation/report.json,10c31ffe6bae7aaca8f6f1fc0d7754a1615b68d6160dd3550c8ab9b8a860cce5,fb2c5e0621fb88c641804e7ce3840cc4d56c360096798119e7682c7088d2dd92
i05-budget-sensitivity__reuse_sb__boundaries__r5,reuse_sb__boundaries,boundsRetainedEntries,retention_threshold,AssertionError: More than 100 entries retained.,.local/iterations/i05-budget-sensitivity/runs/i05-budget-sensitivity__reuse_sb__boundaries__r5/submission-5/evaluation/report.json,10c31ffe6bae7aaca8f6f1fc0d7754a1615b68d6160dd3550c8ab9b8a860cce5,fb2c5e0621fb88c641804e7ce3840cc4d56c360096798119e7682c7088d2dd92
i05-budget-sensitivity__generation_s__boundaries__r5,generation_s__boundaries,rejectsNegativeScore,input_rejection_policy,AssertionError: Invalid record was accepted by storeRun.,.local/iterations/i05-budget-sensitivity/runs/i05-budget-sensitivity__generation_s__boundaries__r5/submission-5/evaluation/report.json,7cae9413fbb8d8b34ae73d74778c2717a1feed1cae876424c8620ffac23203aa,c70804fab73347e8e0a41e7a9074675ed6dc14619529b8fb8d07bb6468cf2490
i05-budget-sensitivity__generation_s__boundaries__r5,generation_s__boundaries,rejectsNegativeTime,input_rejection_policy,AssertionError: Invalid record was accepted by storeRun.,.local/iterations/i05-budget-sensitivity/runs/i05-budget-sensitivity__generation_s__boundaries__r5/submission-5/evaluation/report.json,7cae9413fbb8d8b34ae73d74778c2717a1feed1cae876424c8620ffac23203aa,c70804fab73347e8e0a41e7a9074675ed6dc14619529b8fb8d07bb6468cf2490
i05-budget-sensitivity__generation_s__boundaries__r5,generation_s__boundaries,rejectsNullName,input_rejection_policy,AssertionError: Invalid record was accepted by storeRun.,.local/iterations/i05-budget-sensitivity/runs/i05-budget-sensitivity__generation_s__boundaries__r5/submission-5/evaluation/report.json,7cae9413fbb8d8b34ae73d74778c2717a1feed1cae876424c8620ffac23203aa,c70804fab73347e8e0a41e7a9074675ed6dc14619529b8fb8d07bb6468cf2490
i05-budget-sensitivity__generation_s__boundaries__r5,generation_s__boundaries,rejectsBlankName,input_rejection_policy,AssertionError: Invalid record was accepted by storeRun.,.local/iterations/i05-budget-sensitivity/runs/i05-budget-sensitivity__generation_s__boundaries__r5/submission-5/evaluation/report.json,7cae9413fbb8d8b34ae73d74778c2717a1feed1cae876424c8620ffac23203aa,c70804fab73347e8e0a41e7a9074675ed6dc14619529b8fb8d07bb6468cf2490
i05-budget-sensitivity__generation_s__boundaries__r5,generation_s__boundaries,rejectsExcessiveName,input_rejection_policy,AssertionError: Invalid record was accepted by storeRun.,.local/iterations/i05-budget-sensitivity/runs/i05-budget-sensitivity__generation_s__boundaries__r5/submission-5/evaluation/report.json,7cae9413fbb8d8b34ae73d74778c2717a1feed1cae876424c8620ffac23203aa,c70804fab73347e8e0a41e7a9074675ed6dc14619529b8fb8d07bb6468cf2490
i05-budget-sensitivity__generation_s__boundaries__r5,generation_s__boundaries,oversizedPhysicalLine,observed_heap_exhaustion,OutOfMemoryError: Java heap space,.local/iterations/i05-budget-sensitivity/runs/i05-budget-sensitivity__generation_s__boundaries__r5/submission-5/evaluation/report.json,7cae9413fbb8d8b34ae73d74778c2717a1feed1cae876424c8620ffac23203aa,c70804fab73347e8e0a41e7a9074675ed6dc14619529b8fb8d07bb6468cf2490
i05-budget-sensitivity__reuse_b__none__r5,reuse_b__none,rejectsNegativeScore,input_rejection_policy,AssertionError: Invalid record was accepted by storeRun.,.local/iterations/i05-budget-sensitivity/runs/i05-budget-sensitivity__reuse_b__none__r5/submission-3/evaluation/report.json,b897fcd3c65411b75bffc310ebb20762a8b67e0e28b4b14b1c4273f2407286fc,38d7f506f0bdd0b11a301efa2b22cabc3a0c1fc96193c3d4d701e22ae768857a
i05-budget-sensitivity__reuse_b__none__r5,reuse_b__none,rejectsNegativeTime,input_rejection_policy,AssertionError: Invalid record was accepted by storeRun.,.local/iterations/i05-budget-sensitivity/runs/i05-budget-sensitivity__reuse_b__none__r5/submission-3/evaluation/report.json,b897fcd3c65411b75bffc310ebb20762a8b67e0e28b4b14b1c4273f2407286fc,38d7f506f0bdd0b11a301efa2b22cabc3a0c1fc96193c3d4d701e22ae768857a
i05-budget-sensitivity__reuse_b__none__r5,reuse_b__none,rejectsNullName,input_rejection_policy,AssertionError: Invalid record was accepted by storeRun.,.local/iterations/i05-budget-sensitivity/runs/i05-budget-sensitivity__reuse_b__none__r5/submission-3/evaluation/report.json,b897fcd3c65411b75bffc310ebb20762a8b67e0e28b4b14b1c4273f2407286fc,38d7f506f0bdd0b11a301efa2b22cabc3a0c1fc96193c3d4d701e22ae768857a
i05-budget-sensitivity__reuse_b__none__r5,reuse_b__none,rejectsBlankName,input_rejection_policy,AssertionError: Invalid record was accepted by storeRun.,.local/iterations/i05-budget-sensitivity/runs/i05-budget-sensitivity__reuse_b__none__r5/submission-3/evaluation/report.json,b897fcd3c65411b75bffc310ebb20762a8b67e0e28b4b14b1c4273f2407286fc,38d7f506f0bdd0b11a301efa2b22cabc3a0c1fc96193c3d4d701e22ae768857a
i05-budget-sensitivity__reuse_b__none__r5,reuse_b__none,rejectsExcessiveName,input_rejection_policy,AssertionError: Invalid record was accepted by storeRun.,.local/iterations/i05-budget-sensitivity/runs/i05-budget-sensitivity__reuse_b__none__r5/submission-3/evaluation/report.json,b897fcd3c65411b75bffc310ebb20762a8b67e0e28b4b14b1c4273f2407286fc,38d7f506f0bdd0b11a301efa2b22cabc3a0c1fc96193c3d4d701e22ae768857a
i05-budget-sensitivity__reuse_b__none__r5,reuse_b__none,oversizedPhysicalLine,observed_heap_exhaustion,OutOfMemoryError: Java heap space,.local/iterations/i05-budget-sensitivity/runs/i05-budget-sensitivity__reuse_b__none__r5/submission-3/evaluation/report.json,b897fcd3c65411b75bffc310ebb20762a8b67e0e28b4b14b1c4273f2407286fc,38d7f506f0bdd0b11a301efa2b22cabc3a0c1fc96193c3d4d701e22ae768857a
i05-budget-sensitivity__reuse_sb__overview__r5,reuse_sb__overview,rejectsNegativeScore,input_rejection_policy,AssertionError: Invalid record was accepted by storeRun.,.local/iterations/i05-budget-sensitivity/runs/i05-budget-sensitivity__reuse_sb__overview__r5/submission-2/evaluation/report.json,6424e0add94e622338461a2523eeb737e50a512d0a0158faaa042ccb9acc56dd,bca207f5955ac3d55dbd76fa2bcd5a7f5d2cffc95f690b961e52e369d9c941ca
i05-budget-sensitivity__reuse_sb__overview__r5,reuse_sb__overview,rejectsNegativeTime,input_rejection_policy,AssertionError: Invalid record was accepted by storeRun.,.local/iterations/i05-budget-sensitivity/runs/i05-budget-sensitivity__reuse_sb__overview__r5/submission-2/evaluation/report.json,6424e0add94e622338461a2523eeb737e50a512d0a0158faaa042ccb9acc56dd,bca207f5955ac3d55dbd76fa2bcd5a7f5d2cffc95f690b961e52e369d9c941ca
i05-budget-sensitivity__reuse_sb__overview__r5,reuse_sb__overview,rejectsNullName,input_rejection_policy,AssertionError: Invalid record was accepted by storeRun.,.local/iterations/i05-budget-sensitivity/runs/i05-budget-sensitivity__reuse_sb__overview__r5/submission-2/evaluation/report.json,6424e0add94e622338461a2523eeb737e50a512d0a0158faaa042ccb9acc56dd,bca207f5955ac3d55dbd76fa2bcd5a7f5d2cffc95f690b961e52e369d9c941ca
i05-budget-sensitivity__reuse_sb__overview__r5,reuse_sb__overview,rejectsBlankName,input_rejection_policy,AssertionError: Invalid record was accepted by storeRun.,.local/iterations/i05-budget-sensitivity/runs/i05-budget-sensitivity__reuse_sb__overview__r5/submission-2/evaluation/report.json,6424e0add94e622338461a2523eeb737e50a512d0a0158faaa042ccb9acc56dd,bca207f5955ac3d55dbd76fa2bcd5a7f5d2cffc95f690b961e52e369d9c941ca
i05-budget-sensitivity__reuse_sb__overview__r5,reuse_sb__overview,rejectsExcessiveName,input_rejection_policy,AssertionError: Invalid record was accepted by storeRun.,.local/iterations/i05-budget-sensitivity/runs/i05-budget-sensitivity__reuse_sb__overview__r5/submission-2/evaluation/report.json,6424e0add94e622338461a2523eeb737e50a512d0a0158faaa042ccb9acc56dd,bca207f5955ac3d55dbd76fa2bcd5a7f5d2cffc95f690b961e52e369d9c941ca
i05-budget-sensitivity__reuse_sb__overview__r5,reuse_sb__overview,boundsRetainedEntries,retention_threshold,AssertionError: More than 100 entries retained.,.local/iterations/i05-budget-sensitivity/runs/i05-budget-sensitivity__reuse_sb__overview__r5/submission-2/evaluation/report.json,6424e0add94e622338461a2523eeb737e50a512d0a0158faaa042ccb9acc56dd,bca207f5955ac3d55dbd76fa2bcd5a7f5d2cffc95f690b961e52e369d9c941ca
i05-budget-sensitivity__reuse_sb__overview__r5,reuse_sb__overview,oversizedPhysicalLine,observed_heap_exhaustion,OutOfMemoryError: Java heap space,.local/iterations/i05-budget-sensitivity/runs/i05-budget-sensitivity__reuse_sb__overview__r5/submission-2/evaluation/report.json,6424e0add94e622338461a2523eeb737e50a512d0a0158faaa042ccb9acc56dd,bca207f5955ac3d55dbd76fa2bcd5a7f5d2cffc95f690b961e52e369d9c941ca
i05-budget-sensitivity__reuse_b__overview__r5,reuse_b__overview,rejectsNegativeScore,input_rejection_policy,AssertionError: Invalid record was accepted by storeRun.,.local/iterations/i05-budget-sensitivity/runs/i05-budget-sensitivity__reuse_b__overview__r5/submission-2/evaluation/report.json,a496f7861b985c2f64b4624b8646910008cdfa98afc90441520371733ff9eb01,9c114053981682992faf1902545317aac4145e06d3702495ada74ec0c7bb0343
i05-budget-sensitivity__reuse_b__overview__r5,reuse_b__overview,rejectsNegativeTime,input_rejection_policy,AssertionError: Invalid record was accepted by storeRun.,.local/iterations/i05-budget-sensitivity/runs/i05-budget-sensitivity__reuse_b__overview__r5/submission-2/evaluation/report.json,a496f7861b985c2f64b4624b8646910008cdfa98afc90441520371733ff9eb01,9c114053981682992faf1902545317aac4145e06d3702495ada74ec0c7bb0343
i05-budget-sensitivity__reuse_b__overview__r5,reuse_b__overview,rejectsNullName,input_rejection_policy,AssertionError: Invalid record was accepted by storeRun.,.local/iterations/i05-budget-sensitivity/runs/i05-budget-sensitivity__reuse_b__overview__r5/submission-2/evaluation/report.json,a496f7861b985c2f64b4624b8646910008cdfa98afc90441520371733ff9eb01,9c114053981682992faf1902545317aac4145e06d3702495ada74ec0c7bb0343
i05-budget-sensitivity__reuse_b__overview__r5,reuse_b__overview,rejectsBlankName,input_rejection_policy,AssertionError: Invalid record was accepted by storeRun.,.local/iterations/i05-budget-sensitivity/runs/i05-budget-sensitivity__reuse_b__overview__r5/submission-2/evaluation/report.json,a496f7861b985c2f64b4624b8646910008cdfa98afc90441520371733ff9eb01,9c114053981682992faf1902545317aac4145e06d3702495ada74ec0c7bb0343
i05-budget-sensitivity__reuse_b__overview__r5,reuse_b__overview,rejectsExcessiveName,input_rejection_policy,AssertionError: Invalid record was accepted by storeRun.,.local/iterations/i05-budget-sensitivity/runs/i05-budget-sensitivity__reuse_b__overview__r5/submission-2/evaluation/report.json,a496f7861b985c2f64b4624b8646910008cdfa98afc90441520371733ff9eb01,9c114053981682992faf1902545317aac4145e06d3702495ada74ec0c7bb0343
i05-budget-sensitivity__reuse_b__overview__r5,reuse_b__overview,oversizedPhysicalLine,observed_heap_exhaustion,OutOfMemoryError: Java heap space,.local/iterations/i05-budget-sensitivity/runs/i05-budget-sensitivity__reuse_b__overview__r5/submission-2/evaluation/report.json,a496f7861b985c2f64b4624b8646910008cdfa98afc90441520371733ff9eb01,9c114053981682992faf1902545317aac4145e06d3702495ada74ec0c7bb0343
i05-budget-sensitivity__generation_sfb__requirements__r5,generation_sfb__requirements,rejectsNegativeScore,input_rejection_policy,AssertionError: Invalid record was accepted by storeRun.,.local/iterations/i05-budget-sensitivity/runs/i05-budget-sensitivity__generation_sfb__requirements__r5/submission-4/evaluation/report.json,f731172538b5125274f9480b4f20a672f301f1891f957b8a0db185afd5e6b300,8dd31024c51c295d5ccf146ccc1260b3f39e5e4f3c6025275e42bff8fc526185
i05-budget-sensitivity__generation_sfb__requirements__r5,generation_sfb__requirements,rejectsExcessiveName,input_rejection_policy,AssertionError: Invalid record was accepted by storeRun.,.local/iterations/i05-budget-sensitivity/runs/i05-budget-sensitivity__generation_sfb__requirements__r5/submission-4/evaluation/report.json,f731172538b5125274f9480b4f20a672f301f1891f957b8a0db185afd5e6b300,8dd31024c51c295d5ccf146ccc1260b3f39e5e4f3c6025275e42bff8fc526185
i05-budget-sensitivity__generation_sfb__requirements__r5,generation_sfb__requirements,oversizedPhysicalLine,observed_heap_exhaustion,OutOfMemoryError: Java heap space,.local/iterations/i05-budget-sensitivity/runs/i05-budget-sensitivity__generation_sfb__requirements__r5/submission-4/evaluation/report.json,f731172538b5125274f9480b4f20a672f301f1891f957b8a0db185afd5e6b300,8dd31024c51c295d5ccf146ccc1260b3f39e5e4f3c6025275e42bff8fc526185
i05-budget-sensitivity__generation_s__none__r5,generation_s__none,rejectsNegativeScore,input_rejection_policy,AssertionError: Invalid record was accepted by storeRun.,.local/iterations/i05-budget-sensitivity/runs/i05-budget-sensitivity__generation_s__none__r5/submission-1/evaluation/report.json,0ee1910316ed3a5dce9533db2036134baed1d3f668b2ddf25b843f2ba18e61bc,1a399474dded05a6632e7e7e1e54eee44d97a1b597528d414a54f3e69985c931
i05-budget-sensitivity__generation_s__none__r5,generation_s__none,rejectsNegativeTime,input_rejection_policy,AssertionError: Invalid record was accepted by storeRun.,.local/iterations/i05-budget-sensitivity/runs/i05-budget-sensitivity__generation_s__none__r5/submission-1/evaluation/report.json,0ee1910316ed3a5dce9533db2036134baed1d3f668b2ddf25b843f2ba18e61bc,1a399474dded05a6632e7e7e1e54eee44d97a1b597528d414a54f3e69985c931
i05-budget-sensitivity__generation_s__none__r5,generation_s__none,rejectsNullName,input_rejection_policy,AssertionError: Invalid record was accepted by storeRun.,.local/iterations/i05-budget-sensitivity/runs/i05-budget-sensitivity__generation_s__none__r5/submission-1/evaluation/report.json,0ee1910316ed3a5dce9533db2036134baed1d3f668b2ddf25b843f2ba18e61bc,1a399474dded05a6632e7e7e1e54eee44d97a1b597528d414a54f3e69985c931
i05-budget-sensitivity__generation_s__none__r5,generation_s__none,rejectsBlankName,input_rejection_policy,AssertionError: Invalid record was accepted by storeRun.,.local/iterations/i05-budget-sensitivity/runs/i05-budget-sensitivity__generation_s__none__r5/submission-1/evaluation/report.json,0ee1910316ed3a5dce9533db2036134baed1d3f668b2ddf25b843f2ba18e61bc,1a399474dded05a6632e7e7e1e54eee44d97a1b597528d414a54f3e69985c931
i05-budget-sensitivity__generation_s__none__r5,generation_s__none,rejectsExcessiveName,input_rejection_policy,AssertionError: Invalid record was accepted by storeRun.,.local/iterations/i05-budget-sensitivity/runs/i05-budget-sensitivity__generation_s__none__r5/submission-1/evaluation/report.json,0ee1910316ed3a5dce9533db2036134baed1d3f668b2ddf25b843f2ba18e61bc,1a399474dded05a6632e7e7e1e54eee44d97a1b597528d414a54f3e69985c931
i05-budget-sensitivity__generation_s__none__r5,generation_s__none,boundsRetainedEntries,retention_threshold,AssertionError: More than 100 entries retained.,.local/iterations/i05-budget-sensitivity/runs/i05-budget-sensitivity__generation_s__none__r5/submission-1/evaluation/report.json,0ee1910316ed3a5dce9533db2036134baed1d3f668b2ddf25b843f2ba18e61bc,1a399474dded05a6632e7e7e1e54eee44d97a1b597528d414a54f3e69985c931
i05-budget-sensitivity__generation_s__none__r5,generation_s__none,oversizedPhysicalLine,observed_heap_exhaustion,OutOfMemoryError: Java heap space,.local/iterations/i05-budget-sensitivity/runs/i05-budget-sensitivity__generation_s__none__r5/submission-1/evaluation/report.json,0ee1910316ed3a5dce9533db2036134baed1d3f668b2ddf25b843f2ba18e61bc,1a399474dded05a6632e7e7e1e54eee44d97a1b597528d414a54f3e69985c931
i05-budget-sensitivity__generation_s__none__r5,generation_s__none,largePersistedRecordSet,observed_heap_exhaustion,OutOfMemoryError: Java heap space,.local/iterations/i05-budget-sensitivity/runs/i05-budget-sensitivity__generation_s__none__r5/submission-1/evaluation/report.json,0ee1910316ed3a5dce9533db2036134baed1d3f668b2ddf25b843f2ba18e61bc,1a399474dded05a6632e7e7e1e54eee44d97a1b597528d414a54f3e69985c931
i05-budget-sensitivity__generation_sfb__boundaries__r5,generation_sfb__boundaries,rejectsNegativeScore,input_rejection_policy,AssertionError: Invalid record was accepted by storeRun.,.local/iterations/i05-budget-sensitivity/runs/i05-budget-sensitivity__generation_sfb__boundaries__r5/submission-1/evaluation/report.json,038c0687939a48df00e937f4ccc75468efd68ceb5306ab8988f60e29898725e8,30a048f6cddc885c1a550a9d2e1780a892cb56f5eb12528f74d590cae8402397
i05-budget-sensitivity__generation_sfb__boundaries__r5,generation_sfb__boundaries,rejectsNegativeTime,input_rejection_policy,AssertionError: Invalid record was accepted by storeRun.,.local/iterations/i05-budget-sensitivity/runs/i05-budget-sensitivity__generation_sfb__boundaries__r5/submission-1/evaluation/report.json,038c0687939a48df00e937f4ccc75468efd68ceb5306ab8988f60e29898725e8,30a048f6cddc885c1a550a9d2e1780a892cb56f5eb12528f74d590cae8402397
i05-budget-sensitivity__generation_sfb__boundaries__r5,generation_sfb__boundaries,rejectsNullName,input_rejection_policy,AssertionError: Invalid record was accepted by storeRun.,.local/iterations/i05-budget-sensitivity/runs/i05-budget-sensitivity__generation_sfb__boundaries__r5/submission-1/evaluation/report.json,038c0687939a48df00e937f4ccc75468efd68ceb5306ab8988f60e29898725e8,30a048f6cddc885c1a550a9d2e1780a892cb56f5eb12528f74d590cae8402397
i05-budget-sensitivity__generation_sfb__boundaries__r5,generation_sfb__boundaries,rejectsBlankName,input_rejection_policy,AssertionError: Invalid record was accepted by storeRun.,.local/iterations/i05-budget-sensitivity/runs/i05-budget-sensitivity__generation_sfb__boundaries__r5/submission-1/evaluation/report.json,038c0687939a48df00e937f4ccc75468efd68ceb5306ab8988f60e29898725e8,30a048f6cddc885c1a550a9d2e1780a892cb56f5eb12528f74d590cae8402397
i05-budget-sensitivity__generation_sfb__boundaries__r5,generation_sfb__boundaries,rejectsExcessiveName,input_rejection_policy,AssertionError: Invalid record was accepted by storeRun.,.local/iterations/i05-budget-sensitivity/runs/i05-budget-sensitivity__generation_sfb__boundaries__r5/submission-1/evaluation/report.json,038c0687939a48df00e937f4ccc75468efd68ceb5306ab8988f60e29898725e8,30a048f6cddc885c1a550a9d2e1780a892cb56f5eb12528f74d590cae8402397
i05-budget-sensitivity__generation_sfb__boundaries__r5,generation_sfb__boundaries,oversizedPhysicalLine,observed_heap_exhaustion,OutOfMemoryError: Java heap space,.local/iterations/i05-budget-sensitivity/runs/i05-budget-sensitivity__generation_sfb__boundaries__r5/submission-1/evaluation/report.json,038c0687939a48df00e937f4ccc75468efd68ceb5306ab8988f60e29898725e8,30a048f6cddc885c1a550a9d2e1780a892cb56f5eb12528f74d590cae8402397
i05-budget-sensitivity__generation_s__requirements__r5,generation_s__requirements,rejectsNegativeScore,input_rejection_policy,AssertionError: Invalid record was accepted by storeRun.,.local/iterations/i05-budget-sensitivity/runs/i05-budget-sensitivity__generation_s__requirements__r5/submission-3/evaluation/report.json,f6afc087f82dd5906ee38e5c0c38149f69aade0f963483be98d6c2377aeb3e82,e7862a41c4db3059b5fa6b1c78bd11b3f18a850624f2d1de38616248831e6a18
i05-budget-sensitivity__generation_s__requirements__r5,generation_s__requirements,rejectsNegativeTime,input_rejection_policy,AssertionError: Invalid record was accepted by storeRun.,.local/iterations/i05-budget-sensitivity/runs/i05-budget-sensitivity__generation_s__requirements__r5/submission-3/evaluation/report.json,f6afc087f82dd5906ee38e5c0c38149f69aade0f963483be98d6c2377aeb3e82,e7862a41c4db3059b5fa6b1c78bd11b3f18a850624f2d1de38616248831e6a18
i05-budget-sensitivity__reuse_b__boundaries__r5,reuse_b__boundaries,rejectsNegativeScore,input_rejection_policy,AssertionError: Invalid record was accepted by storeRun.,.local/iterations/i05-budget-sensitivity/runs/i05-budget-sensitivity__reuse_b__boundaries__r5/submission-4/evaluation/report.json,2388abf2dc3d8480bffb85a0b055a17289f0be303ef34dc1d40ee3435c98f6a4,a961d7b653063be8cb4a0e550cb17b735209f9746fe16d855894160197f09f27
i05-budget-sensitivity__reuse_b__boundaries__r5,reuse_b__boundaries,rejectsNegativeTime,input_rejection_policy,AssertionError: Invalid record was accepted by storeRun.,.local/iterations/i05-budget-sensitivity/runs/i05-budget-sensitivity__reuse_b__boundaries__r5/submission-4/evaluation/report.json,2388abf2dc3d8480bffb85a0b055a17289f0be303ef34dc1d40ee3435c98f6a4,a961d7b653063be8cb4a0e550cb17b735209f9746fe16d855894160197f09f27
i05-budget-sensitivity__reuse_b__boundaries__r5,reuse_b__boundaries,rejectsNullName,input_rejection_policy,AssertionError: Invalid record was accepted by storeRun.,.local/iterations/i05-budget-sensitivity/runs/i05-budget-sensitivity__reuse_b__boundaries__r5/submission-4/evaluation/report.json,2388abf2dc3d8480bffb85a0b055a17289f0be303ef34dc1d40ee3435c98f6a4,a961d7b653063be8cb4a0e550cb17b735209f9746fe16d855894160197f09f27
i05-budget-sensitivity__reuse_b__boundaries__r5,reuse_b__boundaries,rejectsBlankName,input_rejection_policy,AssertionError: Invalid record was accepted by storeRun.,.local/iterations/i05-budget-sensitivity/runs/i05-budget-sensitivity__reuse_b__boundaries__r5/submission-4/evaluation/report.json,2388abf2dc3d8480bffb85a0b055a17289f0be303ef34dc1d40ee3435c98f6a4,a961d7b653063be8cb4a0e550cb17b735209f9746fe16d855894160197f09f27
i05-budget-sensitivity__reuse_b__boundaries__r5,reuse_b__boundaries,rejectsExcessiveName,input_rejection_policy,AssertionError: Invalid record was accepted by storeRun.,.local/iterations/i05-budget-sensitivity/runs/i05-budget-sensitivity__reuse_b__boundaries__r5/submission-4/evaluation/report.json,2388abf2dc3d8480bffb85a0b055a17289f0be303ef34dc1d40ee3435c98f6a4,a961d7b653063be8cb4a0e550cb17b735209f9746fe16d855894160197f09f27
i05-budget-sensitivity__generation_s__overview__r5,generation_s__overview,rejectsNegativeScore,input_rejection_policy,AssertionError: Invalid record was accepted by storeRun.,.local/iterations/i05-budget-sensitivity/runs/i05-budget-sensitivity__generation_s__overview__r5/submission-3/evaluation/report.json,1e4e9a60f148dd208cb1dfeee3402949adc3a2d413b3aefd6c7d22dec5433543,5ad85966e498f5ba044f6bad1e51e603833a4c676e8c5ab5d34ef7cadf5a053b
i05-budget-sensitivity__generation_s__overview__r5,generation_s__overview,rejectsNegativeTime,input_rejection_policy,AssertionError: Invalid record was accepted by storeRun.,.local/iterations/i05-budget-sensitivity/runs/i05-budget-sensitivity__generation_s__overview__r5/submission-3/evaluation/report.json,1e4e9a60f148dd208cb1dfeee3402949adc3a2d413b3aefd6c7d22dec5433543,5ad85966e498f5ba044f6bad1e51e603833a4c676e8c5ab5d34ef7cadf5a053b
i05-budget-sensitivity__generation_s__overview__r5,generation_s__overview,rejectsNullName,input_rejection_policy,AssertionError: Invalid record was accepted by storeRun.,.local/iterations/i05-budget-sensitivity/runs/i05-budget-sensitivity__generation_s__overview__r5/submission-3/evaluation/report.json,1e4e9a60f148dd208cb1dfeee3402949adc3a2d413b3aefd6c7d22dec5433543,5ad85966e498f5ba044f6bad1e51e603833a4c676e8c5ab5d34ef7cadf5a053b
i05-budget-sensitivity__generation_s__overview__r5,generation_s__overview,rejectsBlankName,input_rejection_policy,AssertionError: Invalid record was accepted by storeRun.,.local/iterations/i05-budget-sensitivity/runs/i05-budget-sensitivity__generation_s__overview__r5/submission-3/evaluation/report.json,1e4e9a60f148dd208cb1dfeee3402949adc3a2d413b3aefd6c7d22dec5433543,5ad85966e498f5ba044f6bad1e51e603833a4c676e8c5ab5d34ef7cadf5a053b
i05-budget-sensitivity__generation_s__overview__r5,generation_s__overview,rejectsExcessiveName,input_rejection_policy,AssertionError: Invalid record was accepted by storeRun.,.local/iterations/i05-budget-sensitivity/runs/i05-budget-sensitivity__generation_s__overview__r5/submission-3/evaluation/report.json,1e4e9a60f148dd208cb1dfeee3402949adc3a2d413b3aefd6c7d22dec5433543,5ad85966e498f5ba044f6bad1e51e603833a4c676e8c5ab5d34ef7cadf5a053b
i05-budget-sensitivity__generation_s__overview__r5,generation_s__overview,boundsRetainedEntries,retention_threshold,AssertionError: More than 100 entries retained.,.local/iterations/i05-budget-sensitivity/runs/i05-budget-sensitivity__generation_s__overview__r5/submission-3/evaluation/report.json,1e4e9a60f148dd208cb1dfeee3402949adc3a2d413b3aefd6c7d22dec5433543,5ad85966e498f5ba044f6bad1e51e603833a4c676e8c5ab5d34ef7cadf5a053b
i05-budget-sensitivity__generation_s__overview__r5,generation_s__overview,oversizedPhysicalLine,observed_heap_exhaustion,OutOfMemoryError: Java heap space,.local/iterations/i05-budget-sensitivity/runs/i05-budget-sensitivity__generation_s__overview__r5/submission-3/evaluation/report.json,1e4e9a60f148dd208cb1dfeee3402949adc3a2d413b3aefd6c7d22dec5433543,5ad85966e498f5ba044f6bad1e51e603833a4c676e8c5ab5d34ef7cadf5a053b
