runId,condition,test,category,detail,report,reportSha256,responseSha256
i07-operational-replication__reuse_b__boundaries__r1,reuse_b__boundaries,rejectsNegativeScore,input_rejection_policy,AssertionError: Invalid record was accepted by storeRun.,.local/iterations/i07-operational-replication/runs/i07-operational-replication__reuse_b__boundaries__r1/submission-3/evaluation/report.json,1d179621280a7c82bb196a3d98291f1f768774f5364899e6b9bd08f8769d9599,4990a8d75e86505e7073cc3d0f6f674c48dc811b2e3466819496fbe6952483d6
i07-operational-replication__reuse_b__boundaries__r1,reuse_b__boundaries,rejectsNegativeTime,input_rejection_policy,AssertionError: Invalid record was accepted by storeRun.,.local/iterations/i07-operational-replication/runs/i07-operational-replication__reuse_b__boundaries__r1/submission-3/evaluation/report.json,1d179621280a7c82bb196a3d98291f1f768774f5364899e6b9bd08f8769d9599,4990a8d75e86505e7073cc3d0f6f674c48dc811b2e3466819496fbe6952483d6
i07-operational-replication__reuse_b__boundaries__r1,reuse_b__boundaries,rejectsNullName,input_rejection_policy,AssertionError: Invalid record was accepted by storeRun.,.local/iterations/i07-operational-replication/runs/i07-operational-replication__reuse_b__boundaries__r1/submission-3/evaluation/report.json,1d179621280a7c82bb196a3d98291f1f768774f5364899e6b9bd08f8769d9599,4990a8d75e86505e7073cc3d0f6f674c48dc811b2e3466819496fbe6952483d6
i07-operational-replication__reuse_b__boundaries__r1,reuse_b__boundaries,rejectsBlankName,input_rejection_policy,AssertionError: Invalid record was accepted by storeRun.,.local/iterations/i07-operational-replication/runs/i07-operational-replication__reuse_b__boundaries__r1/submission-3/evaluation/report.json,1d179621280a7c82bb196a3d98291f1f768774f5364899e6b9bd08f8769d9599,4990a8d75e86505e7073cc3d0f6f674c48dc811b2e3466819496fbe6952483d6
i07-operational-replication__reuse_b__boundaries__r1,reuse_b__boundaries,rejectsExcessiveName,input_rejection_policy,AssertionError: Invalid record was accepted by storeRun.,.local/iterations/i07-operational-replication/runs/i07-operational-replication__reuse_b__boundaries__r1/submission-3/evaluation/report.json,1d179621280a7c82bb196a3d98291f1f768774f5364899e6b9bd08f8769d9599,4990a8d75e86505e7073cc3d0f6f674c48dc811b2e3466819496fbe6952483d6
i07-operational-replication__reuse_b__requirements__r1,reuse_b__requirements,oversizedPhysicalLine,observed_heap_exhaustion,OutOfMemoryError: Java heap space,.local/iterations/i07-operational-replication/runs/i07-operational-replication__reuse_b__requirements__r1/submission-2/evaluation/report.json,5e02009483f42b6705fda8501b6aef27c4f415a53273472ddcc8b4dc3a07ab43,ab308fc56d04030275b3c23a094d418d27401e25c4fe4207870ce0566a1d9536
i07-operational-replication__generation_sfb__boundaries__r1,generation_sfb__boundaries,rejectsNegativeScore,input_rejection_policy,AssertionError: Invalid record was accepted by storeRun.,.local/iterations/i07-operational-replication/runs/i07-operational-replication__generation_sfb__boundaries__r1/submission-1/evaluation/report.json,ae84de8a80a42941e9af8579d5a616e6bef480bf393a040b2304812b25b5b03d,0532374b5bdc7feefae16d03f9dfdc13883d35745cf8e4e5f8284fc34d80af5d
i07-operational-replication__generation_sfb__boundaries__r1,generation_sfb__boundaries,rejectsExcessiveName,input_rejection_policy,AssertionError: Invalid record was accepted by storeRun.,.local/iterations/i07-operational-replication/runs/i07-operational-replication__generation_sfb__boundaries__r1/submission-1/evaluation/report.json,ae84de8a80a42941e9af8579d5a616e6bef480bf393a040b2304812b25b5b03d,0532374b5bdc7feefae16d03f9dfdc13883d35745cf8e4e5f8284fc34d80af5d
i07-operational-replication__generation_sfb__boundaries__r1,generation_sfb__boundaries,oversizedPhysicalLine,observed_heap_exhaustion,OutOfMemoryError: Java heap space,.local/iterations/i07-operational-replication/runs/i07-operational-replication__generation_sfb__boundaries__r1/submission-1/evaluation/report.json,ae84de8a80a42941e9af8579d5a616e6bef480bf393a040b2304812b25b5b03d,0532374b5bdc7feefae16d03f9dfdc13883d35745cf8e4e5f8284fc34d80af5d
i07-operational-replication__generation_s__boundaries__r1,generation_s__boundaries,rejectsNegativeScore,input_rejection_policy,AssertionError: Invalid record was accepted by storeRun.,.local/iterations/i07-operational-replication/runs/i07-operational-replication__generation_s__boundaries__r1/submission-1/evaluation/report.json,600953723526393f725b3391b4a3f32c0cc5516982318fff0d8aed401251bf98,63aedccaf506ea6eb3f9d60114a28a67c7fc15a52ad602f1c5b95ae67b67774e
i07-operational-replication__generation_s__boundaries__r1,generation_s__boundaries,rejectsExcessiveName,input_rejection_policy,AssertionError: Invalid record was accepted by storeRun.,.local/iterations/i07-operational-replication/runs/i07-operational-replication__generation_s__boundaries__r1/submission-1/evaluation/report.json,600953723526393f725b3391b4a3f32c0cc5516982318fff0d8aed401251bf98,63aedccaf506ea6eb3f9d60114a28a67c7fc15a52ad602f1c5b95ae67b67774e
i07-operational-replication__generation_s__boundaries__r1,generation_s__boundaries,oversizedPhysicalLine,observed_heap_exhaustion,OutOfMemoryError: Java heap space,.local/iterations/i07-operational-replication/runs/i07-operational-replication__generation_s__boundaries__r1/submission-1/evaluation/report.json,600953723526393f725b3391b4a3f32c0cc5516982318fff0d8aed401251bf98,63aedccaf506ea6eb3f9d60114a28a67c7fc15a52ad602f1c5b95ae67b67774e
i07-operational-replication__reuse_sb__operations__r1,reuse_sb__operations,rejectsNegativeScore,input_rejection_policy,AssertionError: Invalid record was accepted by storeRun.,.local/iterations/i07-operational-replication/runs/i07-operational-replication__reuse_sb__operations__r1/submission-5/evaluation/report.json,d2f8a8369f3665849eefc4db4736a06434a94189c913cf0e87a85d4aa8fccc19,965ad20b931edc1e997f812b77e1a10b861d1bf3c33df6b52a86c425a4211bed
i07-operational-replication__reuse_sb__operations__r1,reuse_sb__operations,rejectsExcessiveName,input_rejection_policy,AssertionError: Invalid record was accepted by storeRun.,.local/iterations/i07-operational-replication/runs/i07-operational-replication__reuse_sb__operations__r1/submission-5/evaluation/report.json,d2f8a8369f3665849eefc4db4736a06434a94189c913cf0e87a85d4aa8fccc19,965ad20b931edc1e997f812b77e1a10b861d1bf3c33df6b52a86c425a4211bed
i07-operational-replication__reuse_sb__operations__r1,reuse_sb__operations,boundsRetainedEntries,retention_threshold,AssertionError: More than 100 entries retained.,.local/iterations/i07-operational-replication/runs/i07-operational-replication__reuse_sb__operations__r1/submission-5/evaluation/report.json,d2f8a8369f3665849eefc4db4736a06434a94189c913cf0e87a85d4aa8fccc19,965ad20b931edc1e997f812b77e1a10b861d1bf3c33df6b52a86c425a4211bed
i07-operational-replication__generation_s__operations__r1,generation_s__operations,rejectsNegativeScore,input_rejection_policy,AssertionError: Invalid record was accepted by storeRun.,.local/iterations/i07-operational-replication/runs/i07-operational-replication__generation_s__operations__r1/submission-3/evaluation/report.json,64103e4cc56ac83a3477602b24ecfa2e55743e046b159b63278085589c7c9ce7,dce9ea7d976802bef9ffd580a65c733b6b8f9bc4bf64ab70cd89a0494ae0ccbb
i07-operational-replication__generation_s__operations__r1,generation_s__operations,rejectsExcessiveName,input_rejection_policy,AssertionError: Invalid record was accepted by storeRun.,.local/iterations/i07-operational-replication/runs/i07-operational-replication__generation_s__operations__r1/submission-3/evaluation/report.json,64103e4cc56ac83a3477602b24ecfa2e55743e046b159b63278085589c7c9ce7,dce9ea7d976802bef9ffd580a65c733b6b8f9bc4bf64ab70cd89a0494ae0ccbb
i07-operational-replication__generation_s__operations__r1,generation_s__operations,boundsRetainedEntries,retention_threshold,AssertionError: More than 100 entries retained.,.local/iterations/i07-operational-replication/runs/i07-operational-replication__generation_s__operations__r1/submission-3/evaluation/report.json,64103e4cc56ac83a3477602b24ecfa2e55743e046b159b63278085589c7c9ce7,dce9ea7d976802bef9ffd580a65c733b6b8f9bc4bf64ab70cd89a0494ae0ccbb
i07-operational-replication__generation_sfb__requirements__r1,generation_sfb__requirements,rejectsNegativeScore,input_rejection_policy,AssertionError: Invalid record was accepted by storeRun.,.local/iterations/i07-operational-replication/runs/i07-operational-replication__generation_sfb__requirements__r1/submission-4/evaluation/report.json,4d25ebd21f323a0e09c3b2f56cfc950fd6b9c6b26a51d7cbac4de33e1d0cc739,f31e872a114ff57d5d1652903fc8c92346eb6825a8e685a086fa06912e688fb5
i07-operational-replication__generation_sfb__requirements__r1,generation_sfb__requirements,oversizedPhysicalLine,observed_heap_exhaustion,OutOfMemoryError: Java heap space,.local/iterations/i07-operational-replication/runs/i07-operational-replication__generation_sfb__requirements__r1/submission-4/evaluation/report.json,4d25ebd21f323a0e09c3b2f56cfc950fd6b9c6b26a51d7cbac4de33e1d0cc739,f31e872a114ff57d5d1652903fc8c92346eb6825a8e685a086fa06912e688fb5
i07-operational-replication__reuse_sb__boundaries__r1,reuse_sb__boundaries,rejectsNegativeScore,input_rejection_policy,AssertionError: Invalid record was accepted by storeRun.,.local/iterations/i07-operational-replication/runs/i07-operational-replication__reuse_sb__boundaries__r1/submission-2/evaluation/report.json,38ee654993d86945e2749d477604c0f78a8c34009ec4a2fecba91b56bbe9f58f,a332d7ecc39979c82975766edf66e10a554602a219d67207f0496f79a677ce78
i07-operational-replication__reuse_sb__boundaries__r1,reuse_sb__boundaries,rejectsNegativeTime,input_rejection_policy,AssertionError: Invalid record was accepted by storeRun.,.local/iterations/i07-operational-replication/runs/i07-operational-replication__reuse_sb__boundaries__r1/submission-2/evaluation/report.json,38ee654993d86945e2749d477604c0f78a8c34009ec4a2fecba91b56bbe9f58f,a332d7ecc39979c82975766edf66e10a554602a219d67207f0496f79a677ce78
i07-operational-replication__reuse_sb__boundaries__r1,reuse_sb__boundaries,rejectsExcessiveName,input_rejection_policy,AssertionError: Invalid record was accepted by storeRun.,.local/iterations/i07-operational-replication/runs/i07-operational-replication__reuse_sb__boundaries__r1/submission-2/evaluation/report.json,38ee654993d86945e2749d477604c0f78a8c34009ec4a2fecba91b56bbe9f58f,a332d7ecc39979c82975766edf66e10a554602a219d67207f0496f79a677ce78
i07-operational-replication__generation_sfb__none__r1,generation_sfb__none,rejectsNegativeScore,input_rejection_policy,AssertionError: Invalid record was accepted by storeRun.,.local/iterations/i07-operational-replication/runs/i07-operational-replication__generation_sfb__none__r1/submission-1/evaluation/report.json,080b4002c1c76c40167473c0282b56459098ae8dacc958462fec17411bafbd89,0eb07b3e4edd1f241fb8a4eff0015e43e01cb781f89a07cd38188b8bc715270f
i07-operational-replication__generation_sfb__none__r1,generation_sfb__none,rejectsNegativeTime,input_rejection_policy,AssertionError: Invalid record was accepted by storeRun.,.local/iterations/i07-operational-replication/runs/i07-operational-replication__generation_sfb__none__r1/submission-1/evaluation/report.json,080b4002c1c76c40167473c0282b56459098ae8dacc958462fec17411bafbd89,0eb07b3e4edd1f241fb8a4eff0015e43e01cb781f89a07cd38188b8bc715270f
i07-operational-replication__generation_sfb__none__r1,generation_sfb__none,rejectsNullName,input_rejection_policy,AssertionError: Invalid record was accepted by storeRun.,.local/iterations/i07-operational-replication/runs/i07-operational-replication__generation_sfb__none__r1/submission-1/evaluation/report.json,080b4002c1c76c40167473c0282b56459098ae8dacc958462fec17411bafbd89,0eb07b3e4edd1f241fb8a4eff0015e43e01cb781f89a07cd38188b8bc715270f
i07-operational-replication__generation_sfb__none__r1,generation_sfb__none,rejectsBlankName,input_rejection_policy,AssertionError: Invalid record was accepted by storeRun.,.local/iterations/i07-operational-replication/runs/i07-operational-replication__generation_sfb__none__r1/submission-1/evaluation/report.json,080b4002c1c76c40167473c0282b56459098ae8dacc958462fec17411bafbd89,0eb07b3e4edd1f241fb8a4eff0015e43e01cb781f89a07cd38188b8bc715270f
i07-operational-replication__generation_sfb__none__r1,generation_sfb__none,rejectsExcessiveName,input_rejection_policy,AssertionError: Invalid record was accepted by storeRun.,.local/iterations/i07-operational-replication/runs/i07-operational-replication__generation_sfb__none__r1/submission-1/evaluation/report.json,080b4002c1c76c40167473c0282b56459098ae8dacc958462fec17411bafbd89,0eb07b3e4edd1f241fb8a4eff0015e43e01cb781f89a07cd38188b8bc715270f
i07-operational-replication__generation_sfb__none__r1,generation_sfb__none,oversizedPhysicalLine,observed_heap_exhaustion,OutOfMemoryError: Java heap space,.local/iterations/i07-operational-replication/runs/i07-operational-replication__generation_sfb__none__r1/submission-1/evaluation/report.json,080b4002c1c76c40167473c0282b56459098ae8dacc958462fec17411bafbd89,0eb07b3e4edd1f241fb8a4eff0015e43e01cb781f89a07cd38188b8bc715270f
i07-operational-replication__generation_sfb__none__r1,generation_sfb__none,largePersistedRecordSet,observed_heap_exhaustion,OutOfMemoryError: Java heap space,.local/iterations/i07-operational-replication/runs/i07-operational-replication__generation_sfb__none__r1/submission-1/evaluation/report.json,080b4002c1c76c40167473c0282b56459098ae8dacc958462fec17411bafbd89,0eb07b3e4edd1f241fb8a4eff0015e43e01cb781f89a07cd38188b8bc715270f
i07-operational-replication__reuse_sb__none__r1,reuse_sb__none,rejectsNegativeScore,input_rejection_policy,AssertionError: Invalid record was accepted by storeRun.,.local/iterations/i07-operational-replication/runs/i07-operational-replication__reuse_sb__none__r1/submission-1/evaluation/report.json,6e8e041a71af8d653b673cb717c426d526dd6ceeab46d38c96e2a37845421e66,b7e8a14802e1f7233f212b23cc4f0d314ac74718a3b94c6d2a7d58d7ebc2061d
i07-operational-replication__reuse_sb__none__r1,reuse_sb__none,rejectsNegativeTime,input_rejection_policy,AssertionError: Invalid record was accepted by storeRun.,.local/iterations/i07-operational-replication/runs/i07-operational-replication__reuse_sb__none__r1/submission-1/evaluation/report.json,6e8e041a71af8d653b673cb717c426d526dd6ceeab46d38c96e2a37845421e66,b7e8a14802e1f7233f212b23cc4f0d314ac74718a3b94c6d2a7d58d7ebc2061d
i07-operational-replication__reuse_sb__none__r1,reuse_sb__none,rejectsNullName,input_rejection_policy,AssertionError: Invalid record was accepted by storeRun.,.local/iterations/i07-operational-replication/runs/i07-operational-replication__reuse_sb__none__r1/submission-1/evaluation/report.json,6e8e041a71af8d653b673cb717c426d526dd6ceeab46d38c96e2a37845421e66,b7e8a14802e1f7233f212b23cc4f0d314ac74718a3b94c6d2a7d58d7ebc2061d
i07-operational-replication__reuse_sb__none__r1,reuse_sb__none,rejectsBlankName,input_rejection_policy,AssertionError: Invalid record was accepted by storeRun.,.local/iterations/i07-operational-replication/runs/i07-operational-replication__reuse_sb__none__r1/submission-1/evaluation/report.json,6e8e041a71af8d653b673cb717c426d526dd6ceeab46d38c96e2a37845421e66,b7e8a14802e1f7233f212b23cc4f0d314ac74718a3b94c6d2a7d58d7ebc2061d
i07-operational-replication__reuse_sb__none__r1,reuse_sb__none,rejectsExcessiveName,input_rejection_policy,AssertionError: Invalid record was accepted by storeRun.,.local/iterations/i07-operational-replication/runs/i07-operational-replication__reuse_sb__none__r1/submission-1/evaluation/report.json,6e8e041a71af8d653b673cb717c426d526dd6ceeab46d38c96e2a37845421e66,b7e8a14802e1f7233f212b23cc4f0d314ac74718a3b94c6d2a7d58d7ebc2061d
i07-operational-replication__reuse_sb__none__r1,reuse_sb__none,oversizedPhysicalLine,observed_heap_exhaustion,OutOfMemoryError: Java heap space,.local/iterations/i07-operational-replication/runs/i07-operational-replication__reuse_sb__none__r1/submission-1/evaluation/report.json,6e8e041a71af8d653b673cb717c426d526dd6ceeab46d38c96e2a37845421e66,b7e8a14802e1f7233f212b23cc4f0d314ac74718a3b94c6d2a7d58d7ebc2061d
i07-operational-replication__reuse_sb__none__r1,reuse_sb__none,largePersistedRecordSet,observed_heap_exhaustion,OutOfMemoryError: Java heap space,.local/iterations/i07-operational-replication/runs/i07-operational-replication__reuse_sb__none__r1/submission-1/evaluation/report.json,6e8e041a71af8d653b673cb717c426d526dd6ceeab46d38c96e2a37845421e66,b7e8a14802e1f7233f212b23cc4f0d314ac74718a3b94c6d2a7d58d7ebc2061d
i07-operational-replication__generation_sfb__operations__r1,generation_sfb__operations,rejectsNegativeScore,input_rejection_policy,AssertionError: Invalid record was accepted by storeRun.,.local/iterations/i07-operational-replication/runs/i07-operational-replication__generation_sfb__operations__r1/submission-3/evaluation/report.json,d28e35f8078d8c84c4eb766d752879a730d2bea205ae7c430b4586d04952fd42,d3008f21855a52838ea7058b050d8a9965b52db0dc556c9acdb6c103771c4299
i07-operational-replication__generation_sfb__operations__r1,generation_sfb__operations,rejectsBlankName,input_rejection_policy,AssertionError: Invalid record was accepted by storeRun.,.local/iterations/i07-operational-replication/runs/i07-operational-replication__generation_sfb__operations__r1/submission-3/evaluation/report.json,d28e35f8078d8c84c4eb766d752879a730d2bea205ae7c430b4586d04952fd42,d3008f21855a52838ea7058b050d8a9965b52db0dc556c9acdb6c103771c4299
i07-operational-replication__generation_sfb__operations__r1,generation_sfb__operations,rejectsExcessiveName,input_rejection_policy,AssertionError: Invalid record was accepted by storeRun.,.local/iterations/i07-operational-replication/runs/i07-operational-replication__generation_sfb__operations__r1/submission-3/evaluation/report.json,d28e35f8078d8c84c4eb766d752879a730d2bea205ae7c430b4586d04952fd42,d3008f21855a52838ea7058b050d8a9965b52db0dc556c9acdb6c103771c4299
i07-operational-replication__reuse_b__none__r1,reuse_b__none,rejectsNegativeScore,input_rejection_policy,AssertionError: Invalid record was accepted by storeRun.,.local/iterations/i07-operational-replication/runs/i07-operational-replication__reuse_b__none__r1/submission-2/evaluation/report.json,91441fb41d490447404b01edb71ce6db6fcc4b758593c250b85983b02d12d443,f7c492790bb05d5670f90bf5ced9c1ff067fd2475a8415348721d774ec343f8a
i07-operational-replication__reuse_b__none__r1,reuse_b__none,rejectsNegativeTime,input_rejection_policy,AssertionError: Invalid record was accepted by storeRun.,.local/iterations/i07-operational-replication/runs/i07-operational-replication__reuse_b__none__r1/submission-2/evaluation/report.json,91441fb41d490447404b01edb71ce6db6fcc4b758593c250b85983b02d12d443,f7c492790bb05d5670f90bf5ced9c1ff067fd2475a8415348721d774ec343f8a
i07-operational-replication__reuse_b__none__r1,reuse_b__none,rejectsNullName,input_rejection_policy,AssertionError: Invalid record was accepted by storeRun.,.local/iterations/i07-operational-replication/runs/i07-operational-replication__reuse_b__none__r1/submission-2/evaluation/report.json,91441fb41d490447404b01edb71ce6db6fcc4b758593c250b85983b02d12d443,f7c492790bb05d5670f90bf5ced9c1ff067fd2475a8415348721d774ec343f8a
i07-operational-replication__reuse_b__none__r1,reuse_b__none,rejectsBlankName,input_rejection_policy,AssertionError: Invalid record was accepted by storeRun.,.local/iterations/i07-operational-replication/runs/i07-operational-replication__reuse_b__none__r1/submission-2/evaluation/report.json,91441fb41d490447404b01edb71ce6db6fcc4b758593c250b85983b02d12d443,f7c492790bb05d5670f90bf5ced9c1ff067fd2475a8415348721d774ec343f8a
i07-operational-replication__reuse_b__none__r1,reuse_b__none,rejectsExcessiveName,input_rejection_policy,AssertionError: Invalid record was accepted by storeRun.,.local/iterations/i07-operational-replication/runs/i07-operational-replication__reuse_b__none__r1/submission-2/evaluation/report.json,91441fb41d490447404b01edb71ce6db6fcc4b758593c250b85983b02d12d443,f7c492790bb05d5670f90bf5ced9c1ff067fd2475a8415348721d774ec343f8a
i07-operational-replication__reuse_b__none__r1,reuse_b__none,oversizedPhysicalLine,observed_heap_exhaustion,OutOfMemoryError: Java heap space,.local/iterations/i07-operational-replication/runs/i07-operational-replication__reuse_b__none__r1/submission-2/evaluation/report.json,91441fb41d490447404b01edb71ce6db6fcc4b758593c250b85983b02d12d443,f7c492790bb05d5670f90bf5ced9c1ff067fd2475a8415348721d774ec343f8a
i07-operational-replication__generation_s__requirements__r1,generation_s__requirements,rejectsNegativeScore,input_rejection_policy,AssertionError: Invalid record was accepted by storeRun.,.local/iterations/i07-operational-replication/runs/i07-operational-replication__generation_s__requirements__r1/submission-3/evaluation/report.json,261ffc4fd91ed885583be40fa29799d39a1c49d8573072d38479c1b5cbeb0fc5,f04ad2d9bd72b57e8e9b6e1a6f1766553d534a25786153e053282d93b4f6e0bc
i07-operational-replication__generation_s__none__r1,generation_s__none,rejectsNegativeScore,input_rejection_policy,AssertionError: Invalid record was accepted by storeRun.,.local/iterations/i07-operational-replication/runs/i07-operational-replication__generation_s__none__r1/submission-2/evaluation/report.json,c900b7bd3cf95ab75bf16709397d9bd186b9018dde5d4c2828b96c6172b4b338,81bc06c85cb0a4daedc54c65023927b41981ac53a6dd7537b949953e9200ca7c
i07-operational-replication__generation_s__none__r1,generation_s__none,rejectsNegativeTime,input_rejection_policy,AssertionError: Invalid record was accepted by storeRun.,.local/iterations/i07-operational-replication/runs/i07-operational-replication__generation_s__none__r1/submission-2/evaluation/report.json,c900b7bd3cf95ab75bf16709397d9bd186b9018dde5d4c2828b96c6172b4b338,81bc06c85cb0a4daedc54c65023927b41981ac53a6dd7537b949953e9200ca7c
i07-operational-replication__generation_s__none__r1,generation_s__none,rejectsNullName,input_rejection_policy,AssertionError: Invalid record was accepted by storeRun.,.local/iterations/i07-operational-replication/runs/i07-operational-replication__generation_s__none__r1/submission-2/evaluation/report.json,c900b7bd3cf95ab75bf16709397d9bd186b9018dde5d4c2828b96c6172b4b338,81bc06c85cb0a4daedc54c65023927b41981ac53a6dd7537b949953e9200ca7c
i07-operational-replication__generation_s__none__r1,generation_s__none,rejectsBlankName,input_rejection_policy,AssertionError: Invalid record was accepted by storeRun.,.local/iterations/i07-operational-replication/runs/i07-operational-replication__generation_s__none__r1/submission-2/evaluation/report.json,c900b7bd3cf95ab75bf16709397d9bd186b9018dde5d4c2828b96c6172b4b338,81bc06c85cb0a4daedc54c65023927b41981ac53a6dd7537b949953e9200ca7c
i07-operational-replication__generation_s__none__r1,generation_s__none,rejectsExcessiveName,input_rejection_policy,AssertionError: Invalid record was accepted by storeRun.,.local/iterations/i07-operational-replication/runs/i07-operational-replication__generation_s__none__r1/submission-2/evaluation/report.json,c900b7bd3cf95ab75bf16709397d9bd186b9018dde5d4c2828b96c6172b4b338,81bc06c85cb0a4daedc54c65023927b41981ac53a6dd7537b949953e9200ca7c
i07-operational-replication__generation_s__none__r1,generation_s__none,boundsRetainedEntries,retention_threshold,AssertionError: More than 100 entries retained.,.local/iterations/i07-operational-replication/runs/i07-operational-replication__generation_s__none__r1/submission-2/evaluation/report.json,c900b7bd3cf95ab75bf16709397d9bd186b9018dde5d4c2828b96c6172b4b338,81bc06c85cb0a4daedc54c65023927b41981ac53a6dd7537b949953e9200ca7c
i07-operational-replication__generation_s__none__r1,generation_s__none,oversizedPhysicalLine,observed_heap_exhaustion,OutOfMemoryError: Java heap space,.local/iterations/i07-operational-replication/runs/i07-operational-replication__generation_s__none__r1/submission-2/evaluation/report.json,c900b7bd3cf95ab75bf16709397d9bd186b9018dde5d4c2828b96c6172b4b338,81bc06c85cb0a4daedc54c65023927b41981ac53a6dd7537b949953e9200ca7c
i07-operational-replication__generation_s__none__r1,generation_s__none,largePersistedRecordSet,observed_heap_exhaustion,OutOfMemoryError: Java heap space,.local/iterations/i07-operational-replication/runs/i07-operational-replication__generation_s__none__r1/submission-2/evaluation/report.json,c900b7bd3cf95ab75bf16709397d9bd186b9018dde5d4c2828b96c6172b4b338,81bc06c85cb0a4daedc54c65023927b41981ac53a6dd7537b949953e9200ca7c
i07-operational-replication__reuse_b__operations__r2,reuse_b__operations,rejectsNegativeScore,input_rejection_policy,AssertionError: Invalid record was accepted by storeRun.,.local/iterations/i07-operational-replication/runs/i07-operational-replication__reuse_b__operations__r2/submission-2/evaluation/report.json,6954d50650c80e90b83008a13bbc83ab7abfd0f5c785e0cc7bdb0aa766d310c3,59dda86ca4833ed11413ddf37ddf28891c2a83212b7b3bc5966ecc631cf93e6f
i07-operational-replication__reuse_b__operations__r2,reuse_b__operations,rejectsExcessiveName,input_rejection_policy,AssertionError: Invalid record was accepted by storeRun.,.local/iterations/i07-operational-replication/runs/i07-operational-replication__reuse_b__operations__r2/submission-2/evaluation/report.json,6954d50650c80e90b83008a13bbc83ab7abfd0f5c785e0cc7bdb0aa766d310c3,59dda86ca4833ed11413ddf37ddf28891c2a83212b7b3bc5966ecc631cf93e6f
i07-operational-replication__generation_sfb__none__r2,generation_sfb__none,rejectsNegativeScore,input_rejection_policy,AssertionError: Invalid record was accepted by storeRun.,.local/iterations/i07-operational-replication/runs/i07-operational-replication__generation_sfb__none__r2/submission-1/evaluation/report.json,ae5631f358d786959ae7b91d430fb124378cd3742aee2c4889d9ab27007ea418,5e7dc6bda8f7fb9ea1840e9fb183e440c10051ed33ca4ab3861d39a13e79b8de
i07-operational-replication__generation_sfb__none__r2,generation_sfb__none,rejectsNegativeTime,input_rejection_policy,AssertionError: Invalid record was accepted by storeRun.,.local/iterations/i07-operational-replication/runs/i07-operational-replication__generation_sfb__none__r2/submission-1/evaluation/report.json,ae5631f358d786959ae7b91d430fb124378cd3742aee2c4889d9ab27007ea418,5e7dc6bda8f7fb9ea1840e9fb183e440c10051ed33ca4ab3861d39a13e79b8de
i07-operational-replication__generation_sfb__none__r2,generation_sfb__none,rejectsNullName,input_rejection_policy,AssertionError: Invalid record was accepted by storeRun.,.local/iterations/i07-operational-replication/runs/i07-operational-replication__generation_sfb__none__r2/submission-1/evaluation/report.json,ae5631f358d786959ae7b91d430fb124378cd3742aee2c4889d9ab27007ea418,5e7dc6bda8f7fb9ea1840e9fb183e440c10051ed33ca4ab3861d39a13e79b8de
i07-operational-replication__generation_sfb__none__r2,generation_sfb__none,rejectsBlankName,input_rejection_policy,AssertionError: Invalid record was accepted by storeRun.,.local/iterations/i07-operational-replication/runs/i07-operational-replication__generation_sfb__none__r2/submission-1/evaluation/report.json,ae5631f358d786959ae7b91d430fb124378cd3742aee2c4889d9ab27007ea418,5e7dc6bda8f7fb9ea1840e9fb183e440c10051ed33ca4ab3861d39a13e79b8de
i07-operational-replication__generation_sfb__none__r2,generation_sfb__none,rejectsExcessiveName,input_rejection_policy,AssertionError: Invalid record was accepted by storeRun.,.local/iterations/i07-operational-replication/runs/i07-operational-replication__generation_sfb__none__r2/submission-1/evaluation/report.json,ae5631f358d786959ae7b91d430fb124378cd3742aee2c4889d9ab27007ea418,5e7dc6bda8f7fb9ea1840e9fb183e440c10051ed33ca4ab3861d39a13e79b8de
i07-operational-replication__generation_sfb__none__r2,generation_sfb__none,boundsRetainedEntries,retention_threshold,AssertionError: More than 100 entries retained.,.local/iterations/i07-operational-replication/runs/i07-operational-replication__generation_sfb__none__r2/submission-1/evaluation/report.json,ae5631f358d786959ae7b91d430fb124378cd3742aee2c4889d9ab27007ea418,5e7dc6bda8f7fb9ea1840e9fb183e440c10051ed33ca4ab3861d39a13e79b8de
i07-operational-replication__generation_sfb__none__r2,generation_sfb__none,oversizedPhysicalLine,observed_heap_exhaustion,OutOfMemoryError: Java heap space,.local/iterations/i07-operational-replication/runs/i07-operational-replication__generation_sfb__none__r2/submission-1/evaluation/report.json,ae5631f358d786959ae7b91d430fb124378cd3742aee2c4889d9ab27007ea418,5e7dc6bda8f7fb9ea1840e9fb183e440c10051ed33ca4ab3861d39a13e79b8de
i07-operational-replication__generation_sfb__none__r2,generation_sfb__none,largePersistedRecordSet,observed_heap_exhaustion,OutOfMemoryError: Java heap space,.local/iterations/i07-operational-replication/runs/i07-operational-replication__generation_sfb__none__r2/submission-1/evaluation/report.json,ae5631f358d786959ae7b91d430fb124378cd3742aee2c4889d9ab27007ea418,5e7dc6bda8f7fb9ea1840e9fb183e440c10051ed33ca4ab3861d39a13e79b8de
i07-operational-replication__reuse_b__none__r2,reuse_b__none,rejectsNegativeScore,input_rejection_policy,AssertionError: Invalid record was accepted by storeRun.,.local/iterations/i07-operational-replication/runs/i07-operational-replication__reuse_b__none__r2/submission-2/evaluation/report.json,74971e77e4302bfddfcc19dd579deac7b14a06cab372beeffd942f7fdc126c55,c683b519126189d4d4182686a5dbccbf4ba2511150dab2fa8b400937aa754c1d
i07-operational-replication__reuse_b__none__r2,reuse_b__none,rejectsNegativeTime,input_rejection_policy,AssertionError: Invalid record was accepted by storeRun.,.local/iterations/i07-operational-replication/runs/i07-operational-replication__reuse_b__none__r2/submission-2/evaluation/report.json,74971e77e4302bfddfcc19dd579deac7b14a06cab372beeffd942f7fdc126c55,c683b519126189d4d4182686a5dbccbf4ba2511150dab2fa8b400937aa754c1d
i07-operational-replication__reuse_b__none__r2,reuse_b__none,rejectsNullName,input_rejection_policy,AssertionError: Invalid record was accepted by storeRun.,.local/iterations/i07-operational-replication/runs/i07-operational-replication__reuse_b__none__r2/submission-2/evaluation/report.json,74971e77e4302bfddfcc19dd579deac7b14a06cab372beeffd942f7fdc126c55,c683b519126189d4d4182686a5dbccbf4ba2511150dab2fa8b400937aa754c1d
i07-operational-replication__reuse_b__none__r2,reuse_b__none,rejectsBlankName,input_rejection_policy,AssertionError: Invalid record was accepted by storeRun.,.local/iterations/i07-operational-replication/runs/i07-operational-replication__reuse_b__none__r2/submission-2/evaluation/report.json,74971e77e4302bfddfcc19dd579deac7b14a06cab372beeffd942f7fdc126c55,c683b519126189d4d4182686a5dbccbf4ba2511150dab2fa8b400937aa754c1d
i07-operational-replication__reuse_b__none__r2,reuse_b__none,rejectsExcessiveName,input_rejection_policy,AssertionError: Invalid record was accepted by storeRun.,.local/iterations/i07-operational-replication/runs/i07-operational-replication__reuse_b__none__r2/submission-2/evaluation/report.json,74971e77e4302bfddfcc19dd579deac7b14a06cab372beeffd942f7fdc126c55,c683b519126189d4d4182686a5dbccbf4ba2511150dab2fa8b400937aa754c1d
i07-operational-replication__reuse_b__none__r2,reuse_b__none,oversizedPhysicalLine,observed_heap_exhaustion,OutOfMemoryError: Java heap space,.local/iterations/i07-operational-replication/runs/i07-operational-replication__reuse_b__none__r2/submission-2/evaluation/report.json,74971e77e4302bfddfcc19dd579deac7b14a06cab372beeffd942f7fdc126c55,c683b519126189d4d4182686a5dbccbf4ba2511150dab2fa8b400937aa754c1d
i07-operational-replication__reuse_b__none__r2,reuse_b__none,largePersistedRecordSet,observed_heap_exhaustion,OutOfMemoryError: Java heap space,.local/iterations/i07-operational-replication/runs/i07-operational-replication__reuse_b__none__r2/submission-2/evaluation/report.json,74971e77e4302bfddfcc19dd579deac7b14a06cab372beeffd942f7fdc126c55,c683b519126189d4d4182686a5dbccbf4ba2511150dab2fa8b400937aa754c1d
i07-operational-replication__generation_s__requirements__r2,generation_s__requirements,rejectsNegativeScore,input_rejection_policy,AssertionError: Invalid record was accepted by storeRun.,.local/iterations/i07-operational-replication/runs/i07-operational-replication__generation_s__requirements__r2/submission-1/evaluation/report.json,5433615955f16ec0601bb13d594b08f587402f74aee379ff5a3ced7c5e2e768d,6b04bed62bcf306c378d04acd04ef4c1d2d7ecd65922b53183c9b5794e2d9a69
i07-operational-replication__generation_s__requirements__r2,generation_s__requirements,rejectsExcessiveName,input_rejection_policy,AssertionError: Invalid record was accepted by storeRun.,.local/iterations/i07-operational-replication/runs/i07-operational-replication__generation_s__requirements__r2/submission-1/evaluation/report.json,5433615955f16ec0601bb13d594b08f587402f74aee379ff5a3ced7c5e2e768d,6b04bed62bcf306c378d04acd04ef4c1d2d7ecd65922b53183c9b5794e2d9a69
i07-operational-replication__generation_s__requirements__r2,generation_s__requirements,oversizedPhysicalLine,observed_heap_exhaustion,OutOfMemoryError: Java heap space,.local/iterations/i07-operational-replication/runs/i07-operational-replication__generation_s__requirements__r2/submission-1/evaluation/report.json,5433615955f16ec0601bb13d594b08f587402f74aee379ff5a3ced7c5e2e768d,6b04bed62bcf306c378d04acd04ef4c1d2d7ecd65922b53183c9b5794e2d9a69
i07-operational-replication__reuse_sb__boundaries__r2,reuse_sb__boundaries,rejectsNegativeScore,input_rejection_policy,AssertionError: Invalid record was accepted by storeRun.,.local/iterations/i07-operational-replication/runs/i07-operational-replication__reuse_sb__boundaries__r2/submission-2/evaluation/report.json,6d45ac5dc68d1d2c23aa7d7b503698540716a6132cccf1685080e4b74bd37a31,30709ed8c0d5eacb4927593ea00edf0b91816188491b72e8b8c726bc68addc26
i07-operational-replication__reuse_sb__boundaries__r2,reuse_sb__boundaries,rejectsNegativeTime,input_rejection_policy,AssertionError: Invalid record was accepted by storeRun.,.local/iterations/i07-operational-replication/runs/i07-operational-replication__reuse_sb__boundaries__r2/submission-2/evaluation/report.json,6d45ac5dc68d1d2c23aa7d7b503698540716a6132cccf1685080e4b74bd37a31,30709ed8c0d5eacb4927593ea00edf0b91816188491b72e8b8c726bc68addc26
i07-operational-replication__reuse_sb__boundaries__r2,reuse_sb__boundaries,rejectsNullName,input_rejection_policy,AssertionError: Invalid record was accepted by storeRun.,.local/iterations/i07-operational-replication/runs/i07-operational-replication__reuse_sb__boundaries__r2/submission-2/evaluation/report.json,6d45ac5dc68d1d2c23aa7d7b503698540716a6132cccf1685080e4b74bd37a31,30709ed8c0d5eacb4927593ea00edf0b91816188491b72e8b8c726bc68addc26
i07-operational-replication__reuse_sb__boundaries__r2,reuse_sb__boundaries,rejectsBlankName,input_rejection_policy,AssertionError: Invalid record was accepted by storeRun.,.local/iterations/i07-operational-replication/runs/i07-operational-replication__reuse_sb__boundaries__r2/submission-2/evaluation/report.json,6d45ac5dc68d1d2c23aa7d7b503698540716a6132cccf1685080e4b74bd37a31,30709ed8c0d5eacb4927593ea00edf0b91816188491b72e8b8c726bc68addc26
i07-operational-replication__reuse_sb__boundaries__r2,reuse_sb__boundaries,rejectsExcessiveName,input_rejection_policy,AssertionError: Invalid record was accepted by storeRun.,.local/iterations/i07-operational-replication/runs/i07-operational-replication__reuse_sb__boundaries__r2/submission-2/evaluation/report.json,6d45ac5dc68d1d2c23aa7d7b503698540716a6132cccf1685080e4b74bd37a31,30709ed8c0d5eacb4927593ea00edf0b91816188491b72e8b8c726bc68addc26
i07-operational-replication__reuse_b__boundaries__r2,reuse_b__boundaries,rejectsNegativeScore,input_rejection_policy,AssertionError: Invalid record was accepted by storeRun.,.local/iterations/i07-operational-replication/runs/i07-operational-replication__reuse_b__boundaries__r2/submission-5/evaluation/report.json,ed4fc83b8cb0004f8d2d9b8919ef25a7a518b897d74f90d1cf191f9cf9ab3127,d7edeccdcb928738072ba018ad1894916a1099258d6b9c7d0c4ca15b7433d1e8
i07-operational-replication__generation_sfb__boundaries__r2,generation_sfb__boundaries,rejectsNegativeScore,input_rejection_policy,AssertionError: Invalid record was accepted by storeRun.,.local/iterations/i07-operational-replication/runs/i07-operational-replication__generation_sfb__boundaries__r2/submission-1/evaluation/report.json,db12bfe9a46fcb821f875858ef353279273fd0808d431b10d7722c7000e104dd,a4ed63e5f0201e0e64650d4bb5b3bfbe3b96add37b86a18b4f382e2a22bafcd4
i07-operational-replication__generation_sfb__boundaries__r2,generation_sfb__boundaries,rejectsNegativeTime,input_rejection_policy,AssertionError: Invalid record was accepted by storeRun.,.local/iterations/i07-operational-replication/runs/i07-operational-replication__generation_sfb__boundaries__r2/submission-1/evaluation/report.json,db12bfe9a46fcb821f875858ef353279273fd0808d431b10d7722c7000e104dd,a4ed63e5f0201e0e64650d4bb5b3bfbe3b96add37b86a18b4f382e2a22bafcd4
i07-operational-replication__generation_sfb__boundaries__r2,generation_sfb__boundaries,rejectsNullName,input_rejection_policy,AssertionError: Invalid record was accepted by storeRun.,.local/iterations/i07-operational-replication/runs/i07-operational-replication__generation_sfb__boundaries__r2/submission-1/evaluation/report.json,db12bfe9a46fcb821f875858ef353279273fd0808d431b10d7722c7000e104dd,a4ed63e5f0201e0e64650d4bb5b3bfbe3b96add37b86a18b4f382e2a22bafcd4
i07-operational-replication__generation_sfb__boundaries__r2,generation_sfb__boundaries,rejectsBlankName,input_rejection_policy,AssertionError: Invalid record was accepted by storeRun.,.local/iterations/i07-operational-replication/runs/i07-operational-replication__generation_sfb__boundaries__r2/submission-1/evaluation/report.json,db12bfe9a46fcb821f875858ef353279273fd0808d431b10d7722c7000e104dd,a4ed63e5f0201e0e64650d4bb5b3bfbe3b96add37b86a18b4f382e2a22bafcd4
i07-operational-replication__generation_sfb__boundaries__r2,generation_sfb__boundaries,rejectsExcessiveName,input_rejection_policy,AssertionError: Invalid record was accepted by storeRun.,.local/iterations/i07-operational-replication/runs/i07-operational-replication__generation_sfb__boundaries__r2/submission-1/evaluation/report.json,db12bfe9a46fcb821f875858ef353279273fd0808d431b10d7722c7000e104dd,a4ed63e5f0201e0e64650d4bb5b3bfbe3b96add37b86a18b4f382e2a22bafcd4
i07-operational-replication__generation_sfb__boundaries__r2,generation_sfb__boundaries,oversizedPhysicalLine,observed_heap_exhaustion,OutOfMemoryError: Java heap space,.local/iterations/i07-operational-replication/runs/i07-operational-replication__generation_sfb__boundaries__r2/submission-1/evaluation/report.json,db12bfe9a46fcb821f875858ef353279273fd0808d431b10d7722c7000e104dd,a4ed63e5f0201e0e64650d4bb5b3bfbe3b96add37b86a18b4f382e2a22bafcd4
i07-operational-replication__generation_s__none__r2,generation_s__none,rejectsNegativeScore,input_rejection_policy,AssertionError: Invalid record was accepted by storeRun.,.local/iterations/i07-operational-replication/runs/i07-operational-replication__generation_s__none__r2/submission-3/evaluation/report.json,642f914f363e72ec2b027b88eebbbdba86dc6e800a191b1ed6e1b7daebcc1ffd,c5ff9de3864c665297c01114e3a1b452f0957ddb92cff7d00f6a17209b52a905
i07-operational-replication__generation_s__none__r2,generation_s__none,rejectsNegativeTime,input_rejection_policy,AssertionError: Invalid record was accepted by storeRun.,.local/iterations/i07-operational-replication/runs/i07-operational-replication__generation_s__none__r2/submission-3/evaluation/report.json,642f914f363e72ec2b027b88eebbbdba86dc6e800a191b1ed6e1b7daebcc1ffd,c5ff9de3864c665297c01114e3a1b452f0957ddb92cff7d00f6a17209b52a905
i07-operational-replication__generation_s__none__r2,generation_s__none,rejectsNullName,input_rejection_policy,AssertionError: Invalid record was accepted by storeRun.,.local/iterations/i07-operational-replication/runs/i07-operational-replication__generation_s__none__r2/submission-3/evaluation/report.json,642f914f363e72ec2b027b88eebbbdba86dc6e800a191b1ed6e1b7daebcc1ffd,c5ff9de3864c665297c01114e3a1b452f0957ddb92cff7d00f6a17209b52a905
i07-operational-replication__generation_s__none__r2,generation_s__none,rejectsBlankName,input_rejection_policy,AssertionError: Invalid record was accepted by storeRun.,.local/iterations/i07-operational-replication/runs/i07-operational-replication__generation_s__none__r2/submission-3/evaluation/report.json,642f914f363e72ec2b027b88eebbbdba86dc6e800a191b1ed6e1b7daebcc1ffd,c5ff9de3864c665297c01114e3a1b452f0957ddb92cff7d00f6a17209b52a905
i07-operational-replication__generation_s__none__r2,generation_s__none,rejectsExcessiveName,input_rejection_policy,AssertionError: Invalid record was accepted by storeRun.,.local/iterations/i07-operational-replication/runs/i07-operational-replication__generation_s__none__r2/submission-3/evaluation/report.json,642f914f363e72ec2b027b88eebbbdba86dc6e800a191b1ed6e1b7daebcc1ffd,c5ff9de3864c665297c01114e3a1b452f0957ddb92cff7d00f6a17209b52a905
i07-operational-replication__generation_s__none__r2,generation_s__none,boundsRetainedEntries,retention_threshold,AssertionError: More than 100 entries retained.,.local/iterations/i07-operational-replication/runs/i07-operational-replication__generation_s__none__r2/submission-3/evaluation/report.json,642f914f363e72ec2b027b88eebbbdba86dc6e800a191b1ed6e1b7daebcc1ffd,c5ff9de3864c665297c01114e3a1b452f0957ddb92cff7d00f6a17209b52a905
i07-operational-replication__generation_s__none__r2,generation_s__none,oversizedPhysicalLine,observed_heap_exhaustion,OutOfMemoryError: Java heap space,.local/iterations/i07-operational-replication/runs/i07-operational-replication__generation_s__none__r2/submission-3/evaluation/report.json,642f914f363e72ec2b027b88eebbbdba86dc6e800a191b1ed6e1b7daebcc1ffd,c5ff9de3864c665297c01114e3a1b452f0957ddb92cff7d00f6a17209b52a905
i07-operational-replication__generation_s__boundaries__r2,generation_s__boundaries,rejectsNegativeScore,input_rejection_policy,AssertionError: Invalid record was accepted by storeRun.,.local/iterations/i07-operational-replication/runs/i07-operational-replication__generation_s__boundaries__r2/submission-1/evaluation/report.json,43ccc8a1d03dc6ab3655d6881807eeb2b4b8f0072ec1ceadfe16fe92d5283b6d,a6e10070b666aacd42af0ca4b7637b1f8afc3595c1db4a6aa21fc3bad8732004
i07-operational-replication__generation_s__boundaries__r2,generation_s__boundaries,rejectsNegativeTime,input_rejection_policy,AssertionError: Invalid record was accepted by storeRun.,.local/iterations/i07-operational-replication/runs/i07-operational-replication__generation_s__boundaries__r2/submission-1/evaluation/report.json,43ccc8a1d03dc6ab3655d6881807eeb2b4b8f0072ec1ceadfe16fe92d5283b6d,a6e10070b666aacd42af0ca4b7637b1f8afc3595c1db4a6aa21fc3bad8732004
i07-operational-replication__generation_s__boundaries__r2,generation_s__boundaries,rejectsNullName,input_rejection_policy,AssertionError: Invalid record was accepted by storeRun.,.local/iterations/i07-operational-replication/runs/i07-operational-replication__generation_s__boundaries__r2/submission-1/evaluation/report.json,43ccc8a1d03dc6ab3655d6881807eeb2b4b8f0072ec1ceadfe16fe92d5283b6d,a6e10070b666aacd42af0ca4b7637b1f8afc3595c1db4a6aa21fc3bad8732004
i07-operational-replication__generation_s__boundaries__r2,generation_s__boundaries,rejectsBlankName,input_rejection_policy,AssertionError: Invalid record was accepted by storeRun.,.local/iterations/i07-operational-replication/runs/i07-operational-replication__generation_s__boundaries__r2/submission-1/evaluation/report.json,43ccc8a1d03dc6ab3655d6881807eeb2b4b8f0072ec1ceadfe16fe92d5283b6d,a6e10070b666aacd42af0ca4b7637b1f8afc3595c1db4a6aa21fc3bad8732004
i07-operational-replication__generation_s__boundaries__r2,generation_s__boundaries,rejectsExcessiveName,input_rejection_policy,AssertionError: Invalid record was accepted by storeRun.,.local/iterations/i07-operational-replication/runs/i07-operational-replication__generation_s__boundaries__r2/submission-1/evaluation/report.json,43ccc8a1d03dc6ab3655d6881807eeb2b4b8f0072ec1ceadfe16fe92d5283b6d,a6e10070b666aacd42af0ca4b7637b1f8afc3595c1db4a6aa21fc3bad8732004
i07-operational-replication__generation_s__boundaries__r2,generation_s__boundaries,oversizedPhysicalLine,observed_heap_exhaustion,OutOfMemoryError: Java heap space,.local/iterations/i07-operational-replication/runs/i07-operational-replication__generation_s__boundaries__r2/submission-1/evaluation/report.json,43ccc8a1d03dc6ab3655d6881807eeb2b4b8f0072ec1ceadfe16fe92d5283b6d,a6e10070b666aacd42af0ca4b7637b1f8afc3595c1db4a6aa21fc3bad8732004
i07-operational-replication__generation_sfb__requirements__r2,generation_sfb__requirements,rejectsNegativeScore,input_rejection_policy,AssertionError: Invalid record was accepted by storeRun.,.local/iterations/i07-operational-replication/runs/i07-operational-replication__generation_sfb__requirements__r2/submission-3/evaluation/report.json,276e44cd200d4f44283cb982928aaa685f9e02448cd0dab9a055a3773bb7b16d,2562385ccd5ae58f1760f7cf881c4995584e841a03312f698ae27bb681f5ee1a
i07-operational-replication__generation_sfb__requirements__r2,generation_sfb__requirements,oversizedPhysicalLine,observed_heap_exhaustion,OutOfMemoryError: Java heap space,.local/iterations/i07-operational-replication/runs/i07-operational-replication__generation_sfb__requirements__r2/submission-3/evaluation/report.json,276e44cd200d4f44283cb982928aaa685f9e02448cd0dab9a055a3773bb7b16d,2562385ccd5ae58f1760f7cf881c4995584e841a03312f698ae27bb681f5ee1a
i07-operational-replication__generation_s__operations__r2,generation_s__operations,rejectsNegativeScore,input_rejection_policy,AssertionError: Invalid record was accepted by storeRun.,.local/iterations/i07-operational-replication/runs/i07-operational-replication__generation_s__operations__r2/submission-2/evaluation/report.json,210dba1e0212ccacf323aa8c60e9ceb563443948af6c2ff4bd68d514e265ea4e,3d57d7432497436bbfd2f3e86e6960dd2a3e20b2e1ed76797785f50f06b2a54d
i07-operational-replication__generation_s__operations__r2,generation_s__operations,rejectsExcessiveName,input_rejection_policy,AssertionError: Invalid record was accepted by storeRun.,.local/iterations/i07-operational-replication/runs/i07-operational-replication__generation_s__operations__r2/submission-2/evaluation/report.json,210dba1e0212ccacf323aa8c60e9ceb563443948af6c2ff4bd68d514e265ea4e,3d57d7432497436bbfd2f3e86e6960dd2a3e20b2e1ed76797785f50f06b2a54d
i07-operational-replication__generation_s__operations__r2,generation_s__operations,oversizedPhysicalLine,observed_heap_exhaustion,OutOfMemoryError: Java heap space,.local/iterations/i07-operational-replication/runs/i07-operational-replication__generation_s__operations__r2/submission-2/evaluation/report.json,210dba1e0212ccacf323aa8c60e9ceb563443948af6c2ff4bd68d514e265ea4e,3d57d7432497436bbfd2f3e86e6960dd2a3e20b2e1ed76797785f50f06b2a54d
i07-operational-replication__reuse_sb__none__r2,reuse_sb__none,rejectsNegativeScore,input_rejection_policy,AssertionError: Invalid record was accepted by storeRun.,.local/iterations/i07-operational-replication/runs/i07-operational-replication__reuse_sb__none__r2/submission-1/evaluation/report.json,12329d502b4e0ec4221628b0e20e003e7a86f320d9b09551b01ba96946421deb,4b254cbfa40ebc49c5706d7af0cc3c497efa193056c8c72307042a807e68cac9
i07-operational-replication__reuse_sb__none__r2,reuse_sb__none,rejectsNegativeTime,input_rejection_policy,AssertionError: Invalid record was accepted by storeRun.,.local/iterations/i07-operational-replication/runs/i07-operational-replication__reuse_sb__none__r2/submission-1/evaluation/report.json,12329d502b4e0ec4221628b0e20e003e7a86f320d9b09551b01ba96946421deb,4b254cbfa40ebc49c5706d7af0cc3c497efa193056c8c72307042a807e68cac9
i07-operational-replication__reuse_sb__none__r2,reuse_sb__none,rejectsNullName,input_rejection_policy,AssertionError: Invalid record was accepted by storeRun.,.local/iterations/i07-operational-replication/runs/i07-operational-replication__reuse_sb__none__r2/submission-1/evaluation/report.json,12329d502b4e0ec4221628b0e20e003e7a86f320d9b09551b01ba96946421deb,4b254cbfa40ebc49c5706d7af0cc3c497efa193056c8c72307042a807e68cac9
i07-operational-replication__reuse_sb__none__r2,reuse_sb__none,rejectsBlankName,input_rejection_policy,AssertionError: Invalid record was accepted by storeRun.,.local/iterations/i07-operational-replication/runs/i07-operational-replication__reuse_sb__none__r2/submission-1/evaluation/report.json,12329d502b4e0ec4221628b0e20e003e7a86f320d9b09551b01ba96946421deb,4b254cbfa40ebc49c5706d7af0cc3c497efa193056c8c72307042a807e68cac9
i07-operational-replication__reuse_sb__none__r2,reuse_sb__none,rejectsExcessiveName,input_rejection_policy,AssertionError: Invalid record was accepted by storeRun.,.local/iterations/i07-operational-replication/runs/i07-operational-replication__reuse_sb__none__r2/submission-1/evaluation/report.json,12329d502b4e0ec4221628b0e20e003e7a86f320d9b09551b01ba96946421deb,4b254cbfa40ebc49c5706d7af0cc3c497efa193056c8c72307042a807e68cac9
i07-operational-replication__reuse_sb__none__r2,reuse_sb__none,oversizedPhysicalLine,observed_heap_exhaustion,OutOfMemoryError: Java heap space,.local/iterations/i07-operational-replication/runs/i07-operational-replication__reuse_sb__none__r2/submission-1/evaluation/report.json,12329d502b4e0ec4221628b0e20e003e7a86f320d9b09551b01ba96946421deb,4b254cbfa40ebc49c5706d7af0cc3c497efa193056c8c72307042a807e68cac9
i07-operational-replication__reuse_sb__none__r2,reuse_sb__none,largePersistedRecordSet,observed_heap_exhaustion,OutOfMemoryError: Java heap space,.local/iterations/i07-operational-replication/runs/i07-operational-replication__reuse_sb__none__r2/submission-1/evaluation/report.json,12329d502b4e0ec4221628b0e20e003e7a86f320d9b09551b01ba96946421deb,4b254cbfa40ebc49c5706d7af0cc3c497efa193056c8c72307042a807e68cac9
i07-operational-replication__reuse_sb__operations__r2,reuse_sb__operations,rejectsNegativeScore,input_rejection_policy,AssertionError: Invalid record was accepted by storeRun.,.local/iterations/i07-operational-replication/runs/i07-operational-replication__reuse_sb__operations__r2/submission-4/evaluation/report.json,56d00178f2a66115b936380fa58d1926db25233aa356493e1a1d1f7d960fddb1,9e43c890c63bc158d571f95a344a4c7bad06e35444f0a4a228771e1875ac2a1d
i07-operational-replication__generation_sfb__operations__r2,generation_sfb__operations,rejectsNegativeScore,input_rejection_policy,AssertionError: Invalid record was accepted by storeRun.,.local/iterations/i07-operational-replication/runs/i07-operational-replication__generation_sfb__operations__r2/submission-3/evaluation/report.json,774f4007509293a370e075a10c3b41deedfcf8100ccf06f16aad592a3feefed6,369c31773d66a2563493b90d3f6a2faf08efac609245dcbd48241156ea3ab61e
i07-operational-replication__generation_sfb__operations__r2,generation_sfb__operations,rejectsNullName,input_rejection_policy,AssertionError: Invalid record was accepted by storeRun.,.local/iterations/i07-operational-replication/runs/i07-operational-replication__generation_sfb__operations__r2/submission-3/evaluation/report.json,774f4007509293a370e075a10c3b41deedfcf8100ccf06f16aad592a3feefed6,369c31773d66a2563493b90d3f6a2faf08efac609245dcbd48241156ea3ab61e
i07-operational-replication__generation_sfb__operations__r2,generation_sfb__operations,rejectsBlankName,input_rejection_policy,AssertionError: Invalid record was accepted by storeRun.,.local/iterations/i07-operational-replication/runs/i07-operational-replication__generation_sfb__operations__r2/submission-3/evaluation/report.json,774f4007509293a370e075a10c3b41deedfcf8100ccf06f16aad592a3feefed6,369c31773d66a2563493b90d3f6a2faf08efac609245dcbd48241156ea3ab61e
i07-operational-replication__generation_sfb__operations__r2,generation_sfb__operations,rejectsExcessiveName,input_rejection_policy,AssertionError: Invalid record was accepted by storeRun.,.local/iterations/i07-operational-replication/runs/i07-operational-replication__generation_sfb__operations__r2/submission-3/evaluation/report.json,774f4007509293a370e075a10c3b41deedfcf8100ccf06f16aad592a3feefed6,369c31773d66a2563493b90d3f6a2faf08efac609245dcbd48241156ea3ab61e
i07-operational-replication__generation_sfb__operations__r2,generation_sfb__operations,oversizedPhysicalLine,observed_heap_exhaustion,OutOfMemoryError: Java heap space,.local/iterations/i07-operational-replication/runs/i07-operational-replication__generation_sfb__operations__r2/submission-3/evaluation/report.json,774f4007509293a370e075a10c3b41deedfcf8100ccf06f16aad592a3feefed6,369c31773d66a2563493b90d3f6a2faf08efac609245dcbd48241156ea3ab61e
i07-operational-replication__generation_s__operations__r3,generation_s__operations,rejectsNegativeScore,input_rejection_policy,AssertionError: Invalid record was accepted by storeRun.,.local/iterations/i07-operational-replication/runs/i07-operational-replication__generation_s__operations__r3/submission-2/evaluation/report.json,b8064144431b25839cbab7a4f597a8aa0ee94e60dda09b2db01f1f79da3ceeea,b4a00aab4852e02382e732351a10108bc1699b933c60731667fe2a7a7f2e1afb
i07-operational-replication__generation_s__operations__r3,generation_s__operations,rejectsNullName,input_rejection_policy,AssertionError: Invalid record was accepted by storeRun.,.local/iterations/i07-operational-replication/runs/i07-operational-replication__generation_s__operations__r3/submission-2/evaluation/report.json,b8064144431b25839cbab7a4f597a8aa0ee94e60dda09b2db01f1f79da3ceeea,b4a00aab4852e02382e732351a10108bc1699b933c60731667fe2a7a7f2e1afb
i07-operational-replication__generation_s__operations__r3,generation_s__operations,rejectsBlankName,input_rejection_policy,AssertionError: Invalid record was accepted by storeRun.,.local/iterations/i07-operational-replication/runs/i07-operational-replication__generation_s__operations__r3/submission-2/evaluation/report.json,b8064144431b25839cbab7a4f597a8aa0ee94e60dda09b2db01f1f79da3ceeea,b4a00aab4852e02382e732351a10108bc1699b933c60731667fe2a7a7f2e1afb
i07-operational-replication__generation_s__operations__r3,generation_s__operations,rejectsExcessiveName,input_rejection_policy,AssertionError: Invalid record was accepted by storeRun.,.local/iterations/i07-operational-replication/runs/i07-operational-replication__generation_s__operations__r3/submission-2/evaluation/report.json,b8064144431b25839cbab7a4f597a8aa0ee94e60dda09b2db01f1f79da3ceeea,b4a00aab4852e02382e732351a10108bc1699b933c60731667fe2a7a7f2e1afb
i07-operational-replication__reuse_b__requirements__r3,reuse_b__requirements,oversizedPhysicalLine,observed_heap_exhaustion,OutOfMemoryError: Java heap space,.local/iterations/i07-operational-replication/runs/i07-operational-replication__reuse_b__requirements__r3/submission-5/evaluation/report.json,854fea23b3ac3a2f848b9aea840fb6d6cb2bf7c27e5caf98a414d56f1615030e,a451045491661eefcb527ead83c471391800546c0bbf1b68e82c9c0f13cef8f0
i07-operational-replication__generation_sfb__boundaries__r3,generation_sfb__boundaries,rejectsNegativeScore,input_rejection_policy,AssertionError: Invalid record was accepted by storeRun.,.local/iterations/i07-operational-replication/runs/i07-operational-replication__generation_sfb__boundaries__r3/submission-1/evaluation/report.json,ba8b9bc511f7ea17b4a300a147009a39c1e55b93a7b2d18941dc40f70cf0227f,dd36bbef48df9a8c221453ac0b479ecd56f96dda76ffe3f5da717cf2c59486ef
i07-operational-replication__generation_sfb__boundaries__r3,generation_sfb__boundaries,rejectsNegativeTime,input_rejection_policy,AssertionError: Invalid record was accepted by storeRun.,.local/iterations/i07-operational-replication/runs/i07-operational-replication__generation_sfb__boundaries__r3/submission-1/evaluation/report.json,ba8b9bc511f7ea17b4a300a147009a39c1e55b93a7b2d18941dc40f70cf0227f,dd36bbef48df9a8c221453ac0b479ecd56f96dda76ffe3f5da717cf2c59486ef
i07-operational-replication__generation_sfb__boundaries__r3,generation_sfb__boundaries,rejectsNullName,input_rejection_policy,AssertionError: Invalid record was accepted by storeRun.,.local/iterations/i07-operational-replication/runs/i07-operational-replication__generation_sfb__boundaries__r3/submission-1/evaluation/report.json,ba8b9bc511f7ea17b4a300a147009a39c1e55b93a7b2d18941dc40f70cf0227f,dd36bbef48df9a8c221453ac0b479ecd56f96dda76ffe3f5da717cf2c59486ef
i07-operational-replication__generation_sfb__boundaries__r3,generation_sfb__boundaries,rejectsBlankName,input_rejection_policy,AssertionError: Invalid record was accepted by storeRun.,.local/iterations/i07-operational-replication/runs/i07-operational-replication__generation_sfb__boundaries__r3/submission-1/evaluation/report.json,ba8b9bc511f7ea17b4a300a147009a39c1e55b93a7b2d18941dc40f70cf0227f,dd36bbef48df9a8c221453ac0b479ecd56f96dda76ffe3f5da717cf2c59486ef
i07-operational-replication__generation_sfb__boundaries__r3,generation_sfb__boundaries,rejectsExcessiveName,input_rejection_policy,AssertionError: Invalid record was accepted by storeRun.,.local/iterations/i07-operational-replication/runs/i07-operational-replication__generation_sfb__boundaries__r3/submission-1/evaluation/report.json,ba8b9bc511f7ea17b4a300a147009a39c1e55b93a7b2d18941dc40f70cf0227f,dd36bbef48df9a8c221453ac0b479ecd56f96dda76ffe3f5da717cf2c59486ef
i07-operational-replication__generation_sfb__boundaries__r3,generation_sfb__boundaries,oversizedPhysicalLine,observed_heap_exhaustion,OutOfMemoryError: Java heap space,.local/iterations/i07-operational-replication/runs/i07-operational-replication__generation_sfb__boundaries__r3/submission-1/evaluation/report.json,ba8b9bc511f7ea17b4a300a147009a39c1e55b93a7b2d18941dc40f70cf0227f,dd36bbef48df9a8c221453ac0b479ecd56f96dda76ffe3f5da717cf2c59486ef
i07-operational-replication__generation_sfb__boundaries__r3,generation_sfb__boundaries,largePersistedRecordSet,observed_heap_exhaustion,OutOfMemoryError: Java heap space,.local/iterations/i07-operational-replication/runs/i07-operational-replication__generation_sfb__boundaries__r3/submission-1/evaluation/report.json,ba8b9bc511f7ea17b4a300a147009a39c1e55b93a7b2d18941dc40f70cf0227f,dd36bbef48df9a8c221453ac0b479ecd56f96dda76ffe3f5da717cf2c59486ef
i07-operational-replication__generation_s__boundaries__r3,generation_s__boundaries,rejectsNegativeScore,input_rejection_policy,AssertionError: Invalid record was accepted by storeRun.,.local/iterations/i07-operational-replication/runs/i07-operational-replication__generation_s__boundaries__r3/submission-1/evaluation/report.json,2ba587083fca0099ffede3a69106e90119bfaa34b95e67547ca2ee66cd58881f,4c23cad0c319981815d2cb9089c0e1a07aa6ca76ecdb829ad92f41dab9db3815
i07-operational-replication__generation_s__boundaries__r3,generation_s__boundaries,rejectsNegativeTime,input_rejection_policy,AssertionError: Invalid record was accepted by storeRun.,.local/iterations/i07-operational-replication/runs/i07-operational-replication__generation_s__boundaries__r3/submission-1/evaluation/report.json,2ba587083fca0099ffede3a69106e90119bfaa34b95e67547ca2ee66cd58881f,4c23cad0c319981815d2cb9089c0e1a07aa6ca76ecdb829ad92f41dab9db3815
i07-operational-replication__generation_s__boundaries__r3,generation_s__boundaries,rejectsNullName,input_rejection_policy,AssertionError: Invalid record was accepted by storeRun.,.local/iterations/i07-operational-replication/runs/i07-operational-replication__generation_s__boundaries__r3/submission-1/evaluation/report.json,2ba587083fca0099ffede3a69106e90119bfaa34b95e67547ca2ee66cd58881f,4c23cad0c319981815d2cb9089c0e1a07aa6ca76ecdb829ad92f41dab9db3815
i07-operational-replication__generation_s__boundaries__r3,generation_s__boundaries,rejectsBlankName,input_rejection_policy,AssertionError: Invalid record was accepted by storeRun.,.local/iterations/i07-operational-replication/runs/i07-operational-replication__generation_s__boundaries__r3/submission-1/evaluation/report.json,2ba587083fca0099ffede3a69106e90119bfaa34b95e67547ca2ee66cd58881f,4c23cad0c319981815d2cb9089c0e1a07aa6ca76ecdb829ad92f41dab9db3815
i07-operational-replication__generation_s__boundaries__r3,generation_s__boundaries,rejectsExcessiveName,input_rejection_policy,AssertionError: Invalid record was accepted by storeRun.,.local/iterations/i07-operational-replication/runs/i07-operational-replication__generation_s__boundaries__r3/submission-1/evaluation/report.json,2ba587083fca0099ffede3a69106e90119bfaa34b95e67547ca2ee66cd58881f,4c23cad0c319981815d2cb9089c0e1a07aa6ca76ecdb829ad92f41dab9db3815
i07-operational-replication__generation_s__boundaries__r3,generation_s__boundaries,oversizedPhysicalLine,observed_heap_exhaustion,OutOfMemoryError: Java heap space,.local/iterations/i07-operational-replication/runs/i07-operational-replication__generation_s__boundaries__r3/submission-1/evaluation/report.json,2ba587083fca0099ffede3a69106e90119bfaa34b95e67547ca2ee66cd58881f,4c23cad0c319981815d2cb9089c0e1a07aa6ca76ecdb829ad92f41dab9db3815
i07-operational-replication__reuse_sb__none__r3,reuse_sb__none,rejectsNegativeScore,input_rejection_policy,AssertionError: Invalid record was accepted by storeRun.,.local/iterations/i07-operational-replication/runs/i07-operational-replication__reuse_sb__none__r3/submission-1/evaluation/report.json,ba6b1a7fb0ac2035360ec407309c5d041f7e880b9d224ed14addd1ba0758a291,75c7bd450b69f1130eabc76b53432468de244a02bbcf33de22e9e887c253ed21
i07-operational-replication__reuse_sb__none__r3,reuse_sb__none,rejectsNegativeTime,input_rejection_policy,AssertionError: Invalid record was accepted by storeRun.,.local/iterations/i07-operational-replication/runs/i07-operational-replication__reuse_sb__none__r3/submission-1/evaluation/report.json,ba6b1a7fb0ac2035360ec407309c5d041f7e880b9d224ed14addd1ba0758a291,75c7bd450b69f1130eabc76b53432468de244a02bbcf33de22e9e887c253ed21
i07-operational-replication__reuse_sb__none__r3,reuse_sb__none,rejectsNullName,input_rejection_policy,AssertionError: Invalid record was accepted by storeRun.,.local/iterations/i07-operational-replication/runs/i07-operational-replication__reuse_sb__none__r3/submission-1/evaluation/report.json,ba6b1a7fb0ac2035360ec407309c5d041f7e880b9d224ed14addd1ba0758a291,75c7bd450b69f1130eabc76b53432468de244a02bbcf33de22e9e887c253ed21
i07-operational-replication__reuse_sb__none__r3,reuse_sb__none,rejectsBlankName,input_rejection_policy,AssertionError: Invalid record was accepted by storeRun.,.local/iterations/i07-operational-replication/runs/i07-operational-replication__reuse_sb__none__r3/submission-1/evaluation/report.json,ba6b1a7fb0ac2035360ec407309c5d041f7e880b9d224ed14addd1ba0758a291,75c7bd450b69f1130eabc76b53432468de244a02bbcf33de22e9e887c253ed21
i07-operational-replication__reuse_sb__none__r3,reuse_sb__none,rejectsExcessiveName,input_rejection_policy,AssertionError: Invalid record was accepted by storeRun.,.local/iterations/i07-operational-replication/runs/i07-operational-replication__reuse_sb__none__r3/submission-1/evaluation/report.json,ba6b1a7fb0ac2035360ec407309c5d041f7e880b9d224ed14addd1ba0758a291,75c7bd450b69f1130eabc76b53432468de244a02bbcf33de22e9e887c253ed21
i07-operational-replication__reuse_sb__none__r3,reuse_sb__none,oversizedPhysicalLine,observed_heap_exhaustion,OutOfMemoryError: Java heap space,.local/iterations/i07-operational-replication/runs/i07-operational-replication__reuse_sb__none__r3/submission-1/evaluation/report.json,ba6b1a7fb0ac2035360ec407309c5d041f7e880b9d224ed14addd1ba0758a291,75c7bd450b69f1130eabc76b53432468de244a02bbcf33de22e9e887c253ed21
i07-operational-replication__reuse_sb__none__r3,reuse_sb__none,largePersistedRecordSet,observed_heap_exhaustion,OutOfMemoryError: Java heap space,.local/iterations/i07-operational-replication/runs/i07-operational-replication__reuse_sb__none__r3/submission-1/evaluation/report.json,ba6b1a7fb0ac2035360ec407309c5d041f7e880b9d224ed14addd1ba0758a291,75c7bd450b69f1130eabc76b53432468de244a02bbcf33de22e9e887c253ed21
i07-operational-replication__reuse_b__boundaries__r3,reuse_b__boundaries,rejectsNegativeScore,input_rejection_policy,AssertionError: Invalid record was accepted by storeRun.,.local/iterations/i07-operational-replication/runs/i07-operational-replication__reuse_b__boundaries__r3/submission-3/evaluation/report.json,65eebabd4034bc33119b43f8383150fd94cbf40720817cd94b19c846847230ed,c30fea83e5a25d54296fc786e0de896bf0717e7c6b67bf47a3dc067ad72e6814
i07-operational-replication__reuse_b__boundaries__r3,reuse_b__boundaries,rejectsNegativeTime,input_rejection_policy,AssertionError: Invalid record was accepted by storeRun.,.local/iterations/i07-operational-replication/runs/i07-operational-replication__reuse_b__boundaries__r3/submission-3/evaluation/report.json,65eebabd4034bc33119b43f8383150fd94cbf40720817cd94b19c846847230ed,c30fea83e5a25d54296fc786e0de896bf0717e7c6b67bf47a3dc067ad72e6814
i07-operational-replication__reuse_b__boundaries__r3,reuse_b__boundaries,rejectsNullName,input_rejection_policy,AssertionError: Invalid record was accepted by storeRun.,.local/iterations/i07-operational-replication/runs/i07-operational-replication__reuse_b__boundaries__r3/submission-3/evaluation/report.json,65eebabd4034bc33119b43f8383150fd94cbf40720817cd94b19c846847230ed,c30fea83e5a25d54296fc786e0de896bf0717e7c6b67bf47a3dc067ad72e6814
i07-operational-replication__reuse_b__boundaries__r3,reuse_b__boundaries,rejectsBlankName,input_rejection_policy,AssertionError: Invalid record was accepted by storeRun.,.local/iterations/i07-operational-replication/runs/i07-operational-replication__reuse_b__boundaries__r3/submission-3/evaluation/report.json,65eebabd4034bc33119b43f8383150fd94cbf40720817cd94b19c846847230ed,c30fea83e5a25d54296fc786e0de896bf0717e7c6b67bf47a3dc067ad72e6814
i07-operational-replication__reuse_b__boundaries__r3,reuse_b__boundaries,rejectsExcessiveName,input_rejection_policy,AssertionError: Invalid record was accepted by storeRun.,.local/iterations/i07-operational-replication/runs/i07-operational-replication__reuse_b__boundaries__r3/submission-3/evaluation/report.json,65eebabd4034bc33119b43f8383150fd94cbf40720817cd94b19c846847230ed,c30fea83e5a25d54296fc786e0de896bf0717e7c6b67bf47a3dc067ad72e6814
i07-operational-replication__generation_s__requirements__r3,generation_s__requirements,rejectsNegativeScore,input_rejection_policy,AssertionError: Invalid record was accepted by storeRun.,.local/iterations/i07-operational-replication/runs/i07-operational-replication__generation_s__requirements__r3/submission-2/evaluation/report.json,affb2eed1ec1136b2781b4732b1a9704023e39554bd74ab6b907df115d2d35e7,835b437519835aa5b12a485e7da0492862891e77986a89aab974024418c4613d
i07-operational-replication__generation_sfb__requirements__r3,generation_sfb__requirements,rejectsNegativeScore,input_rejection_policy,AssertionError: Invalid record was accepted by storeRun.,.local/iterations/i07-operational-replication/runs/i07-operational-replication__generation_sfb__requirements__r3/submission-3/evaluation/report.json,b4d4e882538048870a246adac2cac4219cfd482932c98fce14ce5e9b4e236af5,3f5b6880226c4cf808a319fb91e714d8e5cab6690286c1f24125fb4134917275
i07-operational-replication__generation_sfb__requirements__r3,generation_sfb__requirements,oversizedPhysicalLine,observed_heap_exhaustion,OutOfMemoryError: Java heap space,.local/iterations/i07-operational-replication/runs/i07-operational-replication__generation_sfb__requirements__r3/submission-3/evaluation/report.json,b4d4e882538048870a246adac2cac4219cfd482932c98fce14ce5e9b4e236af5,3f5b6880226c4cf808a319fb91e714d8e5cab6690286c1f24125fb4134917275
i07-operational-replication__reuse_b__none__r3,reuse_b__none,rejectsNegativeScore,input_rejection_policy,AssertionError: Invalid record was accepted by storeRun.,.local/iterations/i07-operational-replication/runs/i07-operational-replication__reuse_b__none__r3/submission-4/evaluation/report.json,c7fc8bf24451a108f29fc1c915ea7b19370cf57fb5925224c28470fd6d574773,2f4799faee154e7ce4100c8725c146d5a2626e7c282690894d8f23c163f803a7
i07-operational-replication__reuse_b__none__r3,reuse_b__none,rejectsNegativeTime,input_rejection_policy,AssertionError: Invalid record was accepted by storeRun.,.local/iterations/i07-operational-replication/runs/i07-operational-replication__reuse_b__none__r3/submission-4/evaluation/report.json,c7fc8bf24451a108f29fc1c915ea7b19370cf57fb5925224c28470fd6d574773,2f4799faee154e7ce4100c8725c146d5a2626e7c282690894d8f23c163f803a7
i07-operational-replication__reuse_b__none__r3,reuse_b__none,rejectsNullName,input_rejection_policy,AssertionError: Invalid record was accepted by storeRun.,.local/iterations/i07-operational-replication/runs/i07-operational-replication__reuse_b__none__r3/submission-4/evaluation/report.json,c7fc8bf24451a108f29fc1c915ea7b19370cf57fb5925224c28470fd6d574773,2f4799faee154e7ce4100c8725c146d5a2626e7c282690894d8f23c163f803a7
i07-operational-replication__reuse_b__none__r3,reuse_b__none,rejectsBlankName,input_rejection_policy,AssertionError: Invalid record was accepted by storeRun.,.local/iterations/i07-operational-replication/runs/i07-operational-replication__reuse_b__none__r3/submission-4/evaluation/report.json,c7fc8bf24451a108f29fc1c915ea7b19370cf57fb5925224c28470fd6d574773,2f4799faee154e7ce4100c8725c146d5a2626e7c282690894d8f23c163f803a7
i07-operational-replication__reuse_b__none__r3,reuse_b__none,rejectsExcessiveName,input_rejection_policy,AssertionError: Invalid record was accepted by storeRun.,.local/iterations/i07-operational-replication/runs/i07-operational-replication__reuse_b__none__r3/submission-4/evaluation/report.json,c7fc8bf24451a108f29fc1c915ea7b19370cf57fb5925224c28470fd6d574773,2f4799faee154e7ce4100c8725c146d5a2626e7c282690894d8f23c163f803a7
i07-operational-replication__reuse_b__none__r3,reuse_b__none,oversizedPhysicalLine,observed_heap_exhaustion,OutOfMemoryError: Java heap space,.local/iterations/i07-operational-replication/runs/i07-operational-replication__reuse_b__none__r3/submission-4/evaluation/report.json,c7fc8bf24451a108f29fc1c915ea7b19370cf57fb5925224c28470fd6d574773,2f4799faee154e7ce4100c8725c146d5a2626e7c282690894d8f23c163f803a7
i07-operational-replication__reuse_b__none__r3,reuse_b__none,largePersistedRecordSet,observed_heap_exhaustion,OutOfMemoryError: Java heap space,.local/iterations/i07-operational-replication/runs/i07-operational-replication__reuse_b__none__r3/submission-4/evaluation/report.json,c7fc8bf24451a108f29fc1c915ea7b19370cf57fb5925224c28470fd6d574773,2f4799faee154e7ce4100c8725c146d5a2626e7c282690894d8f23c163f803a7
i07-operational-replication__generation_sfb__operations__r3,generation_sfb__operations,rejectsNegativeScore,input_rejection_policy,AssertionError: Invalid record was accepted by storeRun.,.local/iterations/i07-operational-replication/runs/i07-operational-replication__generation_sfb__operations__r3/submission-3/evaluation/report.json,ba7bc3227416149dfdc45c7240373a893af213a2558a30433318455c198a8433,f731eea35c23072e8d08121e3fc8fbbe19aead841190f32455b200f0e11c07c1
i07-operational-replication__generation_sfb__operations__r3,generation_sfb__operations,rejectsBlankName,input_rejection_policy,AssertionError: Invalid record was accepted by storeRun.,.local/iterations/i07-operational-replication/runs/i07-operational-replication__generation_sfb__operations__r3/submission-3/evaluation/report.json,ba7bc3227416149dfdc45c7240373a893af213a2558a30433318455c198a8433,f731eea35c23072e8d08121e3fc8fbbe19aead841190f32455b200f0e11c07c1
i07-operational-replication__generation_sfb__operations__r3,generation_sfb__operations,rejectsExcessiveName,input_rejection_policy,AssertionError: Invalid record was accepted by storeRun.,.local/iterations/i07-operational-replication/runs/i07-operational-replication__generation_sfb__operations__r3/submission-3/evaluation/report.json,ba7bc3227416149dfdc45c7240373a893af213a2558a30433318455c198a8433,f731eea35c23072e8d08121e3fc8fbbe19aead841190f32455b200f0e11c07c1
i07-operational-replication__generation_sfb__operations__r3,generation_sfb__operations,oversizedPhysicalLine,observed_heap_exhaustion,OutOfMemoryError: Java heap space,.local/iterations/i07-operational-replication/runs/i07-operational-replication__generation_sfb__operations__r3/submission-3/evaluation/report.json,ba7bc3227416149dfdc45c7240373a893af213a2558a30433318455c198a8433,f731eea35c23072e8d08121e3fc8fbbe19aead841190f32455b200f0e11c07c1
i07-operational-replication__reuse_sb__boundaries__r3,reuse_sb__boundaries,rejectsNegativeScore,input_rejection_policy,AssertionError: Invalid record was accepted by storeRun.,.local/iterations/i07-operational-replication/runs/i07-operational-replication__reuse_sb__boundaries__r3/submission-2/evaluation/report.json,d93d2aba98f5b7ee1226acbd99b22377dca2324fd31eea9637cbfada2201873b,c05d2462b170dfd0b7d4b95c2c690f3d057253d183c44c241107614d068326a6
i07-operational-replication__reuse_sb__boundaries__r3,reuse_sb__boundaries,rejectsNegativeTime,input_rejection_policy,AssertionError: Invalid record was accepted by storeRun.,.local/iterations/i07-operational-replication/runs/i07-operational-replication__reuse_sb__boundaries__r3/submission-2/evaluation/report.json,d93d2aba98f5b7ee1226acbd99b22377dca2324fd31eea9637cbfada2201873b,c05d2462b170dfd0b7d4b95c2c690f3d057253d183c44c241107614d068326a6
i07-operational-replication__reuse_sb__boundaries__r3,reuse_sb__boundaries,rejectsNullName,input_rejection_policy,AssertionError: Invalid record was accepted by storeRun.,.local/iterations/i07-operational-replication/runs/i07-operational-replication__reuse_sb__boundaries__r3/submission-2/evaluation/report.json,d93d2aba98f5b7ee1226acbd99b22377dca2324fd31eea9637cbfada2201873b,c05d2462b170dfd0b7d4b95c2c690f3d057253d183c44c241107614d068326a6
i07-operational-replication__reuse_sb__boundaries__r3,reuse_sb__boundaries,rejectsBlankName,input_rejection_policy,AssertionError: Invalid record was accepted by storeRun.,.local/iterations/i07-operational-replication/runs/i07-operational-replication__reuse_sb__boundaries__r3/submission-2/evaluation/report.json,d93d2aba98f5b7ee1226acbd99b22377dca2324fd31eea9637cbfada2201873b,c05d2462b170dfd0b7d4b95c2c690f3d057253d183c44c241107614d068326a6
i07-operational-replication__reuse_sb__boundaries__r3,reuse_sb__boundaries,rejectsExcessiveName,input_rejection_policy,AssertionError: Invalid record was accepted by storeRun.,.local/iterations/i07-operational-replication/runs/i07-operational-replication__reuse_sb__boundaries__r3/submission-2/evaluation/report.json,d93d2aba98f5b7ee1226acbd99b22377dca2324fd31eea9637cbfada2201873b,c05d2462b170dfd0b7d4b95c2c690f3d057253d183c44c241107614d068326a6
i07-operational-replication__generation_s__none__r3,generation_s__none,rejectsNegativeScore,input_rejection_policy,AssertionError: Invalid record was accepted by storeRun.,.local/iterations/i07-operational-replication/runs/i07-operational-replication__generation_s__none__r3/submission-1/evaluation/report.json,4250c17a56139d51fcfa33c03ca19e866bd47f9aa279bb4ec177ca87d4775e08,ccec54fd1d91306c81c372f51e9149ccbadc4ad1c5c8e53a215182b9ad997eed
i07-operational-replication__generation_s__none__r3,generation_s__none,rejectsNegativeTime,input_rejection_policy,AssertionError: Invalid record was accepted by storeRun.,.local/iterations/i07-operational-replication/runs/i07-operational-replication__generation_s__none__r3/submission-1/evaluation/report.json,4250c17a56139d51fcfa33c03ca19e866bd47f9aa279bb4ec177ca87d4775e08,ccec54fd1d91306c81c372f51e9149ccbadc4ad1c5c8e53a215182b9ad997eed
i07-operational-replication__generation_s__none__r3,generation_s__none,rejectsNullName,input_rejection_policy,AssertionError: Invalid record was accepted by storeRun.,.local/iterations/i07-operational-replication/runs/i07-operational-replication__generation_s__none__r3/submission-1/evaluation/report.json,4250c17a56139d51fcfa33c03ca19e866bd47f9aa279bb4ec177ca87d4775e08,ccec54fd1d91306c81c372f51e9149ccbadc4ad1c5c8e53a215182b9ad997eed
i07-operational-replication__generation_s__none__r3,generation_s__none,rejectsBlankName,input_rejection_policy,AssertionError: Invalid record was accepted by storeRun.,.local/iterations/i07-operational-replication/runs/i07-operational-replication__generation_s__none__r3/submission-1/evaluation/report.json,4250c17a56139d51fcfa33c03ca19e866bd47f9aa279bb4ec177ca87d4775e08,ccec54fd1d91306c81c372f51e9149ccbadc4ad1c5c8e53a215182b9ad997eed
i07-operational-replication__generation_s__none__r3,generation_s__none,rejectsExcessiveName,input_rejection_policy,AssertionError: Invalid record was accepted by storeRun.,.local/iterations/i07-operational-replication/runs/i07-operational-replication__generation_s__none__r3/submission-1/evaluation/report.json,4250c17a56139d51fcfa33c03ca19e866bd47f9aa279bb4ec177ca87d4775e08,ccec54fd1d91306c81c372f51e9149ccbadc4ad1c5c8e53a215182b9ad997eed
i07-operational-replication__generation_s__none__r3,generation_s__none,boundsRetainedEntries,retention_threshold,AssertionError: More than 100 entries retained.,.local/iterations/i07-operational-replication/runs/i07-operational-replication__generation_s__none__r3/submission-1/evaluation/report.json,4250c17a56139d51fcfa33c03ca19e866bd47f9aa279bb4ec177ca87d4775e08,ccec54fd1d91306c81c372f51e9149ccbadc4ad1c5c8e53a215182b9ad997eed
i07-operational-replication__generation_s__none__r3,generation_s__none,oversizedPhysicalLine,observed_heap_exhaustion,OutOfMemoryError: Java heap space,.local/iterations/i07-operational-replication/runs/i07-operational-replication__generation_s__none__r3/submission-1/evaluation/report.json,4250c17a56139d51fcfa33c03ca19e866bd47f9aa279bb4ec177ca87d4775e08,ccec54fd1d91306c81c372f51e9149ccbadc4ad1c5c8e53a215182b9ad997eed
i07-operational-replication__generation_sfb__none__r3,generation_sfb__none,rejectsNegativeScore,input_rejection_policy,AssertionError: Invalid record was accepted by storeRun.,.local/iterations/i07-operational-replication/runs/i07-operational-replication__generation_sfb__none__r3/submission-1/evaluation/report.json,375c446462432e351624bb2d24d6a8a94974f3bfa93aaf8ce1084ea60ded9861,f5ee2d7b48134a47eab13710ba85ae5fb2287da280c72b0d674ed2a5b4a4b0a4
i07-operational-replication__generation_sfb__none__r3,generation_sfb__none,rejectsNegativeTime,input_rejection_policy,AssertionError: Invalid record was accepted by storeRun.,.local/iterations/i07-operational-replication/runs/i07-operational-replication__generation_sfb__none__r3/submission-1/evaluation/report.json,375c446462432e351624bb2d24d6a8a94974f3bfa93aaf8ce1084ea60ded9861,f5ee2d7b48134a47eab13710ba85ae5fb2287da280c72b0d674ed2a5b4a4b0a4
i07-operational-replication__generation_sfb__none__r3,generation_sfb__none,rejectsNullName,input_rejection_policy,AssertionError: Invalid record was accepted by storeRun.,.local/iterations/i07-operational-replication/runs/i07-operational-replication__generation_sfb__none__r3/submission-1/evaluation/report.json,375c446462432e351624bb2d24d6a8a94974f3bfa93aaf8ce1084ea60ded9861,f5ee2d7b48134a47eab13710ba85ae5fb2287da280c72b0d674ed2a5b4a4b0a4
i07-operational-replication__generation_sfb__none__r3,generation_sfb__none,rejectsBlankName,input_rejection_policy,AssertionError: Invalid record was accepted by storeRun.,.local/iterations/i07-operational-replication/runs/i07-operational-replication__generation_sfb__none__r3/submission-1/evaluation/report.json,375c446462432e351624bb2d24d6a8a94974f3bfa93aaf8ce1084ea60ded9861,f5ee2d7b48134a47eab13710ba85ae5fb2287da280c72b0d674ed2a5b4a4b0a4
i07-operational-replication__generation_sfb__none__r3,generation_sfb__none,rejectsExcessiveName,input_rejection_policy,AssertionError: Invalid record was accepted by storeRun.,.local/iterations/i07-operational-replication/runs/i07-operational-replication__generation_sfb__none__r3/submission-1/evaluation/report.json,375c446462432e351624bb2d24d6a8a94974f3bfa93aaf8ce1084ea60ded9861,f5ee2d7b48134a47eab13710ba85ae5fb2287da280c72b0d674ed2a5b4a4b0a4
i07-operational-replication__generation_sfb__none__r3,generation_sfb__none,boundsRetainedEntries,retention_threshold,AssertionError: More than 100 entries retained.,.local/iterations/i07-operational-replication/runs/i07-operational-replication__generation_sfb__none__r3/submission-1/evaluation/report.json,375c446462432e351624bb2d24d6a8a94974f3bfa93aaf8ce1084ea60ded9861,f5ee2d7b48134a47eab13710ba85ae5fb2287da280c72b0d674ed2a5b4a4b0a4
i07-operational-replication__generation_sfb__none__r3,generation_sfb__none,oversizedPhysicalLine,observed_heap_exhaustion,OutOfMemoryError: Java heap space,.local/iterations/i07-operational-replication/runs/i07-operational-replication__generation_sfb__none__r3/submission-1/evaluation/report.json,375c446462432e351624bb2d24d6a8a94974f3bfa93aaf8ce1084ea60ded9861,f5ee2d7b48134a47eab13710ba85ae5fb2287da280c72b0d674ed2a5b4a4b0a4
i07-operational-replication__generation_sfb__none__r3,generation_sfb__none,largePersistedRecordSet,observed_heap_exhaustion,OutOfMemoryError: Java heap space,.local/iterations/i07-operational-replication/runs/i07-operational-replication__generation_sfb__none__r3/submission-1/evaluation/report.json,375c446462432e351624bb2d24d6a8a94974f3bfa93aaf8ce1084ea60ded9861,f5ee2d7b48134a47eab13710ba85ae5fb2287da280c72b0d674ed2a5b4a4b0a4
i07-operational-replication__reuse_sb__operations__r3,reuse_sb__operations,rejectsNegativeScore,input_rejection_policy,AssertionError: Invalid record was accepted by storeRun.,.local/iterations/i07-operational-replication/runs/i07-operational-replication__reuse_sb__operations__r3/submission-2/evaluation/report.json,cafbdaa7333233b7b8452609ea7d47ae298479f18fdcc10ac861fe258028427f,9729f6742b94fbfcd5bf5b3c9edf66ce549f8f988637addb7fc5d2e28019f9e8
i07-operational-replication__reuse_sb__operations__r3,reuse_sb__operations,boundsRetainedEntries,retention_threshold,AssertionError: More than 100 entries retained.,.local/iterations/i07-operational-replication/runs/i07-operational-replication__reuse_sb__operations__r3/submission-2/evaluation/report.json,cafbdaa7333233b7b8452609ea7d47ae298479f18fdcc10ac861fe258028427f,9729f6742b94fbfcd5bf5b3c9edf66ce549f8f988637addb7fc5d2e28019f9e8
i07-operational-replication__generation_sfb__boundaries__r4,generation_sfb__boundaries,rejectsNegativeScore,input_rejection_policy,AssertionError: Invalid record was accepted by storeRun.,.local/iterations/i07-operational-replication/runs/i07-operational-replication__generation_sfb__boundaries__r4/submission-1/evaluation/report.json,3b6f193b87ae4de84d32843e6bc7883c5952ecae3bff4a72ffa18abc3a1fe4d4,87fbc55753cee8ed195c386849bd9e966b97c7e3e44a7067f4d656f196f0c329
i07-operational-replication__generation_sfb__boundaries__r4,generation_sfb__boundaries,rejectsNegativeTime,input_rejection_policy,AssertionError: Invalid record was accepted by storeRun.,.local/iterations/i07-operational-replication/runs/i07-operational-replication__generation_sfb__boundaries__r4/submission-1/evaluation/report.json,3b6f193b87ae4de84d32843e6bc7883c5952ecae3bff4a72ffa18abc3a1fe4d4,87fbc55753cee8ed195c386849bd9e966b97c7e3e44a7067f4d656f196f0c329
i07-operational-replication__generation_sfb__boundaries__r4,generation_sfb__boundaries,rejectsNullName,input_rejection_policy,AssertionError: Invalid record was accepted by storeRun.,.local/iterations/i07-operational-replication/runs/i07-operational-replication__generation_sfb__boundaries__r4/submission-1/evaluation/report.json,3b6f193b87ae4de84d32843e6bc7883c5952ecae3bff4a72ffa18abc3a1fe4d4,87fbc55753cee8ed195c386849bd9e966b97c7e3e44a7067f4d656f196f0c329
i07-operational-replication__generation_sfb__boundaries__r4,generation_sfb__boundaries,rejectsBlankName,input_rejection_policy,AssertionError: Invalid record was accepted by storeRun.,.local/iterations/i07-operational-replication/runs/i07-operational-replication__generation_sfb__boundaries__r4/submission-1/evaluation/report.json,3b6f193b87ae4de84d32843e6bc7883c5952ecae3bff4a72ffa18abc3a1fe4d4,87fbc55753cee8ed195c386849bd9e966b97c7e3e44a7067f4d656f196f0c329
i07-operational-replication__generation_sfb__boundaries__r4,generation_sfb__boundaries,rejectsExcessiveName,input_rejection_policy,AssertionError: Invalid record was accepted by storeRun.,.local/iterations/i07-operational-replication/runs/i07-operational-replication__generation_sfb__boundaries__r4/submission-1/evaluation/report.json,3b6f193b87ae4de84d32843e6bc7883c5952ecae3bff4a72ffa18abc3a1fe4d4,87fbc55753cee8ed195c386849bd9e966b97c7e3e44a7067f4d656f196f0c329
i07-operational-replication__generation_sfb__boundaries__r4,generation_sfb__boundaries,oversizedPhysicalLine,observed_heap_exhaustion,OutOfMemoryError: Java heap space,.local/iterations/i07-operational-replication/runs/i07-operational-replication__generation_sfb__boundaries__r4/submission-1/evaluation/report.json,3b6f193b87ae4de84d32843e6bc7883c5952ecae3bff4a72ffa18abc3a1fe4d4,87fbc55753cee8ed195c386849bd9e966b97c7e3e44a7067f4d656f196f0c329
i07-operational-replication__reuse_sb__operations__r4,reuse_sb__operations,rejectsNegativeScore,input_rejection_policy,AssertionError: Invalid record was accepted by storeRun.,.local/iterations/i07-operational-replication/runs/i07-operational-replication__reuse_sb__operations__r4/submission-3/evaluation/report.json,47ea61899a211e9e1e4db78ecc99db139ea6ca1373d30cb7c50f3110dc18a983,7b16748da190147f5b161371c791f9cee6621442854744e780064226a7c6f948
i07-operational-replication__reuse_b__boundaries__r4,reuse_b__boundaries,rejectsNullName,input_rejection_policy,AssertionError: Invalid record was accepted by storeRun.,.local/iterations/i07-operational-replication/runs/i07-operational-replication__reuse_b__boundaries__r4/submission-1/evaluation/report.json,c17ef273746e5bec1ed80e46ebfa07870161ecf069c047752bd637b9b1e20bc0,b35e04a633e15494a73a93d37da5182931d3ea4e34371ef5ff2f32a9668fdc97
i07-operational-replication__reuse_b__boundaries__r4,reuse_b__boundaries,rejectsBlankName,input_rejection_policy,AssertionError: Invalid record was accepted by storeRun.,.local/iterations/i07-operational-replication/runs/i07-operational-replication__reuse_b__boundaries__r4/submission-1/evaluation/report.json,c17ef273746e5bec1ed80e46ebfa07870161ecf069c047752bd637b9b1e20bc0,b35e04a633e15494a73a93d37da5182931d3ea4e34371ef5ff2f32a9668fdc97
i07-operational-replication__reuse_b__boundaries__r4,reuse_b__boundaries,rejectsExcessiveName,input_rejection_policy,AssertionError: Invalid record was accepted by storeRun.,.local/iterations/i07-operational-replication/runs/i07-operational-replication__reuse_b__boundaries__r4/submission-1/evaluation/report.json,c17ef273746e5bec1ed80e46ebfa07870161ecf069c047752bd637b9b1e20bc0,b35e04a633e15494a73a93d37da5182931d3ea4e34371ef5ff2f32a9668fdc97
i07-operational-replication__reuse_sb__none__r4,reuse_sb__none,rejectsNegativeScore,input_rejection_policy,AssertionError: Invalid record was accepted by storeRun.,.local/iterations/i07-operational-replication/runs/i07-operational-replication__reuse_sb__none__r4/submission-2/evaluation/report.json,c62fe30128280b927344b8cb4e677d2e1c7742e2eea45016e5c05d7bb7b2cf69,776f089f1b23509732adcadaa4888aa31b7d6eea7b5a790a6de24ce5f7e37eaa
i07-operational-replication__reuse_sb__none__r4,reuse_sb__none,rejectsNegativeTime,input_rejection_policy,AssertionError: Invalid record was accepted by storeRun.,.local/iterations/i07-operational-replication/runs/i07-operational-replication__reuse_sb__none__r4/submission-2/evaluation/report.json,c62fe30128280b927344b8cb4e677d2e1c7742e2eea45016e5c05d7bb7b2cf69,776f089f1b23509732adcadaa4888aa31b7d6eea7b5a790a6de24ce5f7e37eaa
i07-operational-replication__reuse_sb__none__r4,reuse_sb__none,rejectsNullName,input_rejection_policy,AssertionError: Invalid record was accepted by storeRun.,.local/iterations/i07-operational-replication/runs/i07-operational-replication__reuse_sb__none__r4/submission-2/evaluation/report.json,c62fe30128280b927344b8cb4e677d2e1c7742e2eea45016e5c05d7bb7b2cf69,776f089f1b23509732adcadaa4888aa31b7d6eea7b5a790a6de24ce5f7e37eaa
i07-operational-replication__reuse_sb__none__r4,reuse_sb__none,rejectsBlankName,input_rejection_policy,AssertionError: Invalid record was accepted by storeRun.,.local/iterations/i07-operational-replication/runs/i07-operational-replication__reuse_sb__none__r4/submission-2/evaluation/report.json,c62fe30128280b927344b8cb4e677d2e1c7742e2eea45016e5c05d7bb7b2cf69,776f089f1b23509732adcadaa4888aa31b7d6eea7b5a790a6de24ce5f7e37eaa
i07-operational-replication__reuse_sb__none__r4,reuse_sb__none,rejectsExcessiveName,input_rejection_policy,AssertionError: Invalid record was accepted by storeRun.,.local/iterations/i07-operational-replication/runs/i07-operational-replication__reuse_sb__none__r4/submission-2/evaluation/report.json,c62fe30128280b927344b8cb4e677d2e1c7742e2eea45016e5c05d7bb7b2cf69,776f089f1b23509732adcadaa4888aa31b7d6eea7b5a790a6de24ce5f7e37eaa
i07-operational-replication__reuse_sb__none__r4,reuse_sb__none,boundsRetainedEntries,retention_threshold,AssertionError: More than 100 entries retained.,.local/iterations/i07-operational-replication/runs/i07-operational-replication__reuse_sb__none__r4/submission-2/evaluation/report.json,c62fe30128280b927344b8cb4e677d2e1c7742e2eea45016e5c05d7bb7b2cf69,776f089f1b23509732adcadaa4888aa31b7d6eea7b5a790a6de24ce5f7e37eaa
i07-operational-replication__generation_s__operations__r4,generation_s__operations,rejectsNullName,input_rejection_policy,AssertionError: Invalid record was accepted by storeRun.,.local/iterations/i07-operational-replication/runs/i07-operational-replication__generation_s__operations__r4/submission-5/evaluation/report.json,641f4dc488cb72997b65d0c17b4467327e674e239825bb27f9adc7664471c793,14f7db1d0de6374aed4f412ba3f6e889cb38f0c2db1be701c21887d7dc7966a9
i07-operational-replication__generation_s__operations__r4,generation_s__operations,rejectsBlankName,input_rejection_policy,AssertionError: Invalid record was accepted by storeRun.,.local/iterations/i07-operational-replication/runs/i07-operational-replication__generation_s__operations__r4/submission-5/evaluation/report.json,641f4dc488cb72997b65d0c17b4467327e674e239825bb27f9adc7664471c793,14f7db1d0de6374aed4f412ba3f6e889cb38f0c2db1be701c21887d7dc7966a9
i07-operational-replication__generation_s__operations__r4,generation_s__operations,rejectsExcessiveName,input_rejection_policy,AssertionError: Invalid record was accepted by storeRun.,.local/iterations/i07-operational-replication/runs/i07-operational-replication__generation_s__operations__r4/submission-5/evaluation/report.json,641f4dc488cb72997b65d0c17b4467327e674e239825bb27f9adc7664471c793,14f7db1d0de6374aed4f412ba3f6e889cb38f0c2db1be701c21887d7dc7966a9
i07-operational-replication__reuse_sb__boundaries__r4,reuse_sb__boundaries,rejectsNegativeScore,input_rejection_policy,AssertionError: Invalid record was accepted by storeRun.,.local/iterations/i07-operational-replication/runs/i07-operational-replication__reuse_sb__boundaries__r4/submission-1/evaluation/report.json,67e70f5528d7130afd0a5b27a9e22b0b7b00399f76d0521ead0f08a1aa96e646,bf9008c6ca8b785f938fdb348ecfd940cc23d8f64b8720c279218331ae79c092
i07-operational-replication__generation_s__requirements__r4,generation_s__requirements,rejectsNegativeScore,input_rejection_policy,AssertionError: Invalid record was accepted by storeRun.,.local/iterations/i07-operational-replication/runs/i07-operational-replication__generation_s__requirements__r4/submission-4/evaluation/report.json,c652e2628a7526e823cab849ea773160900dcd91a151a803f3ba808b8ba11bd7,92b7c8001da90a956ba936cc3e17cd46af149aca63da0bad75d49e8cf3c7b241
i07-operational-replication__generation_s__requirements__r4,generation_s__requirements,rejectsExcessiveName,input_rejection_policy,AssertionError: Invalid record was accepted by storeRun.,.local/iterations/i07-operational-replication/runs/i07-operational-replication__generation_s__requirements__r4/submission-4/evaluation/report.json,c652e2628a7526e823cab849ea773160900dcd91a151a803f3ba808b8ba11bd7,92b7c8001da90a956ba936cc3e17cd46af149aca63da0bad75d49e8cf3c7b241
i07-operational-replication__generation_s__requirements__r4,generation_s__requirements,oversizedPhysicalLine,observed_heap_exhaustion,OutOfMemoryError: Java heap space,.local/iterations/i07-operational-replication/runs/i07-operational-replication__generation_s__requirements__r4/submission-4/evaluation/report.json,c652e2628a7526e823cab849ea773160900dcd91a151a803f3ba808b8ba11bd7,92b7c8001da90a956ba936cc3e17cd46af149aca63da0bad75d49e8cf3c7b241
i07-operational-replication__reuse_b__operations__r4,reuse_b__operations,rejectsExcessiveName,input_rejection_policy,AssertionError: Invalid record was accepted by storeRun.,.local/iterations/i07-operational-replication/runs/i07-operational-replication__reuse_b__operations__r4/submission-5/evaluation/report.json,7d86b1ae0e47d155bb2146b60e6031907cc429a0a7b65da7b0e0e1b2dfbd677d,401c7fb499abf9a7ebcf87018119472b62ac1e5fd6c227eaf4654af518cabda1
i07-operational-replication__generation_sfb__operations__r4,generation_sfb__operations,rejectsNegativeScore,input_rejection_policy,AssertionError: Invalid record was accepted by storeRun.,.local/iterations/i07-operational-replication/runs/i07-operational-replication__generation_sfb__operations__r4/submission-1/evaluation/report.json,3b796fe80593aef2ea027befbbe5a0e88195c798cd22b8a1e01faa7609bfd9a8,f6f79e73b4a2d57d99abacc3607d63b1b56966f459f65c671be09951736cae43
i07-operational-replication__generation_sfb__operations__r4,generation_sfb__operations,rejectsExcessiveName,input_rejection_policy,AssertionError: Invalid record was accepted by storeRun.,.local/iterations/i07-operational-replication/runs/i07-operational-replication__generation_sfb__operations__r4/submission-1/evaluation/report.json,3b796fe80593aef2ea027befbbe5a0e88195c798cd22b8a1e01faa7609bfd9a8,f6f79e73b4a2d57d99abacc3607d63b1b56966f459f65c671be09951736cae43
i07-operational-replication__generation_sfb__operations__r4,generation_sfb__operations,oversizedPhysicalLine,observed_heap_exhaustion,OutOfMemoryError: Java heap space,.local/iterations/i07-operational-replication/runs/i07-operational-replication__generation_sfb__operations__r4/submission-1/evaluation/report.json,3b796fe80593aef2ea027befbbe5a0e88195c798cd22b8a1e01faa7609bfd9a8,f6f79e73b4a2d57d99abacc3607d63b1b56966f459f65c671be09951736cae43
i07-operational-replication__generation_sfb__none__r4,generation_sfb__none,rejectsNegativeScore,input_rejection_policy,AssertionError: Invalid record was accepted by storeRun.,.local/iterations/i07-operational-replication/runs/i07-operational-replication__generation_sfb__none__r4/submission-1/evaluation/report.json,01c20db198ede245e74ffcc7c7f901ed07d236a0f0cd652b576f73067aa4acaa,c15495efc5e09ef782824286efe77b972a93b8b4ee0393719ad54b4657533a3a
i07-operational-replication__generation_sfb__none__r4,generation_sfb__none,rejectsNegativeTime,input_rejection_policy,AssertionError: Invalid record was accepted by storeRun.,.local/iterations/i07-operational-replication/runs/i07-operational-replication__generation_sfb__none__r4/submission-1/evaluation/report.json,01c20db198ede245e74ffcc7c7f901ed07d236a0f0cd652b576f73067aa4acaa,c15495efc5e09ef782824286efe77b972a93b8b4ee0393719ad54b4657533a3a
i07-operational-replication__generation_sfb__none__r4,generation_sfb__none,rejectsNullName,input_rejection_policy,AssertionError: Invalid record was accepted by storeRun.,.local/iterations/i07-operational-replication/runs/i07-operational-replication__generation_sfb__none__r4/submission-1/evaluation/report.json,01c20db198ede245e74ffcc7c7f901ed07d236a0f0cd652b576f73067aa4acaa,c15495efc5e09ef782824286efe77b972a93b8b4ee0393719ad54b4657533a3a
i07-operational-replication__generation_sfb__none__r4,generation_sfb__none,rejectsBlankName,input_rejection_policy,AssertionError: Invalid record was accepted by storeRun.,.local/iterations/i07-operational-replication/runs/i07-operational-replication__generation_sfb__none__r4/submission-1/evaluation/report.json,01c20db198ede245e74ffcc7c7f901ed07d236a0f0cd652b576f73067aa4acaa,c15495efc5e09ef782824286efe77b972a93b8b4ee0393719ad54b4657533a3a
i07-operational-replication__generation_sfb__none__r4,generation_sfb__none,rejectsExcessiveName,input_rejection_policy,AssertionError: Invalid record was accepted by storeRun.,.local/iterations/i07-operational-replication/runs/i07-operational-replication__generation_sfb__none__r4/submission-1/evaluation/report.json,01c20db198ede245e74ffcc7c7f901ed07d236a0f0cd652b576f73067aa4acaa,c15495efc5e09ef782824286efe77b972a93b8b4ee0393719ad54b4657533a3a
i07-operational-replication__generation_sfb__none__r4,generation_sfb__none,oversizedPhysicalLine,observed_heap_exhaustion,OutOfMemoryError: Java heap space,.local/iterations/i07-operational-replication/runs/i07-operational-replication__generation_sfb__none__r4/submission-1/evaluation/report.json,01c20db198ede245e74ffcc7c7f901ed07d236a0f0cd652b576f73067aa4acaa,c15495efc5e09ef782824286efe77b972a93b8b4ee0393719ad54b4657533a3a
i07-operational-replication__generation_sfb__none__r4,generation_sfb__none,largePersistedRecordSet,observed_heap_exhaustion,OutOfMemoryError: Java heap space,.local/iterations/i07-operational-replication/runs/i07-operational-replication__generation_sfb__none__r4/submission-1/evaluation/report.json,01c20db198ede245e74ffcc7c7f901ed07d236a0f0cd652b576f73067aa4acaa,c15495efc5e09ef782824286efe77b972a93b8b4ee0393719ad54b4657533a3a
i07-operational-replication__generation_s__boundaries__r4,generation_s__boundaries,rejectsNegativeScore,input_rejection_policy,AssertionError: Invalid record was accepted by storeRun.,.local/iterations/i07-operational-replication/runs/i07-operational-replication__generation_s__boundaries__r4/submission-1/evaluation/report.json,9ea96407959916e377f5f120f4284a1c8f33a5e46579c58420928332abbccc59,e72009f56b9f5eba33c7bc05738d95424f913c45f4719583e495c0352ccd3cc0
i07-operational-replication__generation_s__boundaries__r4,generation_s__boundaries,rejectsNegativeTime,input_rejection_policy,AssertionError: Invalid record was accepted by storeRun.,.local/iterations/i07-operational-replication/runs/i07-operational-replication__generation_s__boundaries__r4/submission-1/evaluation/report.json,9ea96407959916e377f5f120f4284a1c8f33a5e46579c58420928332abbccc59,e72009f56b9f5eba33c7bc05738d95424f913c45f4719583e495c0352ccd3cc0
i07-operational-replication__generation_s__boundaries__r4,generation_s__boundaries,rejectsNullName,input_rejection_policy,AssertionError: Invalid record was accepted by storeRun.,.local/iterations/i07-operational-replication/runs/i07-operational-replication__generation_s__boundaries__r4/submission-1/evaluation/report.json,9ea96407959916e377f5f120f4284a1c8f33a5e46579c58420928332abbccc59,e72009f56b9f5eba33c7bc05738d95424f913c45f4719583e495c0352ccd3cc0
i07-operational-replication__generation_s__boundaries__r4,generation_s__boundaries,rejectsBlankName,input_rejection_policy,AssertionError: Invalid record was accepted by storeRun.,.local/iterations/i07-operational-replication/runs/i07-operational-replication__generation_s__boundaries__r4/submission-1/evaluation/report.json,9ea96407959916e377f5f120f4284a1c8f33a5e46579c58420928332abbccc59,e72009f56b9f5eba33c7bc05738d95424f913c45f4719583e495c0352ccd3cc0
i07-operational-replication__generation_s__boundaries__r4,generation_s__boundaries,rejectsExcessiveName,input_rejection_policy,AssertionError: Invalid record was accepted by storeRun.,.local/iterations/i07-operational-replication/runs/i07-operational-replication__generation_s__boundaries__r4/submission-1/evaluation/report.json,9ea96407959916e377f5f120f4284a1c8f33a5e46579c58420928332abbccc59,e72009f56b9f5eba33c7bc05738d95424f913c45f4719583e495c0352ccd3cc0
i07-operational-replication__generation_s__boundaries__r4,generation_s__boundaries,oversizedPhysicalLine,observed_heap_exhaustion,OutOfMemoryError: Java heap space,.local/iterations/i07-operational-replication/runs/i07-operational-replication__generation_s__boundaries__r4/submission-1/evaluation/report.json,9ea96407959916e377f5f120f4284a1c8f33a5e46579c58420928332abbccc59,e72009f56b9f5eba33c7bc05738d95424f913c45f4719583e495c0352ccd3cc0
i07-operational-replication__generation_s__none__r4,generation_s__none,rejectsNegativeScore,input_rejection_policy,AssertionError: Invalid record was accepted by storeRun.,.local/iterations/i07-operational-replication/runs/i07-operational-replication__generation_s__none__r4/submission-4/evaluation/report.json,d17c9502496aaef76c80263a7ab4c272f913b83e6b2df79d4824c0aa907fb655,39b2be3785c81ca7b317d02c3d054cfe8dc1675918c6146057adf5253b382958
i07-operational-replication__generation_s__none__r4,generation_s__none,rejectsNegativeTime,input_rejection_policy,AssertionError: Invalid record was accepted by storeRun.,.local/iterations/i07-operational-replication/runs/i07-operational-replication__generation_s__none__r4/submission-4/evaluation/report.json,d17c9502496aaef76c80263a7ab4c272f913b83e6b2df79d4824c0aa907fb655,39b2be3785c81ca7b317d02c3d054cfe8dc1675918c6146057adf5253b382958
i07-operational-replication__generation_s__none__r4,generation_s__none,rejectsNullName,input_rejection_policy,AssertionError: Invalid record was accepted by storeRun.,.local/iterations/i07-operational-replication/runs/i07-operational-replication__generation_s__none__r4/submission-4/evaluation/report.json,d17c9502496aaef76c80263a7ab4c272f913b83e6b2df79d4824c0aa907fb655,39b2be3785c81ca7b317d02c3d054cfe8dc1675918c6146057adf5253b382958
i07-operational-replication__generation_s__none__r4,generation_s__none,rejectsBlankName,input_rejection_policy,AssertionError: Invalid record was accepted by storeRun.,.local/iterations/i07-operational-replication/runs/i07-operational-replication__generation_s__none__r4/submission-4/evaluation/report.json,d17c9502496aaef76c80263a7ab4c272f913b83e6b2df79d4824c0aa907fb655,39b2be3785c81ca7b317d02c3d054cfe8dc1675918c6146057adf5253b382958
i07-operational-replication__generation_s__none__r4,generation_s__none,rejectsExcessiveName,input_rejection_policy,AssertionError: Invalid record was accepted by storeRun.,.local/iterations/i07-operational-replication/runs/i07-operational-replication__generation_s__none__r4/submission-4/evaluation/report.json,d17c9502496aaef76c80263a7ab4c272f913b83e6b2df79d4824c0aa907fb655,39b2be3785c81ca7b317d02c3d054cfe8dc1675918c6146057adf5253b382958
i07-operational-replication__generation_s__none__r4,generation_s__none,boundsRetainedEntries,retention_threshold,AssertionError: More than 100 entries retained.,.local/iterations/i07-operational-replication/runs/i07-operational-replication__generation_s__none__r4/submission-4/evaluation/report.json,d17c9502496aaef76c80263a7ab4c272f913b83e6b2df79d4824c0aa907fb655,39b2be3785c81ca7b317d02c3d054cfe8dc1675918c6146057adf5253b382958
i07-operational-replication__generation_s__none__r4,generation_s__none,oversizedPhysicalLine,observed_heap_exhaustion,OutOfMemoryError: Java heap space,.local/iterations/i07-operational-replication/runs/i07-operational-replication__generation_s__none__r4/submission-4/evaluation/report.json,d17c9502496aaef76c80263a7ab4c272f913b83e6b2df79d4824c0aa907fb655,39b2be3785c81ca7b317d02c3d054cfe8dc1675918c6146057adf5253b382958
i07-operational-replication__generation_s__none__r4,generation_s__none,largePersistedRecordSet,observed_heap_exhaustion,OutOfMemoryError: Java heap space,.local/iterations/i07-operational-replication/runs/i07-operational-replication__generation_s__none__r4/submission-4/evaluation/report.json,d17c9502496aaef76c80263a7ab4c272f913b83e6b2df79d4824c0aa907fb655,39b2be3785c81ca7b317d02c3d054cfe8dc1675918c6146057adf5253b382958
i07-operational-replication__reuse_b__requirements__r4,reuse_b__requirements,oversizedPhysicalLine,observed_heap_exhaustion,OutOfMemoryError: Java heap space,.local/iterations/i07-operational-replication/runs/i07-operational-replication__reuse_b__requirements__r4/submission-2/evaluation/report.json,66febcc83fd584ee2761f0cd1cd3ddffb27ab8a5d1747396e42cc9a926a555e4,ed3b443d8fb8d878f28fcaf2cac8e0d8756d6ca2bebb3c50ca2662d6cb72f72e
i07-operational-replication__generation_sfb__requirements__r4,generation_sfb__requirements,rejectsNegativeScore,input_rejection_policy,AssertionError: Invalid record was accepted by storeRun.,.local/iterations/i07-operational-replication/runs/i07-operational-replication__generation_sfb__requirements__r4/submission-5/evaluation/report.json,5e5bac364169fa4b174515e2e6a9e7f1f9d631cf9e35397a519006cf064cd7f1,8e525655415c43dc982b84036aa30c9dda3de180845686b20c4af77dbda8bd20
i07-operational-replication__generation_sfb__requirements__r4,generation_sfb__requirements,oversizedPhysicalLine,observed_heap_exhaustion,OutOfMemoryError: Java heap space,.local/iterations/i07-operational-replication/runs/i07-operational-replication__generation_sfb__requirements__r4/submission-5/evaluation/report.json,5e5bac364169fa4b174515e2e6a9e7f1f9d631cf9e35397a519006cf064cd7f1,8e525655415c43dc982b84036aa30c9dda3de180845686b20c4af77dbda8bd20
i07-operational-replication__generation_sfb__requirements__r5,generation_sfb__requirements,rejectsNegativeScore,input_rejection_policy,AssertionError: Invalid record was accepted by storeRun.,.local/iterations/i07-operational-replication/runs/i07-operational-replication__generation_sfb__requirements__r5/submission-1/evaluation/report.json,94d361c25046b5db41c0c9c91d163a01776ce758f51758dbd72d19925212c8d1,4197d4c59f5e4eedcf0c81d8c25355bb96633cae55af8368f75b051c9ac9167a
i07-operational-replication__generation_sfb__requirements__r5,generation_sfb__requirements,rejectsExcessiveName,input_rejection_policy,AssertionError: Invalid record was accepted by storeRun.,.local/iterations/i07-operational-replication/runs/i07-operational-replication__generation_sfb__requirements__r5/submission-1/evaluation/report.json,94d361c25046b5db41c0c9c91d163a01776ce758f51758dbd72d19925212c8d1,4197d4c59f5e4eedcf0c81d8c25355bb96633cae55af8368f75b051c9ac9167a
i07-operational-replication__generation_sfb__requirements__r5,generation_sfb__requirements,oversizedPhysicalLine,observed_heap_exhaustion,OutOfMemoryError: Java heap space,.local/iterations/i07-operational-replication/runs/i07-operational-replication__generation_sfb__requirements__r5/submission-1/evaluation/report.json,94d361c25046b5db41c0c9c91d163a01776ce758f51758dbd72d19925212c8d1,4197d4c59f5e4eedcf0c81d8c25355bb96633cae55af8368f75b051c9ac9167a
i07-operational-replication__reuse_sb__none__r5,reuse_sb__none,rejectsNegativeScore,input_rejection_policy,AssertionError: Invalid record was accepted by storeRun.,.local/iterations/i07-operational-replication/runs/i07-operational-replication__reuse_sb__none__r5/submission-1/evaluation/report.json,df5480e91bb0cdbb5beef9a2a972dbd42e5fb8657c6bfe362fad5e7181691dc1,6e7d69f57463f79b08e5847d7e45d49c62bd352a0c88a7abd87bc568af919805
i07-operational-replication__reuse_sb__none__r5,reuse_sb__none,rejectsNegativeTime,input_rejection_policy,AssertionError: Invalid record was accepted by storeRun.,.local/iterations/i07-operational-replication/runs/i07-operational-replication__reuse_sb__none__r5/submission-1/evaluation/report.json,df5480e91bb0cdbb5beef9a2a972dbd42e5fb8657c6bfe362fad5e7181691dc1,6e7d69f57463f79b08e5847d7e45d49c62bd352a0c88a7abd87bc568af919805
i07-operational-replication__reuse_sb__none__r5,reuse_sb__none,rejectsNullName,input_rejection_policy,AssertionError: Invalid record was accepted by storeRun.,.local/iterations/i07-operational-replication/runs/i07-operational-replication__reuse_sb__none__r5/submission-1/evaluation/report.json,df5480e91bb0cdbb5beef9a2a972dbd42e5fb8657c6bfe362fad5e7181691dc1,6e7d69f57463f79b08e5847d7e45d49c62bd352a0c88a7abd87bc568af919805
i07-operational-replication__reuse_sb__none__r5,reuse_sb__none,rejectsBlankName,input_rejection_policy,AssertionError: Invalid record was accepted by storeRun.,.local/iterations/i07-operational-replication/runs/i07-operational-replication__reuse_sb__none__r5/submission-1/evaluation/report.json,df5480e91bb0cdbb5beef9a2a972dbd42e5fb8657c6bfe362fad5e7181691dc1,6e7d69f57463f79b08e5847d7e45d49c62bd352a0c88a7abd87bc568af919805
i07-operational-replication__reuse_sb__none__r5,reuse_sb__none,rejectsExcessiveName,input_rejection_policy,AssertionError: Invalid record was accepted by storeRun.,.local/iterations/i07-operational-replication/runs/i07-operational-replication__reuse_sb__none__r5/submission-1/evaluation/report.json,df5480e91bb0cdbb5beef9a2a972dbd42e5fb8657c6bfe362fad5e7181691dc1,6e7d69f57463f79b08e5847d7e45d49c62bd352a0c88a7abd87bc568af919805
i07-operational-replication__reuse_b__requirements__r5,reuse_b__requirements,oversizedPhysicalLine,observed_heap_exhaustion,OutOfMemoryError: Java heap space,.local/iterations/i07-operational-replication/runs/i07-operational-replication__reuse_b__requirements__r5/submission-4/evaluation/report.json,542dda82e3f55cf773425dacd82e152b5f4635f205728cd4763fd346de129977,9113022b1356a79e380a2762e942ee3edb575668df5d466bfd756fc1921e2633
i07-operational-replication__reuse_b__none__r5,reuse_b__none,rejectsNegativeScore,input_rejection_policy,AssertionError: Invalid record was accepted by storeRun.,.local/iterations/i07-operational-replication/runs/i07-operational-replication__reuse_b__none__r5/submission-1/evaluation/report.json,df73ad13765d555700c0b43383988ca3a4a7c5a53c1f13179c25bad3dbb9f405,83a5ff2b062926971f4ad0ca6cb069c59f77bc2818cecbf5511d8dc1ac6070af
i07-operational-replication__reuse_b__none__r5,reuse_b__none,rejectsNegativeTime,input_rejection_policy,AssertionError: Invalid record was accepted by storeRun.,.local/iterations/i07-operational-replication/runs/i07-operational-replication__reuse_b__none__r5/submission-1/evaluation/report.json,df73ad13765d555700c0b43383988ca3a4a7c5a53c1f13179c25bad3dbb9f405,83a5ff2b062926971f4ad0ca6cb069c59f77bc2818cecbf5511d8dc1ac6070af
i07-operational-replication__reuse_b__none__r5,reuse_b__none,rejectsNullName,input_rejection_policy,AssertionError: Invalid record was accepted by storeRun.,.local/iterations/i07-operational-replication/runs/i07-operational-replication__reuse_b__none__r5/submission-1/evaluation/report.json,df73ad13765d555700c0b43383988ca3a4a7c5a53c1f13179c25bad3dbb9f405,83a5ff2b062926971f4ad0ca6cb069c59f77bc2818cecbf5511d8dc1ac6070af
i07-operational-replication__reuse_b__none__r5,reuse_b__none,rejectsBlankName,input_rejection_policy,AssertionError: Invalid record was accepted by storeRun.,.local/iterations/i07-operational-replication/runs/i07-operational-replication__reuse_b__none__r5/submission-1/evaluation/report.json,df73ad13765d555700c0b43383988ca3a4a7c5a53c1f13179c25bad3dbb9f405,83a5ff2b062926971f4ad0ca6cb069c59f77bc2818cecbf5511d8dc1ac6070af
i07-operational-replication__reuse_b__none__r5,reuse_b__none,rejectsExcessiveName,input_rejection_policy,AssertionError: Invalid record was accepted by storeRun.,.local/iterations/i07-operational-replication/runs/i07-operational-replication__reuse_b__none__r5/submission-1/evaluation/report.json,df73ad13765d555700c0b43383988ca3a4a7c5a53c1f13179c25bad3dbb9f405,83a5ff2b062926971f4ad0ca6cb069c59f77bc2818cecbf5511d8dc1ac6070af
i07-operational-replication__reuse_b__none__r5,reuse_b__none,oversizedPhysicalLine,observed_heap_exhaustion,OutOfMemoryError: Java heap space,.local/iterations/i07-operational-replication/runs/i07-operational-replication__reuse_b__none__r5/submission-1/evaluation/report.json,df73ad13765d555700c0b43383988ca3a4a7c5a53c1f13179c25bad3dbb9f405,83a5ff2b062926971f4ad0ca6cb069c59f77bc2818cecbf5511d8dc1ac6070af
i07-operational-replication__reuse_b__none__r5,reuse_b__none,largePersistedRecordSet,observed_heap_exhaustion,OutOfMemoryError: Java heap space,.local/iterations/i07-operational-replication/runs/i07-operational-replication__reuse_b__none__r5/submission-1/evaluation/report.json,df73ad13765d555700c0b43383988ca3a4a7c5a53c1f13179c25bad3dbb9f405,83a5ff2b062926971f4ad0ca6cb069c59f77bc2818cecbf5511d8dc1ac6070af
i07-operational-replication__reuse_b__boundaries__r5,reuse_b__boundaries,rejectsNegativeScore,input_rejection_policy,AssertionError: Invalid record was accepted by storeRun.,.local/iterations/i07-operational-replication/runs/i07-operational-replication__reuse_b__boundaries__r5/submission-2/evaluation/report.json,bbe282ae2550f99c12b58fa9851f8f263ba2a874ef5e228987b86e5a4fed6399,568d63cb02822a8fefdb398d7b83972cc06f854846375ebeb3c32a337d691587
i07-operational-replication__reuse_b__boundaries__r5,reuse_b__boundaries,rejectsNegativeTime,input_rejection_policy,AssertionError: Invalid record was accepted by storeRun.,.local/iterations/i07-operational-replication/runs/i07-operational-replication__reuse_b__boundaries__r5/submission-2/evaluation/report.json,bbe282ae2550f99c12b58fa9851f8f263ba2a874ef5e228987b86e5a4fed6399,568d63cb02822a8fefdb398d7b83972cc06f854846375ebeb3c32a337d691587
i07-operational-replication__reuse_b__boundaries__r5,reuse_b__boundaries,rejectsNullName,input_rejection_policy,AssertionError: Invalid record was accepted by storeRun.,.local/iterations/i07-operational-replication/runs/i07-operational-replication__reuse_b__boundaries__r5/submission-2/evaluation/report.json,bbe282ae2550f99c12b58fa9851f8f263ba2a874ef5e228987b86e5a4fed6399,568d63cb02822a8fefdb398d7b83972cc06f854846375ebeb3c32a337d691587
i07-operational-replication__reuse_b__boundaries__r5,reuse_b__boundaries,rejectsBlankName,input_rejection_policy,AssertionError: Invalid record was accepted by storeRun.,.local/iterations/i07-operational-replication/runs/i07-operational-replication__reuse_b__boundaries__r5/submission-2/evaluation/report.json,bbe282ae2550f99c12b58fa9851f8f263ba2a874ef5e228987b86e5a4fed6399,568d63cb02822a8fefdb398d7b83972cc06f854846375ebeb3c32a337d691587
i07-operational-replication__reuse_b__boundaries__r5,reuse_b__boundaries,rejectsExcessiveName,input_rejection_policy,AssertionError: Invalid record was accepted by storeRun.,.local/iterations/i07-operational-replication/runs/i07-operational-replication__reuse_b__boundaries__r5/submission-2/evaluation/report.json,bbe282ae2550f99c12b58fa9851f8f263ba2a874ef5e228987b86e5a4fed6399,568d63cb02822a8fefdb398d7b83972cc06f854846375ebeb3c32a337d691587
i07-operational-replication__generation_sfb__none__r5,generation_sfb__none,rejectsNegativeScore,input_rejection_policy,AssertionError: Invalid record was accepted by storeRun.,.local/iterations/i07-operational-replication/runs/i07-operational-replication__generation_sfb__none__r5/submission-1/evaluation/report.json,1f31c6a4485a54c78a34f499ab81925a8f2432efb7d7bb456cda0df044facbee,109b3ab62f82cff894ec2c94f394033c0c2ee59a105b0cf25af4e27394419ea3
i07-operational-replication__generation_sfb__none__r5,generation_sfb__none,rejectsNegativeTime,input_rejection_policy,AssertionError: Invalid record was accepted by storeRun.,.local/iterations/i07-operational-replication/runs/i07-operational-replication__generation_sfb__none__r5/submission-1/evaluation/report.json,1f31c6a4485a54c78a34f499ab81925a8f2432efb7d7bb456cda0df044facbee,109b3ab62f82cff894ec2c94f394033c0c2ee59a105b0cf25af4e27394419ea3
i07-operational-replication__generation_sfb__none__r5,generation_sfb__none,rejectsNullName,input_rejection_policy,AssertionError: Invalid record was accepted by storeRun.,.local/iterations/i07-operational-replication/runs/i07-operational-replication__generation_sfb__none__r5/submission-1/evaluation/report.json,1f31c6a4485a54c78a34f499ab81925a8f2432efb7d7bb456cda0df044facbee,109b3ab62f82cff894ec2c94f394033c0c2ee59a105b0cf25af4e27394419ea3
i07-operational-replication__generation_sfb__none__r5,generation_sfb__none,rejectsBlankName,input_rejection_policy,AssertionError: Invalid record was accepted by storeRun.,.local/iterations/i07-operational-replication/runs/i07-operational-replication__generation_sfb__none__r5/submission-1/evaluation/report.json,1f31c6a4485a54c78a34f499ab81925a8f2432efb7d7bb456cda0df044facbee,109b3ab62f82cff894ec2c94f394033c0c2ee59a105b0cf25af4e27394419ea3
i07-operational-replication__generation_sfb__none__r5,generation_sfb__none,rejectsExcessiveName,input_rejection_policy,AssertionError: Invalid record was accepted by storeRun.,.local/iterations/i07-operational-replication/runs/i07-operational-replication__generation_sfb__none__r5/submission-1/evaluation/report.json,1f31c6a4485a54c78a34f499ab81925a8f2432efb7d7bb456cda0df044facbee,109b3ab62f82cff894ec2c94f394033c0c2ee59a105b0cf25af4e27394419ea3
i07-operational-replication__generation_sfb__none__r5,generation_sfb__none,boundsRetainedEntries,retention_threshold,AssertionError: More than 100 entries retained.,.local/iterations/i07-operational-replication/runs/i07-operational-replication__generation_sfb__none__r5/submission-1/evaluation/report.json,1f31c6a4485a54c78a34f499ab81925a8f2432efb7d7bb456cda0df044facbee,109b3ab62f82cff894ec2c94f394033c0c2ee59a105b0cf25af4e27394419ea3
i07-operational-replication__generation_sfb__none__r5,generation_sfb__none,oversizedPhysicalLine,observed_heap_exhaustion,OutOfMemoryError: Java heap space,.local/iterations/i07-operational-replication/runs/i07-operational-replication__generation_sfb__none__r5/submission-1/evaluation/report.json,1f31c6a4485a54c78a34f499ab81925a8f2432efb7d7bb456cda0df044facbee,109b3ab62f82cff894ec2c94f394033c0c2ee59a105b0cf25af4e27394419ea3
i07-operational-replication__generation_sfb__none__r5,generation_sfb__none,largePersistedRecordSet,observed_heap_exhaustion,OutOfMemoryError: Java heap space,.local/iterations/i07-operational-replication/runs/i07-operational-replication__generation_sfb__none__r5/submission-1/evaluation/report.json,1f31c6a4485a54c78a34f499ab81925a8f2432efb7d7bb456cda0df044facbee,109b3ab62f82cff894ec2c94f394033c0c2ee59a105b0cf25af4e27394419ea3
i07-operational-replication__reuse_b__operations__r5,reuse_b__operations,rejectsNegativeScore,input_rejection_policy,AssertionError: Invalid record was accepted by storeRun.,.local/iterations/i07-operational-replication/runs/i07-operational-replication__reuse_b__operations__r5/submission-4/evaluation/report.json,adaf3772cb9ce71b03df180d6bf533381231a5a69858e44b89602e5e2503eca2,1cf6afe41c62ece4b21b48ba4f0726ceb98bc0933e1ce9d6a156a6f6b387f4b2
i07-operational-replication__reuse_b__operations__r5,reuse_b__operations,boundsRetainedEntries,retention_threshold,AssertionError: More than 100 entries retained.,.local/iterations/i07-operational-replication/runs/i07-operational-replication__reuse_b__operations__r5/submission-4/evaluation/report.json,adaf3772cb9ce71b03df180d6bf533381231a5a69858e44b89602e5e2503eca2,1cf6afe41c62ece4b21b48ba4f0726ceb98bc0933e1ce9d6a156a6f6b387f4b2
i07-operational-replication__generation_s__requirements__r5,generation_s__requirements,rejectsNegativeScore,input_rejection_policy,AssertionError: Invalid record was accepted by storeRun.,.local/iterations/i07-operational-replication/runs/i07-operational-replication__generation_s__requirements__r5/submission-5/evaluation/report.json,44d1d0843b379ecf52f26f3ad3baa4302993ee810d779a8dbb06ae589bfac502,368ea04116858f83b57eda4c49ea9ff6dbdaf21b485aa60f936ca4c3150ba74a
i07-operational-replication__generation_s__requirements__r5,generation_s__requirements,rejectsExcessiveName,input_rejection_policy,AssertionError: Invalid record was accepted by storeRun.,.local/iterations/i07-operational-replication/runs/i07-operational-replication__generation_s__requirements__r5/submission-5/evaluation/report.json,44d1d0843b379ecf52f26f3ad3baa4302993ee810d779a8dbb06ae589bfac502,368ea04116858f83b57eda4c49ea9ff6dbdaf21b485aa60f936ca4c3150ba74a
i07-operational-replication__generation_s__boundaries__r5,generation_s__boundaries,rejectsNegativeScore,input_rejection_policy,AssertionError: Invalid record was accepted by storeRun.,.local/iterations/i07-operational-replication/runs/i07-operational-replication__generation_s__boundaries__r5/submission-5/evaluation/report.json,41f486bfe4285ec8a313cd3d6bf56735ea9a70164371c8f4b361adcc432af599,c5a7b7f3f194d483d2259565af99fb916aa8b2b8d91a0b112f982742309de888
i07-operational-replication__generation_s__boundaries__r5,generation_s__boundaries,rejectsNullName,input_rejection_policy,AssertionError: Invalid record was accepted by storeRun.,.local/iterations/i07-operational-replication/runs/i07-operational-replication__generation_s__boundaries__r5/submission-5/evaluation/report.json,41f486bfe4285ec8a313cd3d6bf56735ea9a70164371c8f4b361adcc432af599,c5a7b7f3f194d483d2259565af99fb916aa8b2b8d91a0b112f982742309de888
i07-operational-replication__generation_s__boundaries__r5,generation_s__boundaries,rejectsExcessiveName,input_rejection_policy,AssertionError: Invalid record was accepted by storeRun.,.local/iterations/i07-operational-replication/runs/i07-operational-replication__generation_s__boundaries__r5/submission-5/evaluation/report.json,41f486bfe4285ec8a313cd3d6bf56735ea9a70164371c8f4b361adcc432af599,c5a7b7f3f194d483d2259565af99fb916aa8b2b8d91a0b112f982742309de888
i07-operational-replication__generation_s__boundaries__r5,generation_s__boundaries,oversizedPhysicalLine,observed_heap_exhaustion,OutOfMemoryError: Java heap space,.local/iterations/i07-operational-replication/runs/i07-operational-replication__generation_s__boundaries__r5/submission-5/evaluation/report.json,41f486bfe4285ec8a313cd3d6bf56735ea9a70164371c8f4b361adcc432af599,c5a7b7f3f194d483d2259565af99fb916aa8b2b8d91a0b112f982742309de888
i07-operational-replication__reuse_sb__operations__r5,reuse_sb__operations,rejectsNegativeScore,input_rejection_policy,AssertionError: Invalid record was accepted by storeRun.,.local/iterations/i07-operational-replication/runs/i07-operational-replication__reuse_sb__operations__r5/submission-4/evaluation/report.json,cc1172fab83a4eb98473ef177566949ce75e1a000a72f25c59f97e65b27697ef,e844c5cf5432fa071a7061d441fb4ce0a9d482723b5a6f9ff5c627dff277da3c
i07-operational-replication__generation_sfb__boundaries__r5,generation_sfb__boundaries,rejectsNegativeScore,input_rejection_policy,AssertionError: Invalid record was accepted by storeRun.,.local/iterations/i07-operational-replication/runs/i07-operational-replication__generation_sfb__boundaries__r5/submission-1/evaluation/report.json,da3392e822659cec60030caa565ec8d9463f19e04b3706dfef64e1ee0698fa1f,af9c04b34ad0847803f771426ef777995c191a908833a7979f3b36be793b6dbb
i07-operational-replication__generation_sfb__boundaries__r5,generation_sfb__boundaries,rejectsNegativeTime,input_rejection_policy,AssertionError: Invalid record was accepted by storeRun.,.local/iterations/i07-operational-replication/runs/i07-operational-replication__generation_sfb__boundaries__r5/submission-1/evaluation/report.json,da3392e822659cec60030caa565ec8d9463f19e04b3706dfef64e1ee0698fa1f,af9c04b34ad0847803f771426ef777995c191a908833a7979f3b36be793b6dbb
i07-operational-replication__generation_sfb__boundaries__r5,generation_sfb__boundaries,rejectsNullName,input_rejection_policy,AssertionError: Invalid record was accepted by storeRun.,.local/iterations/i07-operational-replication/runs/i07-operational-replication__generation_sfb__boundaries__r5/submission-1/evaluation/report.json,da3392e822659cec60030caa565ec8d9463f19e04b3706dfef64e1ee0698fa1f,af9c04b34ad0847803f771426ef777995c191a908833a7979f3b36be793b6dbb
i07-operational-replication__generation_sfb__boundaries__r5,generation_sfb__boundaries,rejectsBlankName,input_rejection_policy,AssertionError: Invalid record was accepted by storeRun.,.local/iterations/i07-operational-replication/runs/i07-operational-replication__generation_sfb__boundaries__r5/submission-1/evaluation/report.json,da3392e822659cec60030caa565ec8d9463f19e04b3706dfef64e1ee0698fa1f,af9c04b34ad0847803f771426ef777995c191a908833a7979f3b36be793b6dbb
i07-operational-replication__generation_sfb__boundaries__r5,generation_sfb__boundaries,rejectsExcessiveName,input_rejection_policy,AssertionError: Invalid record was accepted by storeRun.,.local/iterations/i07-operational-replication/runs/i07-operational-replication__generation_sfb__boundaries__r5/submission-1/evaluation/report.json,da3392e822659cec60030caa565ec8d9463f19e04b3706dfef64e1ee0698fa1f,af9c04b34ad0847803f771426ef777995c191a908833a7979f3b36be793b6dbb
i07-operational-replication__generation_sfb__boundaries__r5,generation_sfb__boundaries,oversizedPhysicalLine,observed_heap_exhaustion,OutOfMemoryError: Java heap space,.local/iterations/i07-operational-replication/runs/i07-operational-replication__generation_sfb__boundaries__r5/submission-1/evaluation/report.json,da3392e822659cec60030caa565ec8d9463f19e04b3706dfef64e1ee0698fa1f,af9c04b34ad0847803f771426ef777995c191a908833a7979f3b36be793b6dbb
i07-operational-replication__generation_s__operations__r5,generation_s__operations,rejectsNegativeScore,input_rejection_policy,AssertionError: Invalid record was accepted by storeRun.,.local/iterations/i07-operational-replication/runs/i07-operational-replication__generation_s__operations__r5/submission-1/evaluation/report.json,29da580e1a56b1ded7b3b09f141c7d984a882ee5915fe1e3570388b2cb405eaf,bcb037e4cbf889cdbaaff8afffc134a84b71583968cad48823b06e53d0dbff79
i07-operational-replication__generation_s__operations__r5,generation_s__operations,rejectsNullName,input_rejection_policy,AssertionError: Invalid record was accepted by storeRun.,.local/iterations/i07-operational-replication/runs/i07-operational-replication__generation_s__operations__r5/submission-1/evaluation/report.json,29da580e1a56b1ded7b3b09f141c7d984a882ee5915fe1e3570388b2cb405eaf,bcb037e4cbf889cdbaaff8afffc134a84b71583968cad48823b06e53d0dbff79
i07-operational-replication__generation_s__operations__r5,generation_s__operations,rejectsBlankName,input_rejection_policy,AssertionError: Invalid record was accepted by storeRun.,.local/iterations/i07-operational-replication/runs/i07-operational-replication__generation_s__operations__r5/submission-1/evaluation/report.json,29da580e1a56b1ded7b3b09f141c7d984a882ee5915fe1e3570388b2cb405eaf,bcb037e4cbf889cdbaaff8afffc134a84b71583968cad48823b06e53d0dbff79
i07-operational-replication__generation_s__operations__r5,generation_s__operations,rejectsExcessiveName,input_rejection_policy,AssertionError: Invalid record was accepted by storeRun.,.local/iterations/i07-operational-replication/runs/i07-operational-replication__generation_s__operations__r5/submission-1/evaluation/report.json,29da580e1a56b1ded7b3b09f141c7d984a882ee5915fe1e3570388b2cb405eaf,bcb037e4cbf889cdbaaff8afffc134a84b71583968cad48823b06e53d0dbff79
i07-operational-replication__generation_s__operations__r5,generation_s__operations,oversizedPhysicalLine,observed_heap_exhaustion,OutOfMemoryError: Java heap space,.local/iterations/i07-operational-replication/runs/i07-operational-replication__generation_s__operations__r5/submission-1/evaluation/report.json,29da580e1a56b1ded7b3b09f141c7d984a882ee5915fe1e3570388b2cb405eaf,bcb037e4cbf889cdbaaff8afffc134a84b71583968cad48823b06e53d0dbff79
i07-operational-replication__reuse_sb__boundaries__r5,reuse_sb__boundaries,rejectsNegativeScore,input_rejection_policy,AssertionError: Invalid record was accepted by storeRun.,.local/iterations/i07-operational-replication/runs/i07-operational-replication__reuse_sb__boundaries__r5/submission-1/evaluation/report.json,11b3d7e8d03b5fbc812fff09ed034f16c92e949c947ab2d44b66df305d726bba,7f9c0b25496c5b81108e28ee6b79657d01d0a25eeacd2ed7797a2874c7fcadd2
i07-operational-replication__reuse_sb__boundaries__r5,reuse_sb__boundaries,rejectsNegativeTime,input_rejection_policy,AssertionError: Invalid record was accepted by storeRun.,.local/iterations/i07-operational-replication/runs/i07-operational-replication__reuse_sb__boundaries__r5/submission-1/evaluation/report.json,11b3d7e8d03b5fbc812fff09ed034f16c92e949c947ab2d44b66df305d726bba,7f9c0b25496c5b81108e28ee6b79657d01d0a25eeacd2ed7797a2874c7fcadd2
i07-operational-replication__reuse_sb__boundaries__r5,reuse_sb__boundaries,rejectsNullName,input_rejection_policy,AssertionError: Invalid record was accepted by storeRun.,.local/iterations/i07-operational-replication/runs/i07-operational-replication__reuse_sb__boundaries__r5/submission-1/evaluation/report.json,11b3d7e8d03b5fbc812fff09ed034f16c92e949c947ab2d44b66df305d726bba,7f9c0b25496c5b81108e28ee6b79657d01d0a25eeacd2ed7797a2874c7fcadd2
i07-operational-replication__reuse_sb__boundaries__r5,reuse_sb__boundaries,rejectsBlankName,input_rejection_policy,AssertionError: Invalid record was accepted by storeRun.,.local/iterations/i07-operational-replication/runs/i07-operational-replication__reuse_sb__boundaries__r5/submission-1/evaluation/report.json,11b3d7e8d03b5fbc812fff09ed034f16c92e949c947ab2d44b66df305d726bba,7f9c0b25496c5b81108e28ee6b79657d01d0a25eeacd2ed7797a2874c7fcadd2
i07-operational-replication__reuse_sb__boundaries__r5,reuse_sb__boundaries,rejectsExcessiveName,input_rejection_policy,AssertionError: Invalid record was accepted by storeRun.,.local/iterations/i07-operational-replication/runs/i07-operational-replication__reuse_sb__boundaries__r5/submission-1/evaluation/report.json,11b3d7e8d03b5fbc812fff09ed034f16c92e949c947ab2d44b66df305d726bba,7f9c0b25496c5b81108e28ee6b79657d01d0a25eeacd2ed7797a2874c7fcadd2
i07-operational-replication__generation_sfb__operations__r5,generation_sfb__operations,rejectsNegativeScore,input_rejection_policy,AssertionError: Invalid record was accepted by storeRun.,.local/iterations/i07-operational-replication/runs/i07-operational-replication__generation_sfb__operations__r5/submission-5/evaluation/report.json,e62ed1e0405525bf247ecb30dfa4f0f9aefba6abbe15a752f93a30cd6e4845cc,c10eecb8f0b2cf29ef91f38230db51733359cc6c61a56d8c5866c2f270c3624d
i07-operational-replication__generation_sfb__operations__r5,generation_sfb__operations,rejectsBlankName,input_rejection_policy,AssertionError: Invalid record was accepted by storeRun.,.local/iterations/i07-operational-replication/runs/i07-operational-replication__generation_sfb__operations__r5/submission-5/evaluation/report.json,e62ed1e0405525bf247ecb30dfa4f0f9aefba6abbe15a752f93a30cd6e4845cc,c10eecb8f0b2cf29ef91f38230db51733359cc6c61a56d8c5866c2f270c3624d
i07-operational-replication__generation_sfb__operations__r5,generation_sfb__operations,rejectsExcessiveName,input_rejection_policy,AssertionError: Invalid record was accepted by storeRun.,.local/iterations/i07-operational-replication/runs/i07-operational-replication__generation_sfb__operations__r5/submission-5/evaluation/report.json,e62ed1e0405525bf247ecb30dfa4f0f9aefba6abbe15a752f93a30cd6e4845cc,c10eecb8f0b2cf29ef91f38230db51733359cc6c61a56d8c5866c2f270c3624d
i07-operational-replication__generation_sfb__operations__r5,generation_sfb__operations,oversizedPhysicalLine,observed_heap_exhaustion,OutOfMemoryError: Java heap space,.local/iterations/i07-operational-replication/runs/i07-operational-replication__generation_sfb__operations__r5/submission-5/evaluation/report.json,e62ed1e0405525bf247ecb30dfa4f0f9aefba6abbe15a752f93a30cd6e4845cc,c10eecb8f0b2cf29ef91f38230db51733359cc6c61a56d8c5866c2f270c3624d
i07-operational-replication__generation_s__none__r5,generation_s__none,rejectsNegativeScore,input_rejection_policy,AssertionError: Invalid record was accepted by storeRun.,.local/iterations/i07-operational-replication/runs/i07-operational-replication__generation_s__none__r5/submission-3/evaluation/report.json,46984f4a58e694e3eab84a07f0a866846c72258d23ab7c3a7a958a45494036e9,b54015961c3576865ec37d0648fe80a63a75611646cc7bdd63c2af09e779d7e7
i07-operational-replication__generation_s__none__r5,generation_s__none,rejectsNegativeTime,input_rejection_policy,AssertionError: Invalid record was accepted by storeRun.,.local/iterations/i07-operational-replication/runs/i07-operational-replication__generation_s__none__r5/submission-3/evaluation/report.json,46984f4a58e694e3eab84a07f0a866846c72258d23ab7c3a7a958a45494036e9,b54015961c3576865ec37d0648fe80a63a75611646cc7bdd63c2af09e779d7e7
i07-operational-replication__generation_s__none__r5,generation_s__none,rejectsNullName,input_rejection_policy,AssertionError: Invalid record was accepted by storeRun.,.local/iterations/i07-operational-replication/runs/i07-operational-replication__generation_s__none__r5/submission-3/evaluation/report.json,46984f4a58e694e3eab84a07f0a866846c72258d23ab7c3a7a958a45494036e9,b54015961c3576865ec37d0648fe80a63a75611646cc7bdd63c2af09e779d7e7
i07-operational-replication__generation_s__none__r5,generation_s__none,rejectsBlankName,input_rejection_policy,AssertionError: Invalid record was accepted by storeRun.,.local/iterations/i07-operational-replication/runs/i07-operational-replication__generation_s__none__r5/submission-3/evaluation/report.json,46984f4a58e694e3eab84a07f0a866846c72258d23ab7c3a7a958a45494036e9,b54015961c3576865ec37d0648fe80a63a75611646cc7bdd63c2af09e779d7e7
i07-operational-replication__generation_s__none__r5,generation_s__none,rejectsExcessiveName,input_rejection_policy,AssertionError: Invalid record was accepted by storeRun.,.local/iterations/i07-operational-replication/runs/i07-operational-replication__generation_s__none__r5/submission-3/evaluation/report.json,46984f4a58e694e3eab84a07f0a866846c72258d23ab7c3a7a958a45494036e9,b54015961c3576865ec37d0648fe80a63a75611646cc7bdd63c2af09e779d7e7
i07-operational-replication__generation_s__none__r5,generation_s__none,boundsRetainedEntries,retention_threshold,AssertionError: More than 100 entries retained.,.local/iterations/i07-operational-replication/runs/i07-operational-replication__generation_s__none__r5/submission-3/evaluation/report.json,46984f4a58e694e3eab84a07f0a866846c72258d23ab7c3a7a958a45494036e9,b54015961c3576865ec37d0648fe80a63a75611646cc7bdd63c2af09e779d7e7
i07-operational-replication__generation_s__none__r5,generation_s__none,oversizedPhysicalLine,observed_heap_exhaustion,OutOfMemoryError: Java heap space,.local/iterations/i07-operational-replication/runs/i07-operational-replication__generation_s__none__r5/submission-3/evaluation/report.json,46984f4a58e694e3eab84a07f0a866846c72258d23ab7c3a7a958a45494036e9,b54015961c3576865ec37d0648fe80a63a75611646cc7bdd63c2af09e779d7e7
i07-operational-replication__generation_s__none__r5,generation_s__none,largePersistedRecordSet,observed_heap_exhaustion,OutOfMemoryError: Java heap space,.local/iterations/i07-operational-replication/runs/i07-operational-replication__generation_s__none__r5/submission-3/evaluation/report.json,46984f4a58e694e3eab84a07f0a866846c72258d23ab7c3a7a958a45494036e9,b54015961c3576865ec37d0648fe80a63a75611646cc7bdd63c2af09e779d7e7
